PROVIDER;DESCRIPTION;ACCOUNTID;REGION;ASSESSMENTDATE;REQUIREMENTS_ID;REQUIREMENTS_DESCRIPTION;REQUIREMENTS_ATTRIBUTES_SECTION;REQUIREMENTS_ATTRIBUTES_SUBSECTION;REQUIREMENTS_ATTRIBUTES_SUBGROUP;REQUIREMENTS_ATTRIBUTES_SERVICE;REQUIREMENTS_ATTRIBUTES_TYPE;STATUS;STATUSEXTENDED;RESOURCEID;CHECKID;MUTED;RESOURCENAME;FRAMEWORK;NAME;REQUIREMENTS_ATTRIBUTES_COMMENT
aws;The AWS Foundational Security Best Practices standard is a set of controls that detect when your deployed accounts and resources deviate from security best practices.;128529977749;eu-north-1;2026-09-01 14:00:52.311778;Account.1;This control checks if an Amazon Web Services (AWS) account has security contact information. The control fails if security contact information is not provided for the account.;Account;;;Account;;MANUAL;Login to the AWS Console. Choose your account name on the top right of the window -> My Account -> Alternate Contacts -> Security Section.;arn:aws:iam::128529977749:root;account_security_contact_information_is_registered;False;128529977749;AWS-Foundational-Security-Best-Practices;AWS Foundational Security Best Practices;
aws;The AWS Foundational Security Best Practices standard is a set of controls that detect when your deployed accounts and resources deviate from security best practices.;128529977749;eu-north-1;2026-09-01 14:00:52.311778;AutoScaling.2;This control checks whether an Auto Scaling group spans multiple Availability Zones. The control fails if an Auto Scaling group does not span multiple availability zones.;AutoScaling;;;AutoScaling;;PASS;Autoscaling group ce-capstone-asg has multiple availability zones.;arn:aws:autoscaling:eu-north-1:128529977749:autoScalingGroup:22ea5a9e-006d-4bbd-9d1a-adfce2a74d62:autoScalingGroupName/ce-capstone-asg;autoscaling_group_multiple_az;False;ce-capstone-asg;AWS-Foundational-Security-Best-Practices;AWS Foundational Security Best Practices;
aws;The AWS Foundational Security Best Practices standard is a set of controls that detect when your deployed accounts and resources deviate from security best practices.;128529977749;eu-north-1;2026-09-01 14:00:52.311778;CloudTrail.1;This control checks that there is at least one multi-Region CloudTrail trail.;CloudTrail;;;CloudTrail;;FAIL;No CloudTrail trails enabled with logging were found.;arn:aws:cloudtrail:eu-north-1:128529977749:trail;cloudtrail_multi_region_enabled;False;128529977749;AWS-Foundational-Security-Best-Practices;AWS Foundational Security Best Practices;
aws;The AWS Foundational Security Best Practices standard is a set of controls that detect when your deployed accounts and resources deviate from security best practices.;128529977749;eu-north-1;2026-09-01 14:00:52.311778;Config.1;This control checks whether AWS Config is enabled in the account for the local Region and is recording all resources. The AWS Config service performs configuration management of supported AWS resources in your account and delivers log files to you. The recorded information includes the configuration item (AWS resource), relationships between configuration items, and any configuration changes between resources.;Config;;;Config;;PASS;AWS Config recorder ce-capstone is enabled.;arn:aws:config:eu-north-1:128529977749:recorder;config_recorder_all_regions_enabled;False;ce-capstone;AWS-Foundational-Security-Best-Practices;AWS Foundational Security Best Practices;
aws;The AWS Foundational Security Best Practices standard is a set of controls that detect when your deployed accounts and resources deviate from security best practices.;128529977749;eu-north-1;2026-09-01 14:00:52.311778;DynamoDB.6;This control checks whether an Amazon DynamoDB table has deletion protection enabled. The control fails if a DynamoDB table doesn't have deletion protection enabled.;DynamoDB;;;DynamoDB;;FAIL;DynamoDB table ce-capstone-tflock does not have deletion protection enabled.;arn:aws:dynamodb:eu-north-1:128529977749:table/ce-capstone-tflock;dynamodb_table_deletion_protection_enabled;False;ce-capstone-tflock;AWS-Foundational-Security-Best-Practices;AWS Foundational Security Best Practices;
aws;The AWS Foundational Security Best Practices standard is a set of controls that detect when your deployed accounts and resources deviate from security best practices.;128529977749;eu-north-1;2026-09-01 14:00:52.311778;DynamoDB.7;This control checks whether an Amazon DynamoDB Accelerator (DAX) cluster is encrypted in transit, with the endpoint encryption type set to TLS. The control fails if the DAX cluster isn't encrypted in transit.;DynamoDB;;;DynamoDB;;FAIL;DynamoDB table ce-capstone-tflock does not have deletion protection enabled.;arn:aws:dynamodb:eu-north-1:128529977749:table/ce-capstone-tflock;dynamodb_table_deletion_protection_enabled;False;ce-capstone-tflock;AWS-Foundational-Security-Best-Practices;AWS Foundational Security Best Practices;
aws;The AWS Foundational Security Best Practices standard is a set of controls that detect when your deployed accounts and resources deviate from security best practices.;128529977749;eu-north-1;2026-09-01 14:00:52.311778;DynamoDB.6;This control checks whether an Amazon DynamoDB table has deletion protection enabled. The control fails if a DynamoDB table doesn't have deletion protection enabled.;DynamoDB;;;DynamoDB;;FAIL;DynamoDB table cicd-best-practices-app-state does not have deletion protection enabled.;arn:aws:dynamodb:eu-north-1:128529977749:table/cicd-best-practices-app-state;dynamodb_table_deletion_protection_enabled;False;cicd-best-practices-app-state;AWS-Foundational-Security-Best-Practices;AWS Foundational Security Best Practices;
aws;The AWS Foundational Security Best Practices standard is a set of controls that detect when your deployed accounts and resources deviate from security best practices.;128529977749;eu-north-1;2026-09-01 14:00:52.311778;DynamoDB.7;This control checks whether an Amazon DynamoDB Accelerator (DAX) cluster is encrypted in transit, with the endpoint encryption type set to TLS. The control fails if the DAX cluster isn't encrypted in transit.;DynamoDB;;;DynamoDB;;FAIL;DynamoDB table cicd-best-practices-app-state does not have deletion protection enabled.;arn:aws:dynamodb:eu-north-1:128529977749:table/cicd-best-practices-app-state;dynamodb_table_deletion_protection_enabled;False;cicd-best-practices-app-state;AWS-Foundational-Security-Best-Practices;AWS Foundational Security Best Practices;
aws;The AWS Foundational Security Best Practices standard is a set of controls that detect when your deployed accounts and resources deviate from security best practices.;128529977749;eu-north-1;2026-09-01 14:00:52.311778;DynamoDB.6;This control checks whether an Amazon DynamoDB table has deletion protection enabled. The control fails if a DynamoDB table doesn't have deletion protection enabled.;DynamoDB;;;DynamoDB;;FAIL;DynamoDB table terraform-state-locks does not have deletion protection enabled.;arn:aws:dynamodb:eu-north-1:128529977749:table/terraform-state-locks;dynamodb_table_deletion_protection_enabled;False;terraform-state-locks;AWS-Foundational-Security-Best-Practices;AWS Foundational Security Best Practices;
aws;The AWS Foundational Security Best Practices standard is a set of controls that detect when your deployed accounts and resources deviate from security best practices.;128529977749;eu-north-1;2026-09-01 14:00:52.311778;DynamoDB.7;This control checks whether an Amazon DynamoDB Accelerator (DAX) cluster is encrypted in transit, with the endpoint encryption type set to TLS. The control fails if the DAX cluster isn't encrypted in transit.;DynamoDB;;;DynamoDB;;FAIL;DynamoDB table terraform-state-locks does not have deletion protection enabled.;arn:aws:dynamodb:eu-north-1:128529977749:table/terraform-state-locks;dynamodb_table_deletion_protection_enabled;False;terraform-state-locks;AWS-Foundational-Security-Best-Practices;AWS Foundational Security Best Practices;
aws;The AWS Foundational Security Best Practices standard is a set of controls that detect when your deployed accounts and resources deviate from security best practices.;128529977749;eu-north-1;2026-09-01 14:00:52.311778;DynamoDB.4;This control evaluates whether an Amazon DynamoDB table in ACTIVE state is covered by a backup plan. The control fails if the DynamoDB table isn't covered by a backup plan. If you set the backupVaultLockCheck parameter equal to true, the control passes only if the DynamoDB table is backed up in an AWS Backup locked vault.;DynamoDB;;;DynamoDB;;FAIL;DynamoDB table ce-capstone-tflock is not protected by a backup plan.;arn:aws:dynamodb:eu-north-1:128529977749:table/ce-capstone-tflock;dynamodb_table_protected_by_backup_plan;False;ce-capstone-tflock;AWS-Foundational-Security-Best-Practices;AWS Foundational Security Best Practices;
aws;The AWS Foundational Security Best Practices standard is a set of controls that detect when your deployed accounts and resources deviate from security best practices.;128529977749;eu-north-1;2026-09-01 14:00:52.311778;DynamoDB.4;This control evaluates whether an Amazon DynamoDB table in ACTIVE state is covered by a backup plan. The control fails if the DynamoDB table isn't covered by a backup plan. If you set the backupVaultLockCheck parameter equal to true, the control passes only if the DynamoDB table is backed up in an AWS Backup locked vault.;DynamoDB;;;DynamoDB;;FAIL;DynamoDB table cicd-best-practices-app-state is not protected by a backup plan.;arn:aws:dynamodb:eu-north-1:128529977749:table/cicd-best-practices-app-state;dynamodb_table_protected_by_backup_plan;False;cicd-best-practices-app-state;AWS-Foundational-Security-Best-Practices;AWS Foundational Security Best Practices;
aws;The AWS Foundational Security Best Practices standard is a set of controls that detect when your deployed accounts and resources deviate from security best practices.;128529977749;eu-north-1;2026-09-01 14:00:52.311778;DynamoDB.4;This control evaluates whether an Amazon DynamoDB table in ACTIVE state is covered by a backup plan. The control fails if the DynamoDB table isn't covered by a backup plan. If you set the backupVaultLockCheck parameter equal to true, the control passes only if the DynamoDB table is backed up in an AWS Backup locked vault.;DynamoDB;;;DynamoDB;;FAIL;DynamoDB table terraform-state-locks is not protected by a backup plan.;arn:aws:dynamodb:eu-north-1:128529977749:table/terraform-state-locks;dynamodb_table_protected_by_backup_plan;False;terraform-state-locks;AWS-Foundational-Security-Best-Practices;AWS Foundational Security Best Practices;
aws;The AWS Foundational Security Best Practices standard is a set of controls that detect when your deployed accounts and resources deviate from security best practices.;128529977749;eu-north-1;2026-09-01 14:00:52.311778;DynamoDB.2;This control checks whether point-in-time recovery (PITR) is enabled for an Amazon DynamoDB table. Backups help you to recover more quickly from a security incident. They also strengthen the resilience of your systems. DynamoDB point-in-time recovery automates backups for DynamoDB tables. It reduces the time to recover from accidental delete or write operations. DynamoDB tables that have PITR enabled can be restored to any point in time in the last 35 days.;DynamoDB;;;DynamoDB;;FAIL;DynamoDB table ce-capstone-tflock does not have point-in-time recovery enabled.;arn:aws:dynamodb:eu-north-1:128529977749:table/ce-capstone-tflock;dynamodb_tables_pitr_enabled;False;ce-capstone-tflock;AWS-Foundational-Security-Best-Practices;AWS Foundational Security Best Practices;
aws;The AWS Foundational Security Best Practices standard is a set of controls that detect when your deployed accounts and resources deviate from security best practices.;128529977749;eu-north-1;2026-09-01 14:00:52.311778;DynamoDB.2;This control checks whether point-in-time recovery (PITR) is enabled for an Amazon DynamoDB table. Backups help you to recover more quickly from a security incident. They also strengthen the resilience of your systems. DynamoDB point-in-time recovery automates backups for DynamoDB tables. It reduces the time to recover from accidental delete or write operations. DynamoDB tables that have PITR enabled can be restored to any point in time in the last 35 days.;DynamoDB;;;DynamoDB;;PASS;DynamoDB table cicd-best-practices-app-state has point-in-time recovery enabled.;arn:aws:dynamodb:eu-north-1:128529977749:table/cicd-best-practices-app-state;dynamodb_tables_pitr_enabled;False;cicd-best-practices-app-state;AWS-Foundational-Security-Best-Practices;AWS Foundational Security Best Practices;
aws;The AWS Foundational Security Best Practices standard is a set of controls that detect when your deployed accounts and resources deviate from security best practices.;128529977749;eu-north-1;2026-09-01 14:00:52.311778;DynamoDB.2;This control checks whether point-in-time recovery (PITR) is enabled for an Amazon DynamoDB table. Backups help you to recover more quickly from a security incident. They also strengthen the resilience of your systems. DynamoDB point-in-time recovery automates backups for DynamoDB tables. It reduces the time to recover from accidental delete or write operations. DynamoDB tables that have PITR enabled can be restored to any point in time in the last 35 days.;DynamoDB;;;DynamoDB;;FAIL;DynamoDB table terraform-state-locks does not have point-in-time recovery enabled.;arn:aws:dynamodb:eu-north-1:128529977749:table/terraform-state-locks;dynamodb_tables_pitr_enabled;False;terraform-state-locks;AWS-Foundational-Security-Best-Practices;AWS Foundational Security Best Practices;
aws;The AWS Foundational Security Best Practices standard is a set of controls that detect when your deployed accounts and resources deviate from security best practices.;128529977749;eu-north-1;2026-09-01 14:00:52.311778;EC2.7;This control checks whether account-level encryption is enabled by default for Amazon Elastic Block Store(Amazon EBS). The control fails if the account level encryption is not enabled.;EC2;;;EC2;;PASS;EBS Default Encryption is activated.;arn:aws:ec2:eu-north-1:128529977749:volume;ec2_ebs_default_encryption;False;128529977749;AWS-Foundational-Security-Best-Practices;AWS Foundational Security Best Practices;
aws;The AWS Foundational Security Best Practices standard is a set of controls that detect when your deployed accounts and resources deviate from security best practices.;128529977749;eu-north-1;2026-09-01 14:00:52.311778;EC2.3;This control checks whether the EBS volumes that are in an attached state are encrypted. To pass this check, EBS volumes must be in use and encrypted. If the EBS volume is not attached, then it is not subject to this check.;EC2;;;EC2;;PASS;EBS Snapshot vol-0812ec15f1066c48f is encrypted.;arn:aws:ec2:eu-north-1:128529977749:volume/vol-0812ec15f1066c48f;ec2_ebs_volume_encryption;False;vol-0812ec15f1066c48f;AWS-Foundational-Security-Best-Practices;AWS Foundational Security Best Practices;
aws;The AWS Foundational Security Best Practices standard is a set of controls that detect when your deployed accounts and resources deviate from security best practices.;128529977749;eu-north-1;2026-09-01 14:00:52.311778;EC2.3;This control checks whether the EBS volumes that are in an attached state are encrypted. To pass this check, EBS volumes must be in use and encrypted. If the EBS volume is not attached, then it is not subject to this check.;EC2;;;EC2;;PASS;EBS Snapshot vol-0ca99991f5b63ba01 is encrypted.;arn:aws:ec2:eu-north-1:128529977749:volume/vol-0ca99991f5b63ba01;ec2_ebs_volume_encryption;False;vol-0ca99991f5b63ba01;AWS-Foundational-Security-Best-Practices;AWS Foundational Security Best Practices;
aws;The AWS Foundational Security Best Practices standard is a set of controls that detect when your deployed accounts and resources deviate from security best practices.;128529977749;eu-north-1;2026-09-01 14:00:52.311778;EC2.3;This control checks whether the EBS volumes that are in an attached state are encrypted. To pass this check, EBS volumes must be in use and encrypted. If the EBS volume is not attached, then it is not subject to this check.;EC2;;;EC2;;PASS;EBS Snapshot vol-06f5b66bfbfbb7a4c is encrypted.;arn:aws:ec2:eu-north-1:128529977749:volume/vol-06f5b66bfbfbb7a4c;ec2_ebs_volume_encryption;False;vol-06f5b66bfbfbb7a4c;AWS-Foundational-Security-Best-Practices;AWS Foundational Security Best Practices;
aws;The AWS Foundational Security Best Practices standard is a set of controls that detect when your deployed accounts and resources deviate from security best practices.;128529977749;eu-north-1;2026-09-01 14:00:52.311778;EC2.3;This control checks whether the EBS volumes that are in an attached state are encrypted. To pass this check, EBS volumes must be in use and encrypted. If the EBS volume is not attached, then it is not subject to this check.;EC2;;;EC2;;PASS;EBS Snapshot vol-0ffe7f0db28eafb6f is encrypted.;arn:aws:ec2:eu-north-1:128529977749:volume/vol-0ffe7f0db28eafb6f;ec2_ebs_volume_encryption;False;vol-0ffe7f0db28eafb6f;AWS-Foundational-Security-Best-Practices;AWS Foundational Security Best Practices;
aws;The AWS Foundational Security Best Practices standard is a set of controls that detect when your deployed accounts and resources deviate from security best practices.;128529977749;eu-north-1;2026-09-01 14:00:52.311778;EC2.28;This control evaluates if an Amazon EBS volume in in-use state is covered by a backup plan. The control fails if an EBS volume isn't covered by a backup plan. If you set the backupVaultLockCheck parameter equal to true, the control passes only if the EBS volume is backed up in an AWS Backup locked vault.;EC2;;;EC2;;FAIL;EBS Volume vol-0812ec15f1066c48f is not protected by a backup plan.;arn:aws:ec2:eu-north-1:128529977749:volume/vol-0812ec15f1066c48f;ec2_ebs_volume_protected_by_backup_plan;False;vol-0812ec15f1066c48f;AWS-Foundational-Security-Best-Practices;AWS Foundational Security Best Practices;
aws;The AWS Foundational Security Best Practices standard is a set of controls that detect when your deployed accounts and resources deviate from security best practices.;128529977749;eu-north-1;2026-09-01 14:00:52.311778;EC2.28;This control evaluates if an Amazon EBS volume in in-use state is covered by a backup plan. The control fails if an EBS volume isn't covered by a backup plan. If you set the backupVaultLockCheck parameter equal to true, the control passes only if the EBS volume is backed up in an AWS Backup locked vault.;EC2;;;EC2;;FAIL;EBS Volume vol-0ca99991f5b63ba01 is not protected by a backup plan.;arn:aws:ec2:eu-north-1:128529977749:volume/vol-0ca99991f5b63ba01;ec2_ebs_volume_protected_by_backup_plan;False;vol-0ca99991f5b63ba01;AWS-Foundational-Security-Best-Practices;AWS Foundational Security Best Practices;
aws;The AWS Foundational Security Best Practices standard is a set of controls that detect when your deployed accounts and resources deviate from security best practices.;128529977749;eu-north-1;2026-09-01 14:00:52.311778;EC2.28;This control evaluates if an Amazon EBS volume in in-use state is covered by a backup plan. The control fails if an EBS volume isn't covered by a backup plan. If you set the backupVaultLockCheck parameter equal to true, the control passes only if the EBS volume is backed up in an AWS Backup locked vault.;EC2;;;EC2;;FAIL;EBS Volume vol-06f5b66bfbfbb7a4c is not protected by a backup plan.;arn:aws:ec2:eu-north-1:128529977749:volume/vol-06f5b66bfbfbb7a4c;ec2_ebs_volume_protected_by_backup_plan;False;vol-06f5b66bfbfbb7a4c;AWS-Foundational-Security-Best-Practices;AWS Foundational Security Best Practices;
aws;The AWS Foundational Security Best Practices standard is a set of controls that detect when your deployed accounts and resources deviate from security best practices.;128529977749;eu-north-1;2026-09-01 14:00:52.311778;EC2.28;This control evaluates if an Amazon EBS volume in in-use state is covered by a backup plan. The control fails if an EBS volume isn't covered by a backup plan. If you set the backupVaultLockCheck parameter equal to true, the control passes only if the EBS volume is backed up in an AWS Backup locked vault.;EC2;;;EC2;;FAIL;EBS Volume vol-0ffe7f0db28eafb6f is not protected by a backup plan.;arn:aws:ec2:eu-north-1:128529977749:volume/vol-0ffe7f0db28eafb6f;ec2_ebs_volume_protected_by_backup_plan;False;vol-0ffe7f0db28eafb6f;AWS-Foundational-Security-Best-Practices;AWS Foundational Security Best Practices;
aws;The AWS Foundational Security Best Practices standard is a set of controls that detect when your deployed accounts and resources deviate from security best practices.;128529977749;eu-north-1;2026-09-01 14:00:52.311778;EC2.12;This control checks whether Elastic IP (EIP) addresses that are allocated to a VPC are attached to EC2 instances or in-use elastic network interfaces (ENIs).;EC2;;;EC2;;PASS;Elastic IP 13.48.39.152 is associated with an instance or network interface.;arn:aws:ec2:eu-north-1:128529977749:eip-allocation/eipalloc-0216717cffe154900;ec2_elastic_ip_unassigned;False;13.48.39.152;AWS-Foundational-Security-Best-Practices;AWS Foundational Security Best Practices;
aws;The AWS Foundational Security Best Practices standard is a set of controls that detect when your deployed accounts and resources deviate from security best practices.;128529977749;eu-north-1;2026-09-01 14:00:52.311778;EC2.12;This control checks whether Elastic IP (EIP) addresses that are allocated to a VPC are attached to EC2 instances or in-use elastic network interfaces (ENIs).;EC2;;;EC2;;PASS;Elastic IP 13.63.247.162 is associated with an instance or network interface.;arn:aws:ec2:eu-north-1:128529977749:eip-allocation/eipalloc-0de77f44eda12620e;ec2_elastic_ip_unassigned;False;13.63.247.162;AWS-Foundational-Security-Best-Practices;AWS Foundational Security Best Practices;
aws;The AWS Foundational Security Best Practices standard is a set of controls that detect when your deployed accounts and resources deviate from security best practices.;128529977749;eu-north-1;2026-09-01 14:00:52.311778;EC2.12;This control checks whether Elastic IP (EIP) addresses that are allocated to a VPC are attached to EC2 instances or in-use elastic network interfaces (ENIs).;EC2;;;EC2;;PASS;Elastic IP 16.192.135.235 is associated with an instance or network interface.;arn:aws:ec2:eu-north-1:128529977749:eip-allocation/eipalloc-01a7db5db2ecebc8c;ec2_elastic_ip_unassigned;False;16.192.135.235;AWS-Foundational-Security-Best-Practices;AWS Foundational Security Best Practices;
aws;The AWS Foundational Security Best Practices standard is a set of controls that detect when your deployed accounts and resources deviate from security best practices.;128529977749;eu-north-1;2026-09-01 14:00:52.311778;EC2.8;This control checks whether your EC2 instance metadata version is configured with Instance Metadata Service Version 2 (IMDSv2). The control passes if HttpTokens is set to required for IMDSv2. The control fails if HttpTokens is set to optional.;EC2;;;EC2;;PASS;EC2 Instance i-0d94a32e63f9807af has IMDSv2 enabled and required.;arn:aws:ec2:eu-north-1:128529977749:instance/i-0d94a32e63f9807af;ec2_instance_imdsv2_enabled;False;i-0d94a32e63f9807af;AWS-Foundational-Security-Best-Practices;AWS Foundational Security Best Practices;
aws;The AWS Foundational Security Best Practices standard is a set of controls that detect when your deployed accounts and resources deviate from security best practices.;128529977749;eu-north-1;2026-09-01 14:00:52.311778;EC2.8;This control checks whether your EC2 instance metadata version is configured with Instance Metadata Service Version 2 (IMDSv2). The control passes if HttpTokens is set to required for IMDSv2. The control fails if HttpTokens is set to optional.;EC2;;;EC2;;PASS;EC2 Instance i-0a1a91d21f2f18c72 has IMDSv2 enabled and required.;arn:aws:ec2:eu-north-1:128529977749:instance/i-0a1a91d21f2f18c72;ec2_instance_imdsv2_enabled;False;i-0a1a91d21f2f18c72;AWS-Foundational-Security-Best-Practices;AWS Foundational Security Best Practices;
aws;The AWS Foundational Security Best Practices standard is a set of controls that detect when your deployed accounts and resources deviate from security best practices.;128529977749;eu-north-1;2026-09-01 14:00:52.311778;EC2.8;This control checks whether your EC2 instance metadata version is configured with Instance Metadata Service Version 2 (IMDSv2). The control passes if HttpTokens is set to required for IMDSv2. The control fails if HttpTokens is set to optional.;EC2;;;EC2;;PASS;EC2 Instance i-09ff4badc7a986329 has IMDSv2 enabled and required.;arn:aws:ec2:eu-north-1:128529977749:instance/i-09ff4badc7a986329;ec2_instance_imdsv2_enabled;False;i-09ff4badc7a986329;AWS-Foundational-Security-Best-Practices;AWS Foundational Security Best Practices;
aws;The AWS Foundational Security Best Practices standard is a set of controls that detect when your deployed accounts and resources deviate from security best practices.;128529977749;eu-north-1;2026-09-01 14:00:52.311778;EC2.8;This control checks whether your EC2 instance metadata version is configured with Instance Metadata Service Version 2 (IMDSv2). The control passes if HttpTokens is set to required for IMDSv2. The control fails if HttpTokens is set to optional.;EC2;;;EC2;;PASS;EC2 Instance i-03016c8d146780b7a has IMDSv2 enabled and required.;arn:aws:ec2:eu-north-1:128529977749:instance/i-03016c8d146780b7a;ec2_instance_imdsv2_enabled;False;i-03016c8d146780b7a;AWS-Foundational-Security-Best-Practices;AWS Foundational Security Best Practices;
aws;The AWS Foundational Security Best Practices standard is a set of controls that detect when your deployed accounts and resources deviate from security best practices.;128529977749;eu-north-1;2026-09-01 14:00:52.311778;SSM.1;This control checks whether the EC2 instances in your account are managed by AWS Systems Manager. Systems Manager is an AWS service that you can use to view and control your AWS infrastructure. To help you to maintain security and compliance, Systems Manager scans your managed instances. A managed instance is a machine that is configured for use with Systems Manager. Systems Manager then reports or takes corrective action on any policy violations that it detects. Systems Manager also helps you to configure and maintain your managed instances.;SSM;;;SSM;;PASS;EC2 Instance i-0d94a32e63f9807af is managed by Systems Manager.;arn:aws:ec2:eu-north-1:128529977749:instance/i-0d94a32e63f9807af;ec2_instance_managed_by_ssm;False;i-0d94a32e63f9807af;AWS-Foundational-Security-Best-Practices;AWS Foundational Security Best Practices;
aws;The AWS Foundational Security Best Practices standard is a set of controls that detect when your deployed accounts and resources deviate from security best practices.;128529977749;eu-north-1;2026-09-01 14:00:52.311778;SSM.1;This control checks whether the EC2 instances in your account are managed by AWS Systems Manager. Systems Manager is an AWS service that you can use to view and control your AWS infrastructure. To help you to maintain security and compliance, Systems Manager scans your managed instances. A managed instance is a machine that is configured for use with Systems Manager. Systems Manager then reports or takes corrective action on any policy violations that it detects. Systems Manager also helps you to configure and maintain your managed instances.;SSM;;;SSM;;FAIL;EC2 Instance i-0a1a91d21f2f18c72 is not managed by Systems Manager.;arn:aws:ec2:eu-north-1:128529977749:instance/i-0a1a91d21f2f18c72;ec2_instance_managed_by_ssm;False;i-0a1a91d21f2f18c72;AWS-Foundational-Security-Best-Practices;AWS Foundational Security Best Practices;
aws;The AWS Foundational Security Best Practices standard is a set of controls that detect when your deployed accounts and resources deviate from security best practices.;128529977749;eu-north-1;2026-09-01 14:00:52.311778;SSM.1;This control checks whether the EC2 instances in your account are managed by AWS Systems Manager. Systems Manager is an AWS service that you can use to view and control your AWS infrastructure. To help you to maintain security and compliance, Systems Manager scans your managed instances. A managed instance is a machine that is configured for use with Systems Manager. Systems Manager then reports or takes corrective action on any policy violations that it detects. Systems Manager also helps you to configure and maintain your managed instances.;SSM;;;SSM;;PASS;EC2 Instance i-09ff4badc7a986329 is managed by Systems Manager.;arn:aws:ec2:eu-north-1:128529977749:instance/i-09ff4badc7a986329;ec2_instance_managed_by_ssm;False;i-09ff4badc7a986329;AWS-Foundational-Security-Best-Practices;AWS Foundational Security Best Practices;
aws;The AWS Foundational Security Best Practices standard is a set of controls that detect when your deployed accounts and resources deviate from security best practices.;128529977749;eu-north-1;2026-09-01 14:00:52.311778;SSM.1;This control checks whether the EC2 instances in your account are managed by AWS Systems Manager. Systems Manager is an AWS service that you can use to view and control your AWS infrastructure. To help you to maintain security and compliance, Systems Manager scans your managed instances. A managed instance is a machine that is configured for use with Systems Manager. Systems Manager then reports or takes corrective action on any policy violations that it detects. Systems Manager also helps you to configure and maintain your managed instances.;SSM;;;SSM;;PASS;EC2 Instance i-03016c8d146780b7a is managed by Systems Manager.;arn:aws:ec2:eu-north-1:128529977749:instance/i-03016c8d146780b7a;ec2_instance_managed_by_ssm;False;i-03016c8d146780b7a;AWS-Foundational-Security-Best-Practices;AWS Foundational Security Best Practices;
aws;The AWS Foundational Security Best Practices standard is a set of controls that detect when your deployed accounts and resources deviate from security best practices.;128529977749;eu-north-1;2026-09-01 14:00:52.311778;EC2.4;This control checks whether any EC2 instances have been stopped for more than the allowed number of days. An EC2 instance fails this check if it is stopped for longer than the maximum allowed time period, which by default is 30 days.;EC2;;;EC2;;PASS;EC2 Instance i-0d94a32e63f9807af is not older than 180 days (0 days).;arn:aws:ec2:eu-north-1:128529977749:instance/i-0d94a32e63f9807af;ec2_instance_older_than_specific_days;False;i-0d94a32e63f9807af;AWS-Foundational-Security-Best-Practices;AWS Foundational Security Best Practices;
aws;The AWS Foundational Security Best Practices standard is a set of controls that detect when your deployed accounts and resources deviate from security best practices.;128529977749;eu-north-1;2026-09-01 14:00:52.311778;EC2.4;This control checks whether any EC2 instances have been stopped for more than the allowed number of days. An EC2 instance fails this check if it is stopped for longer than the maximum allowed time period, which by default is 30 days.;EC2;;;EC2;;PASS;EC2 Instance i-0a1a91d21f2f18c72 is not older than 180 days (0 days).;arn:aws:ec2:eu-north-1:128529977749:instance/i-0a1a91d21f2f18c72;ec2_instance_older_than_specific_days;False;i-0a1a91d21f2f18c72;AWS-Foundational-Security-Best-Practices;AWS Foundational Security Best Practices;
aws;The AWS Foundational Security Best Practices standard is a set of controls that detect when your deployed accounts and resources deviate from security best practices.;128529977749;eu-north-1;2026-09-01 14:00:52.311778;EC2.4;This control checks whether any EC2 instances have been stopped for more than the allowed number of days. An EC2 instance fails this check if it is stopped for longer than the maximum allowed time period, which by default is 30 days.;EC2;;;EC2;;PASS;EC2 Instance i-09ff4badc7a986329 is not older than 180 days (0 days).;arn:aws:ec2:eu-north-1:128529977749:instance/i-09ff4badc7a986329;ec2_instance_older_than_specific_days;False;i-09ff4badc7a986329;AWS-Foundational-Security-Best-Practices;AWS Foundational Security Best Practices;
aws;The AWS Foundational Security Best Practices standard is a set of controls that detect when your deployed accounts and resources deviate from security best practices.;128529977749;eu-north-1;2026-09-01 14:00:52.311778;EC2.4;This control checks whether any EC2 instances have been stopped for more than the allowed number of days. An EC2 instance fails this check if it is stopped for longer than the maximum allowed time period, which by default is 30 days.;EC2;;;EC2;;PASS;EC2 Instance i-03016c8d146780b7a is not older than 180 days (0 days).;arn:aws:ec2:eu-north-1:128529977749:instance/i-03016c8d146780b7a;ec2_instance_older_than_specific_days;False;i-03016c8d146780b7a;AWS-Foundational-Security-Best-Practices;AWS Foundational Security Best Practices;
aws;The AWS Foundational Security Best Practices standard is a set of controls that detect when your deployed accounts and resources deviate from security best practices.;128529977749;eu-north-1;2026-09-01 14:00:52.311778;EC2.24;This control checks whether the virtualization type of an EC2 instance is paravirtual. The control fails if the virtualizationType of the EC2 instance is set to paravirtual.;EC2;;;EC2;;PASS;EC2 Instance i-0d94a32e63f9807af virtualization type is set to HVM.;arn:aws:ec2:eu-north-1:128529977749:instance/i-0d94a32e63f9807af;ec2_instance_paravirtual_type;False;i-0d94a32e63f9807af;AWS-Foundational-Security-Best-Practices;AWS Foundational Security Best Practices;
aws;The AWS Foundational Security Best Practices standard is a set of controls that detect when your deployed accounts and resources deviate from security best practices.;128529977749;eu-north-1;2026-09-01 14:00:52.311778;EC2.24;This control checks whether the virtualization type of an EC2 instance is paravirtual. The control fails if the virtualizationType of the EC2 instance is set to paravirtual.;EC2;;;EC2;;PASS;EC2 Instance i-0a1a91d21f2f18c72 virtualization type is set to HVM.;arn:aws:ec2:eu-north-1:128529977749:instance/i-0a1a91d21f2f18c72;ec2_instance_paravirtual_type;False;i-0a1a91d21f2f18c72;AWS-Foundational-Security-Best-Practices;AWS Foundational Security Best Practices;
aws;The AWS Foundational Security Best Practices standard is a set of controls that detect when your deployed accounts and resources deviate from security best practices.;128529977749;eu-north-1;2026-09-01 14:00:52.311778;EC2.24;This control checks whether the virtualization type of an EC2 instance is paravirtual. The control fails if the virtualizationType of the EC2 instance is set to paravirtual.;EC2;;;EC2;;PASS;EC2 Instance i-09ff4badc7a986329 virtualization type is set to HVM.;arn:aws:ec2:eu-north-1:128529977749:instance/i-09ff4badc7a986329;ec2_instance_paravirtual_type;False;i-09ff4badc7a986329;AWS-Foundational-Security-Best-Practices;AWS Foundational Security Best Practices;
aws;The AWS Foundational Security Best Practices standard is a set of controls that detect when your deployed accounts and resources deviate from security best practices.;128529977749;eu-north-1;2026-09-01 14:00:52.311778;EC2.24;This control checks whether the virtualization type of an EC2 instance is paravirtual. The control fails if the virtualizationType of the EC2 instance is set to paravirtual.;EC2;;;EC2;;PASS;EC2 Instance i-03016c8d146780b7a virtualization type is set to HVM.;arn:aws:ec2:eu-north-1:128529977749:instance/i-03016c8d146780b7a;ec2_instance_paravirtual_type;False;i-03016c8d146780b7a;AWS-Foundational-Security-Best-Practices;AWS Foundational Security Best Practices;
aws;The AWS Foundational Security Best Practices standard is a set of controls that detect when your deployed accounts and resources deviate from security best practices.;128529977749;eu-north-1;2026-09-01 14:00:52.311778;EC2.9;This control checks whether EC2 instances have a public IP address. The control fails if the publicIp field is present in the EC2 instance configuration item. This control applies to IPv4 addresses only.;EC2;;;EC2;;PASS;EC2 Instance i-0d94a32e63f9807af does not have a Public IP.;arn:aws:ec2:eu-north-1:128529977749:instance/i-0d94a32e63f9807af;ec2_instance_public_ip;False;i-0d94a32e63f9807af;AWS-Foundational-Security-Best-Practices;AWS Foundational Security Best Practices;
aws;The AWS Foundational Security Best Practices standard is a set of controls that detect when your deployed accounts and resources deviate from security best practices.;128529977749;eu-north-1;2026-09-01 14:00:52.311778;EC2.9;This control checks whether EC2 instances have a public IP address. The control fails if the publicIp field is present in the EC2 instance configuration item. This control applies to IPv4 addresses only.;EC2;;;EC2;;FAIL;EC2 Instance i-0a1a91d21f2f18c72 has a Public IP: 13.63.247.162 (ec2-13-63-247-162.eu-north-1.compute.amazonaws.com).;arn:aws:ec2:eu-north-1:128529977749:instance/i-0a1a91d21f2f18c72;ec2_instance_public_ip;False;i-0a1a91d21f2f18c72;AWS-Foundational-Security-Best-Practices;AWS Foundational Security Best Practices;
aws;The AWS Foundational Security Best Practices standard is a set of controls that detect when your deployed accounts and resources deviate from security best practices.;128529977749;eu-north-1;2026-09-01 14:00:52.311778;EC2.9;This control checks whether EC2 instances have a public IP address. The control fails if the publicIp field is present in the EC2 instance configuration item. This control applies to IPv4 addresses only.;EC2;;;EC2;;PASS;EC2 Instance i-09ff4badc7a986329 does not have a Public IP.;arn:aws:ec2:eu-north-1:128529977749:instance/i-09ff4badc7a986329;ec2_instance_public_ip;False;i-09ff4badc7a986329;AWS-Foundational-Security-Best-Practices;AWS Foundational Security Best Practices;
aws;The AWS Foundational Security Best Practices standard is a set of controls that detect when your deployed accounts and resources deviate from security best practices.;128529977749;eu-north-1;2026-09-01 14:00:52.311778;EC2.9;This control checks whether EC2 instances have a public IP address. The control fails if the publicIp field is present in the EC2 instance configuration item. This control applies to IPv4 addresses only.;EC2;;;EC2;;PASS;EC2 Instance i-03016c8d146780b7a does not have a Public IP.;arn:aws:ec2:eu-north-1:128529977749:instance/i-03016c8d146780b7a;ec2_instance_public_ip;False;i-03016c8d146780b7a;AWS-Foundational-Security-Best-Practices;AWS Foundational Security Best Practices;
aws;The AWS Foundational Security Best Practices standard is a set of controls that detect when your deployed accounts and resources deviate from security best practices.;128529977749;eu-north-1;2026-09-01 14:00:52.311778;EC2.17;This control checks whether an EC2 instance uses multiple Elastic Network Interfaces (ENIs) or Elastic Fabric Adapters (EFAs). This control passes if a single network adapter is used. The control includes an optional parameter list to identify the allowed ENIs.;EC2;;;EC2;;PASS;EC2 Instance i-0d94a32e63f9807af uses only one ENI: ( Interfaces: ['eni-0706ad747288b7741'] ).;arn:aws:ec2:eu-north-1:128529977749:instance/i-0d94a32e63f9807af;ec2_instance_uses_single_eni;False;i-0d94a32e63f9807af;AWS-Foundational-Security-Best-Practices;AWS Foundational Security Best Practices;
aws;The AWS Foundational Security Best Practices standard is a set of controls that detect when your deployed accounts and resources deviate from security best practices.;128529977749;eu-north-1;2026-09-01 14:00:52.311778;EC2.17;This control checks whether an EC2 instance uses multiple Elastic Network Interfaces (ENIs) or Elastic Fabric Adapters (EFAs). This control passes if a single network adapter is used. The control includes an optional parameter list to identify the allowed ENIs.;EC2;;;EC2;;PASS;EC2 Instance i-0a1a91d21f2f18c72 uses only one ENI: ( Interfaces: ['eni-0bc10feefd5dd9445'] ).;arn:aws:ec2:eu-north-1:128529977749:instance/i-0a1a91d21f2f18c72;ec2_instance_uses_single_eni;False;i-0a1a91d21f2f18c72;AWS-Foundational-Security-Best-Practices;AWS Foundational Security Best Practices;
aws;The AWS Foundational Security Best Practices standard is a set of controls that detect when your deployed accounts and resources deviate from security best practices.;128529977749;eu-north-1;2026-09-01 14:00:52.311778;EC2.17;This control checks whether an EC2 instance uses multiple Elastic Network Interfaces (ENIs) or Elastic Fabric Adapters (EFAs). This control passes if a single network adapter is used. The control includes an optional parameter list to identify the allowed ENIs.;EC2;;;EC2;;PASS;EC2 Instance i-09ff4badc7a986329 uses only one ENI: ( Interfaces: ['eni-08e024ade35372302'] ).;arn:aws:ec2:eu-north-1:128529977749:instance/i-09ff4badc7a986329;ec2_instance_uses_single_eni;False;i-09ff4badc7a986329;AWS-Foundational-Security-Best-Practices;AWS Foundational Security Best Practices;
aws;The AWS Foundational Security Best Practices standard is a set of controls that detect when your deployed accounts and resources deviate from security best practices.;128529977749;eu-north-1;2026-09-01 14:00:52.311778;EC2.17;This control checks whether an EC2 instance uses multiple Elastic Network Interfaces (ENIs) or Elastic Fabric Adapters (EFAs). This control passes if a single network adapter is used. The control includes an optional parameter list to identify the allowed ENIs.;EC2;;;EC2;;PASS;EC2 Instance i-03016c8d146780b7a uses only one ENI: ( Interfaces: ['eni-072bfd0dbcc13b6f4'] ).;arn:aws:ec2:eu-north-1:128529977749:instance/i-03016c8d146780b7a;ec2_instance_uses_single_eni;False;i-03016c8d146780b7a;AWS-Foundational-Security-Best-Practices;AWS Foundational Security Best Practices;
aws;The AWS Foundational Security Best Practices standard is a set of controls that detect when your deployed accounts and resources deviate from security best practices.;128529977749;eu-north-1;2026-09-01 14:00:52.311778;EC2.25;This control checks if Amazon EC2 launch templates are configured to assign public IP addresses to network interfaces upon launch. The control fails if an EC2 launch template is configured to assign a public IP address to network interfaces or if there is at least one network interface that has a public IP address.;EC2;;;EC2;;PASS;EC2 Launch Template ce-capstone-app-2026083114345595890000000a is neither configured to assign a public IP address to network interfaces upon launch nor using a network interface with public IP addresses.;arn:aws:ec2:eu-north-1:128529977749:launch-template/lt-0528ce4a2a0b21515;ec2_launch_template_no_public_ip;False;lt-0528ce4a2a0b21515;AWS-Foundational-Security-Best-Practices;AWS Foundational Security Best Practices;
aws;The AWS Foundational Security Best Practices standard is a set of controls that detect when your deployed accounts and resources deviate from security best practices.;128529977749;eu-north-1;2026-09-01 14:00:52.311778;EC2.21;This control checks if default ports for SSH/RDP ingress traffic for network access control lists (NACLs) is unrestricted. The rule fails if a NACL inbound entry allows a source CIDR block of '0.0.0.0/0' or '::/0' for ports 22 or 3389.;EC2;;;EC2;;FAIL;Network ACL acl-0d18386372b56ed7d has SSH port 22 open to the Internet.;arn:aws:ec2:eu-north-1:128529977749:network-acl/acl-0d18386372b56ed7d;ec2_networkacl_allow_ingress_tcp_port_22;False;acl-0d18386372b56ed7d;AWS-Foundational-Security-Best-Practices;AWS Foundational Security Best Practices;
aws;The AWS Foundational Security Best Practices standard is a set of controls that detect when your deployed accounts and resources deviate from security best practices.;128529977749;eu-north-1;2026-09-01 14:00:52.311778;EC2.21;This control checks if default ports for SSH/RDP ingress traffic for network access control lists (NACLs) is unrestricted. The rule fails if a NACL inbound entry allows a source CIDR block of '0.0.0.0/0' or '::/0' for ports 22 or 3389.;EC2;;;EC2;;FAIL;Network ACL acl-06b1378a61e7c5b8b has SSH port 22 open to the Internet.;arn:aws:ec2:eu-north-1:128529977749:network-acl/acl-06b1378a61e7c5b8b;ec2_networkacl_allow_ingress_tcp_port_22;False;acl-06b1378a61e7c5b8b;AWS-Foundational-Security-Best-Practices;AWS Foundational Security Best Practices;
aws;The AWS Foundational Security Best Practices standard is a set of controls that detect when your deployed accounts and resources deviate from security best practices.;128529977749;eu-north-1;2026-09-01 14:00:52.311778;EC2.21;This control checks if default ports for SSH/RDP ingress traffic for network access control lists (NACLs) is unrestricted. The rule fails if a NACL inbound entry allows a source CIDR block of '0.0.0.0/0' or '::/0' for ports 22 or 3389.;EC2;;;EC2;;FAIL;Network ACL acl-0d18386372b56ed7d has Microsoft RDP port 3389 open to the Internet.;arn:aws:ec2:eu-north-1:128529977749:network-acl/acl-0d18386372b56ed7d;ec2_networkacl_allow_ingress_tcp_port_3389;False;acl-0d18386372b56ed7d;AWS-Foundational-Security-Best-Practices;AWS Foundational Security Best Practices;
aws;The AWS Foundational Security Best Practices standard is a set of controls that detect when your deployed accounts and resources deviate from security best practices.;128529977749;eu-north-1;2026-09-01 14:00:52.311778;EC2.21;This control checks if default ports for SSH/RDP ingress traffic for network access control lists (NACLs) is unrestricted. The rule fails if a NACL inbound entry allows a source CIDR block of '0.0.0.0/0' or '::/0' for ports 22 or 3389.;EC2;;;EC2;;FAIL;Network ACL acl-06b1378a61e7c5b8b has Microsoft RDP port 3389 open to the Internet.;arn:aws:ec2:eu-north-1:128529977749:network-acl/acl-06b1378a61e7c5b8b;ec2_networkacl_allow_ingress_tcp_port_3389;False;acl-06b1378a61e7c5b8b;AWS-Foundational-Security-Best-Practices;AWS Foundational Security Best Practices;
aws;The AWS Foundational Security Best Practices standard is a set of controls that detect when your deployed accounts and resources deviate from security best practices.;128529977749;eu-north-1;2026-09-01 14:00:52.311778;EC2.19;This control checks whether unrestricted incoming traffic for the security groups is accessible to the specified ports that have the highest risk. This control passes when none of the rules in a security group allow ingress traffic from 0.0.0.0/0 for those ports.;EC2;;;EC2;;PASS;Security group ce-capstone-app-20260831143453433000000008 (sg-004d1060824dafc6d) does not have any high-risk port open to the Internet.;arn:aws:ec2:eu-north-1:128529977749:security-group/sg-004d1060824dafc6d;ec2_securitygroup_allow_ingress_from_internet_to_high_risk_tcp_ports;False;sg-004d1060824dafc6d;AWS-Foundational-Security-Best-Practices;AWS Foundational Security Best Practices;
aws;The AWS Foundational Security Best Practices standard is a set of controls that detect when your deployed accounts and resources deviate from security best practices.;128529977749;eu-north-1;2026-09-01 14:00:52.311778;EC2.19;This control checks whether unrestricted incoming traffic for the security groups is accessible to the specified ports that have the highest risk. This control passes when none of the rules in a security group allow ingress traffic from 0.0.0.0/0 for those ports.;EC2;;;EC2;;PASS;Security group ce-capstone-db-20260831143455943400000009 (sg-0ab21fe0bf7823fec) does not have any high-risk port open to the Internet.;arn:aws:ec2:eu-north-1:128529977749:security-group/sg-0ab21fe0bf7823fec;ec2_securitygroup_allow_ingress_from_internet_to_high_risk_tcp_ports;False;sg-0ab21fe0bf7823fec;AWS-Foundational-Security-Best-Practices;AWS Foundational Security Best Practices;
aws;The AWS Foundational Security Best Practices standard is a set of controls that detect when your deployed accounts and resources deviate from security best practices.;128529977749;eu-north-1;2026-09-01 14:00:52.311778;EC2.19;This control checks whether unrestricted incoming traffic for the security groups is accessible to the specified ports that have the highest risk. This control passes when none of the rules in a security group allow ingress traffic from 0.0.0.0/0 for those ports.;EC2;;;EC2;;PASS;Security group ce-capstone-alb-20260831143450720000000006 (sg-0ae6dc99a169add31) does not have any high-risk port open to the Internet.;arn:aws:ec2:eu-north-1:128529977749:security-group/sg-0ae6dc99a169add31;ec2_securitygroup_allow_ingress_from_internet_to_high_risk_tcp_ports;False;sg-0ae6dc99a169add31;AWS-Foundational-Security-Best-Practices;AWS Foundational Security Best Practices;
aws;The AWS Foundational Security Best Practices standard is a set of controls that detect when your deployed accounts and resources deviate from security best practices.;128529977749;eu-north-1;2026-09-01 14:00:52.311778;EC2.19;This control checks whether unrestricted incoming traffic for the security groups is accessible to the specified ports that have the highest risk. This control passes when none of the rules in a security group allow ingress traffic from 0.0.0.0/0 for those ports.;EC2;;;EC2;;PASS;Security group ce-capstone-nat-20260831143450716100000005 (sg-0f559018c82176a2b) does not have any high-risk port open to the Internet.;arn:aws:ec2:eu-north-1:128529977749:security-group/sg-0f559018c82176a2b;ec2_securitygroup_allow_ingress_from_internet_to_high_risk_tcp_ports;False;sg-0f559018c82176a2b;AWS-Foundational-Security-Best-Practices;AWS Foundational Security Best Practices;
aws;The AWS Foundational Security Best Practices standard is a set of controls that detect when your deployed accounts and resources deviate from security best practices.;128529977749;eu-north-1;2026-09-01 14:00:52.311778;EC2.13;This control checks whether an Amazon EC2 security group allows ingress from 0.0.0.0/0 or ::/0 to port 22. The control fails if the security group allows ingress from 0.0.0.0/0 or ::/0 to port 22.;EC2;;;EC2;;PASS;Security group ce-capstone-app-20260831143453433000000008 (sg-004d1060824dafc6d) does not have SSH port 22 open to the Internet.;arn:aws:ec2:eu-north-1:128529977749:security-group/sg-004d1060824dafc6d;ec2_securitygroup_allow_ingress_from_internet_to_tcp_port_22;False;sg-004d1060824dafc6d;AWS-Foundational-Security-Best-Practices;AWS Foundational Security Best Practices;
aws;The AWS Foundational Security Best Practices standard is a set of controls that detect when your deployed accounts and resources deviate from security best practices.;128529977749;eu-north-1;2026-09-01 14:00:52.311778;EC2.13;This control checks whether an Amazon EC2 security group allows ingress from 0.0.0.0/0 or ::/0 to port 22. The control fails if the security group allows ingress from 0.0.0.0/0 or ::/0 to port 22.;EC2;;;EC2;;PASS;Security group ce-capstone-db-20260831143455943400000009 (sg-0ab21fe0bf7823fec) does not have SSH port 22 open to the Internet.;arn:aws:ec2:eu-north-1:128529977749:security-group/sg-0ab21fe0bf7823fec;ec2_securitygroup_allow_ingress_from_internet_to_tcp_port_22;False;sg-0ab21fe0bf7823fec;AWS-Foundational-Security-Best-Practices;AWS Foundational Security Best Practices;
aws;The AWS Foundational Security Best Practices standard is a set of controls that detect when your deployed accounts and resources deviate from security best practices.;128529977749;eu-north-1;2026-09-01 14:00:52.311778;EC2.13;This control checks whether an Amazon EC2 security group allows ingress from 0.0.0.0/0 or ::/0 to port 22. The control fails if the security group allows ingress from 0.0.0.0/0 or ::/0 to port 22.;EC2;;;EC2;;PASS;Security group ce-capstone-alb-20260831143450720000000006 (sg-0ae6dc99a169add31) does not have SSH port 22 open to the Internet.;arn:aws:ec2:eu-north-1:128529977749:security-group/sg-0ae6dc99a169add31;ec2_securitygroup_allow_ingress_from_internet_to_tcp_port_22;False;sg-0ae6dc99a169add31;AWS-Foundational-Security-Best-Practices;AWS Foundational Security Best Practices;
aws;The AWS Foundational Security Best Practices standard is a set of controls that detect when your deployed accounts and resources deviate from security best practices.;128529977749;eu-north-1;2026-09-01 14:00:52.311778;EC2.13;This control checks whether an Amazon EC2 security group allows ingress from 0.0.0.0/0 or ::/0 to port 22. The control fails if the security group allows ingress from 0.0.0.0/0 or ::/0 to port 22.;EC2;;;EC2;;PASS;Security group ce-capstone-nat-20260831143450716100000005 (sg-0f559018c82176a2b) does not have SSH port 22 open to the Internet.;arn:aws:ec2:eu-north-1:128529977749:security-group/sg-0f559018c82176a2b;ec2_securitygroup_allow_ingress_from_internet_to_tcp_port_22;False;sg-0f559018c82176a2b;AWS-Foundational-Security-Best-Practices;AWS Foundational Security Best Practices;
aws;The AWS Foundational Security Best Practices standard is a set of controls that detect when your deployed accounts and resources deviate from security best practices.;128529977749;eu-north-1;2026-09-01 14:00:52.311778;EC2.14;This control checks whether an Amazon EC2 security group allows ingress from 0.0.0.0/0 or ::/0 to port 3389. The control fails if the security group allows ingress from 0.0.0.0/0 or ::/0 to port 3389.;EC2;;;EC2;;PASS;Security group ce-capstone-app-20260831143453433000000008 (sg-004d1060824dafc6d) does not have Microsoft RDP port 3389 open to the Internet.;arn:aws:ec2:eu-north-1:128529977749:security-group/sg-004d1060824dafc6d;ec2_securitygroup_allow_ingress_from_internet_to_tcp_port_3389;False;sg-004d1060824dafc6d;AWS-Foundational-Security-Best-Practices;AWS Foundational Security Best Practices;
aws;The AWS Foundational Security Best Practices standard is a set of controls that detect when your deployed accounts and resources deviate from security best practices.;128529977749;eu-north-1;2026-09-01 14:00:52.311778;EC2.14;This control checks whether an Amazon EC2 security group allows ingress from 0.0.0.0/0 or ::/0 to port 3389. The control fails if the security group allows ingress from 0.0.0.0/0 or ::/0 to port 3389.;EC2;;;EC2;;PASS;Security group ce-capstone-db-20260831143455943400000009 (sg-0ab21fe0bf7823fec) does not have Microsoft RDP port 3389 open to the Internet.;arn:aws:ec2:eu-north-1:128529977749:security-group/sg-0ab21fe0bf7823fec;ec2_securitygroup_allow_ingress_from_internet_to_tcp_port_3389;False;sg-0ab21fe0bf7823fec;AWS-Foundational-Security-Best-Practices;AWS Foundational Security Best Practices;
aws;The AWS Foundational Security Best Practices standard is a set of controls that detect when your deployed accounts and resources deviate from security best practices.;128529977749;eu-north-1;2026-09-01 14:00:52.311778;EC2.14;This control checks whether an Amazon EC2 security group allows ingress from 0.0.0.0/0 or ::/0 to port 3389. The control fails if the security group allows ingress from 0.0.0.0/0 or ::/0 to port 3389.;EC2;;;EC2;;PASS;Security group ce-capstone-alb-20260831143450720000000006 (sg-0ae6dc99a169add31) does not have Microsoft RDP port 3389 open to the Internet.;arn:aws:ec2:eu-north-1:128529977749:security-group/sg-0ae6dc99a169add31;ec2_securitygroup_allow_ingress_from_internet_to_tcp_port_3389;False;sg-0ae6dc99a169add31;AWS-Foundational-Security-Best-Practices;AWS Foundational Security Best Practices;
aws;The AWS Foundational Security Best Practices standard is a set of controls that detect when your deployed accounts and resources deviate from security best practices.;128529977749;eu-north-1;2026-09-01 14:00:52.311778;EC2.14;This control checks whether an Amazon EC2 security group allows ingress from 0.0.0.0/0 or ::/0 to port 3389. The control fails if the security group allows ingress from 0.0.0.0/0 or ::/0 to port 3389.;EC2;;;EC2;;PASS;Security group ce-capstone-nat-20260831143450716100000005 (sg-0f559018c82176a2b) does not have Microsoft RDP port 3389 open to the Internet.;arn:aws:ec2:eu-north-1:128529977749:security-group/sg-0f559018c82176a2b;ec2_securitygroup_allow_ingress_from_internet_to_tcp_port_3389;False;sg-0f559018c82176a2b;AWS-Foundational-Security-Best-Practices;AWS Foundational Security Best Practices;
aws;The AWS Foundational Security Best Practices standard is a set of controls that detect when your deployed accounts and resources deviate from security best practices.;128529977749;eu-north-1;2026-09-01 14:00:52.311778;EC2.22;This control checks if default ports for SSH/RDP ingress traffic for network access control lists (NACLs) is unrestricted. The rule fails if a NACL inbound entry allows a source CIDR block of '0.0.0.0/0' or '::/0' for ports 22 or 3389.;EC2;;;EC2;;PASS;Security group ce-capstone-app-20260831143453433000000008 (sg-004d1060824dafc6d) it is being used.;arn:aws:ec2:eu-north-1:128529977749:security-group/sg-004d1060824dafc6d;ec2_securitygroup_not_used;False;sg-004d1060824dafc6d;AWS-Foundational-Security-Best-Practices;AWS Foundational Security Best Practices;
aws;The AWS Foundational Security Best Practices standard is a set of controls that detect when your deployed accounts and resources deviate from security best practices.;128529977749;eu-north-1;2026-09-01 14:00:52.311778;EC2.22;This control checks if default ports for SSH/RDP ingress traffic for network access control lists (NACLs) is unrestricted. The rule fails if a NACL inbound entry allows a source CIDR block of '0.0.0.0/0' or '::/0' for ports 22 or 3389.;EC2;;;EC2;;PASS;Security group ce-capstone-db-20260831143455943400000009 (sg-0ab21fe0bf7823fec) it is being used.;arn:aws:ec2:eu-north-1:128529977749:security-group/sg-0ab21fe0bf7823fec;ec2_securitygroup_not_used;False;sg-0ab21fe0bf7823fec;AWS-Foundational-Security-Best-Practices;AWS Foundational Security Best Practices;
aws;The AWS Foundational Security Best Practices standard is a set of controls that detect when your deployed accounts and resources deviate from security best practices.;128529977749;eu-north-1;2026-09-01 14:00:52.311778;EC2.22;This control checks if default ports for SSH/RDP ingress traffic for network access control lists (NACLs) is unrestricted. The rule fails if a NACL inbound entry allows a source CIDR block of '0.0.0.0/0' or '::/0' for ports 22 or 3389.;EC2;;;EC2;;PASS;Security group ce-capstone-alb-20260831143450720000000006 (sg-0ae6dc99a169add31) it is being used.;arn:aws:ec2:eu-north-1:128529977749:security-group/sg-0ae6dc99a169add31;ec2_securitygroup_not_used;False;sg-0ae6dc99a169add31;AWS-Foundational-Security-Best-Practices;AWS Foundational Security Best Practices;
aws;The AWS Foundational Security Best Practices standard is a set of controls that detect when your deployed accounts and resources deviate from security best practices.;128529977749;eu-north-1;2026-09-01 14:00:52.311778;EC2.22;This control checks if default ports for SSH/RDP ingress traffic for network access control lists (NACLs) is unrestricted. The rule fails if a NACL inbound entry allows a source CIDR block of '0.0.0.0/0' or '::/0' for ports 22 or 3389.;EC2;;;EC2;;PASS;Security group ce-capstone-nat-20260831143450716100000005 (sg-0f559018c82176a2b) it is being used.;arn:aws:ec2:eu-north-1:128529977749:security-group/sg-0f559018c82176a2b;ec2_securitygroup_not_used;False;sg-0f559018c82176a2b;AWS-Foundational-Security-Best-Practices;AWS Foundational Security Best Practices;
aws;The AWS Foundational Security Best Practices standard is a set of controls that detect when your deployed accounts and resources deviate from security best practices.;128529977749;eu-north-1;2026-09-01 14:00:52.311778;EC2.22;This control checks if default ports for SSH/RDP ingress traffic for network access control lists (NACLs) is unrestricted. The rule fails if a NACL inbound entry allows a source CIDR block of '0.0.0.0/0' or '::/0' for ports 22 or 3389.;EC2;;;EC2;;PASS;Security group bastion-sg (sg-090ad9335e1412173) it is being used.;arn:aws:ec2:eu-north-1:128529977749:security-group/sg-090ad9335e1412173;ec2_securitygroup_not_used;False;sg-090ad9335e1412173;AWS-Foundational-Security-Best-Practices;AWS Foundational Security Best Practices;
aws;The AWS Foundational Security Best Practices standard is a set of controls that detect when your deployed accounts and resources deviate from security best practices.;128529977749;eu-north-1;2026-09-01 14:00:52.311778;EC2.22;This control checks if default ports for SSH/RDP ingress traffic for network access control lists (NACLs) is unrestricted. The rule fails if a NACL inbound entry allows a source CIDR block of '0.0.0.0/0' or '::/0' for ports 22 or 3389.;EC2;;;EC2;;FAIL;Security group database-gd (sg-06cf5652daa67cac7) it is not being used.;arn:aws:ec2:eu-north-1:128529977749:security-group/sg-06cf5652daa67cac7;ec2_securitygroup_not_used;False;sg-06cf5652daa67cac7;AWS-Foundational-Security-Best-Practices;AWS Foundational Security Best Practices;
aws;The AWS Foundational Security Best Practices standard is a set of controls that detect when your deployed accounts and resources deviate from security best practices.;128529977749;eu-north-1;2026-09-01 14:00:52.311778;EC2.22;This control checks if default ports for SSH/RDP ingress traffic for network access control lists (NACLs) is unrestricted. The rule fails if a NACL inbound entry allows a source CIDR block of '0.0.0.0/0' or '::/0' for ports 22 or 3389.;EC2;;;EC2;;PASS;Security group app-tier-sg (sg-0d8eee7a74124cfcf) it is being used.;arn:aws:ec2:eu-north-1:128529977749:security-group/sg-0d8eee7a74124cfcf;ec2_securitygroup_not_used;False;sg-0d8eee7a74124cfcf;AWS-Foundational-Security-Best-Practices;AWS Foundational Security Best Practices;
aws;The AWS Foundational Security Best Practices standard is a set of controls that detect when your deployed accounts and resources deviate from security best practices.;128529977749;eu-north-1;2026-09-01 14:00:52.311778;EC2.22;This control checks if default ports for SSH/RDP ingress traffic for network access control lists (NACLs) is unrestricted. The rule fails if a NACL inbound entry allows a source CIDR block of '0.0.0.0/0' or '::/0' for ports 22 or 3389.;EC2;;;EC2;;PASS;Security group web-tier-sg (sg-0e783e968e839da7f) it is being used.;arn:aws:ec2:eu-north-1:128529977749:security-group/sg-0e783e968e839da7f;ec2_securitygroup_not_used;False;sg-0e783e968e839da7f;AWS-Foundational-Security-Best-Practices;AWS Foundational Security Best Practices;
aws;The AWS Foundational Security Best Practices standard is a set of controls that detect when your deployed accounts and resources deviate from security best practices.;128529977749;eu-north-1;2026-09-01 14:00:52.311778;ELB.4;This control evaluates AWS Application Load Balancers (ALB) to ensure they are configured to drop invalid HTTP headers. The control fails if the value of routing.http.drop_invalid_header_fields.enabled is set to false. By default, ALBs are not configured to drop invalid HTTP header values. Removing these header values prevents HTTP desync attacks.;ELB;;;ELB;;PASS;ELBv2 ALB ce-capstone-alb is configured to drop invalid header fields.;arn:aws:elasticloadbalancing:eu-north-1:128529977749:loadbalancer/app/ce-capstone-alb/7edc90ef064bf2e0;elbv2_alb_drop_invalid_header_fields_enabled;False;ce-capstone-alb;AWS-Foundational-Security-Best-Practices;AWS Foundational Security Best Practices;
aws;The AWS Foundational Security Best Practices standard is a set of controls that detect when your deployed accounts and resources deviate from security best practices.;128529977749;eu-north-1;2026-09-01 14:00:52.311778;ELB.6;This control checks whether an Application Load Balancer has deletion protection enabled. The control fails if deletion protection is not configured. Enable deletion protection to protect your Application Load Balancer from deletion.;ELB;;;ELB;;FAIL;ELBv2 ce-capstone-alb does not have deletion protection enabled.;arn:aws:elasticloadbalancing:eu-north-1:128529977749:loadbalancer/app/ce-capstone-alb/7edc90ef064bf2e0;elbv2_deletion_protection;False;ce-capstone-alb;AWS-Foundational-Security-Best-Practices;AWS Foundational Security Best Practices;
aws;The AWS Foundational Security Best Practices standard is a set of controls that detect when your deployed accounts and resources deviate from security best practices.;128529977749;eu-north-1;2026-09-01 14:00:52.311778;ELB.12;This control checks whether an Application Load Balancer is configured with defensive or strictest desync mitigation mode. The control fails if an Application Load Balancer is not configured with defensive or strictest desync mitigation mode.;ELB;;;ELB;;PASS;ELBv2 ALB ce-capstone-alb is configured with correct desync mitigation mode.;arn:aws:elasticloadbalancing:eu-north-1:128529977749:loadbalancer/app/ce-capstone-alb/7edc90ef064bf2e0;elbv2_desync_mitigation_mode;False;ce-capstone-alb;AWS-Foundational-Security-Best-Practices;AWS Foundational Security Best Practices;
aws;The AWS Foundational Security Best Practices standard is a set of controls that detect when your deployed accounts and resources deviate from security best practices.;128529977749;eu-north-1;2026-09-01 14:00:52.311778;ELB.13;This control checks whether an Elastic Load Balancer V2 (Application, Network, or Gateway Load Balancer) has registered instances from multiple Availability Zones. The control fails if an Elastic Load Balancer V2 has instances registered in fewer than two Availability Zones.;ELB;;;ELB;;PASS;ELBv2 ce-capstone-alb is at least in 2 AZs: eu-north-1a, eu-north-1b.;arn:aws:elasticloadbalancing:eu-north-1:128529977749:loadbalancer/app/ce-capstone-alb/7edc90ef064bf2e0;elbv2_is_in_multiple_az;False;ce-capstone-alb;AWS-Foundational-Security-Best-Practices;AWS Foundational Security Best Practices;
aws;The AWS Foundational Security Best Practices standard is a set of controls that detect when your deployed accounts and resources deviate from security best practices.;128529977749;eu-north-1;2026-09-01 14:00:52.311778;ELB.5;This control checks whether the Application Load Balancer and the Classic Load Balancer have logging enabled. The control fails if access_logs.s3.enabled is false.;ELB;;;ELB;;FAIL;ELBv2 ALB ce-capstone-alb does not have access logs configured.;arn:aws:elasticloadbalancing:eu-north-1:128529977749:loadbalancer/app/ce-capstone-alb/7edc90ef064bf2e0;elbv2_logging_enabled;False;ce-capstone-alb;AWS-Foundational-Security-Best-Practices;AWS Foundational Security Best Practices;
aws;The AWS Foundational Security Best Practices standard is a set of controls that detect when your deployed accounts and resources deviate from security best practices.;128529977749;eu-north-1;2026-09-01 14:00:52.311778;ELB.1;This control checks whether HTTP to HTTPS redirection is configured on all HTTP listeners of Application Load Balancers. The control fails if any of the HTTP listeners of Application Load Balancers do not have HTTP to HTTPS redirection configured.;ELB;;;ELB;;FAIL;ELBv2 ALB ce-capstone-alb has non-encrypted listeners.;arn:aws:elasticloadbalancing:eu-north-1:128529977749:loadbalancer/app/ce-capstone-alb/7edc90ef064bf2e0;elbv2_ssl_listeners;False;ce-capstone-alb;AWS-Foundational-Security-Best-Practices;AWS Foundational Security Best Practices;
aws;The AWS Foundational Security Best Practices standard is a set of controls that detect when your deployed accounts and resources deviate from security best practices.;128529977749;eu-north-1;2026-09-01 14:00:52.311778;ELB.16;This control checks whether an Application Load Balancer is associated with an AWS WAF Classic or AWS WAF web access control list (web ACL). The control fails if the Enabled field for the AWS WAF configuration is set to false.;ELB;;;ELB;;FAIL;ELBv2 ALB ce-capstone-alb is not protected by WAF Web ACL.;arn:aws:elasticloadbalancing:eu-north-1:128529977749:loadbalancer/app/ce-capstone-alb/7edc90ef064bf2e0;elbv2_waf_acl_attached;False;ce-capstone-alb;AWS-Foundational-Security-Best-Practices;AWS Foundational Security Best Practices;
aws;The AWS Foundational Security Best Practices standard is a set of controls that detect when your deployed accounts and resources deviate from security best practices.;128529977749;eu-north-1;2026-09-01 14:00:52.311778;IAM.1;This control checks whether the default version of IAM policies (also known as customer managed policies) has administrator access that includes a statement with 'Effect': 'Allow' with 'Action': '*' over 'Resource': '*'. The control only checks the customer managed policies that you create. It does not check inline and AWS managed policies.;IAM;;;IAM;;PASS;AWS policy CloudWatchAgentServerPolicy is attached but does not allow '*:*' administrative privileges.;arn:aws:iam::aws:policy/CloudWatchAgentServerPolicy;iam_aws_attached_policy_no_administrative_privileges;False;CloudWatchAgentServerPolicy;AWS-Foundational-Security-Best-Practices;AWS Foundational Security Best Practices;
aws;The AWS Foundational Security Best Practices standard is a set of controls that detect when your deployed accounts and resources deviate from security best practices.;128529977749;eu-north-1;2026-09-01 14:00:52.311778;IAM.1;This control checks whether the default version of IAM policies (also known as customer managed policies) has administrator access that includes a statement with 'Effect': 'Allow' with 'Action': '*' over 'Resource': '*'. The control only checks the customer managed policies that you create. It does not check inline and AWS managed policies.;IAM;;;IAM;;PASS;AWS policy AmazonEC2ReadOnlyAccess is attached but does not allow '*:*' administrative privileges.;arn:aws:iam::aws:policy/AmazonEC2ReadOnlyAccess;iam_aws_attached_policy_no_administrative_privileges;False;AmazonEC2ReadOnlyAccess;AWS-Foundational-Security-Best-Practices;AWS Foundational Security Best Practices;
aws;The AWS Foundational Security Best Practices standard is a set of controls that detect when your deployed accounts and resources deviate from security best practices.;128529977749;eu-north-1;2026-09-01 14:00:52.311778;IAM.1;This control checks whether the default version of IAM policies (also known as customer managed policies) has administrator access that includes a statement with 'Effect': 'Allow' with 'Action': '*' over 'Resource': '*'. The control only checks the customer managed policies that you create. It does not check inline and AWS managed policies.;IAM;;;IAM;;PASS;AWS policy AmazonSSMManagedInstanceCore is attached but does not allow '*:*' administrative privileges.;arn:aws:iam::aws:policy/AmazonSSMManagedInstanceCore;iam_aws_attached_policy_no_administrative_privileges;False;AmazonSSMManagedInstanceCore;AWS-Foundational-Security-Best-Practices;AWS Foundational Security Best Practices;
aws;The AWS Foundational Security Best Practices standard is a set of controls that detect when your deployed accounts and resources deviate from security best practices.;128529977749;eu-north-1;2026-09-01 14:00:52.311778;IAM.1;This control checks whether the default version of IAM policies (also known as customer managed policies) has administrator access that includes a statement with 'Effect': 'Allow' with 'Action': '*' over 'Resource': '*'. The control only checks the customer managed policies that you create. It does not check inline and AWS managed policies.;IAM;;;IAM;;PASS;AWS policy AutoScalingServiceRolePolicy is attached but does not allow '*:*' administrative privileges.;arn:aws:iam::aws:policy/aws-service-role/AutoScalingServiceRolePolicy;iam_aws_attached_policy_no_administrative_privileges;False;AutoScalingServiceRolePolicy;AWS-Foundational-Security-Best-Practices;AWS Foundational Security Best Practices;
aws;The AWS Foundational Security Best Practices standard is a set of controls that detect when your deployed accounts and resources deviate from security best practices.;128529977749;eu-north-1;2026-09-01 14:00:52.311778;IAM.1;This control checks whether the default version of IAM policies (also known as customer managed policies) has administrator access that includes a statement with 'Effect': 'Allow' with 'Action': '*' over 'Resource': '*'. The control only checks the customer managed policies that you create. It does not check inline and AWS managed policies.;IAM;;;IAM;;PASS;AWS policy AmazonRDSServiceRolePolicy is attached but does not allow '*:*' administrative privileges.;arn:aws:iam::aws:policy/aws-service-role/AmazonRDSServiceRolePolicy;iam_aws_attached_policy_no_administrative_privileges;False;AmazonRDSServiceRolePolicy;AWS-Foundational-Security-Best-Practices;AWS Foundational Security Best Practices;
aws;The AWS Foundational Security Best Practices standard is a set of controls that detect when your deployed accounts and resources deviate from security best practices.;128529977749;eu-north-1;2026-09-01 14:00:52.311778;IAM.1;This control checks whether the default version of IAM policies (also known as customer managed policies) has administrator access that includes a statement with 'Effect': 'Allow' with 'Action': '*' over 'Resource': '*'. The control only checks the customer managed policies that you create. It does not check inline and AWS managed policies.;IAM;;;IAM;;PASS;AWS policy AWSElasticLoadBalancingServiceRolePolicy is attached but does not allow '*:*' administrative privileges.;arn:aws:iam::aws:policy/aws-service-role/AWSElasticLoadBalancingServiceRolePolicy;iam_aws_attached_policy_no_administrative_privileges;False;AWSElasticLoadBalancingServiceRolePolicy;AWS-Foundational-Security-Best-Practices;AWS Foundational Security Best Practices;
aws;The AWS Foundational Security Best Practices standard is a set of controls that detect when your deployed accounts and resources deviate from security best practices.;128529977749;eu-north-1;2026-09-01 14:00:52.311778;IAM.1;This control checks whether the default version of IAM policies (also known as customer managed policies) has administrator access that includes a statement with 'Effect': 'Allow' with 'Action': '*' over 'Resource': '*'. The control only checks the customer managed policies that you create. It does not check inline and AWS managed policies.;IAM;;;IAM;;PASS;AWS policy AmazonEC2FullAccess is attached but does not allow '*:*' administrative privileges.;arn:aws:iam::aws:policy/AmazonEC2FullAccess;iam_aws_attached_policy_no_administrative_privileges;False;AmazonEC2FullAccess;AWS-Foundational-Security-Best-Practices;AWS Foundational Security Best Practices;
aws;The AWS Foundational Security Best Practices standard is a set of controls that detect when your deployed accounts and resources deviate from security best practices.;128529977749;eu-north-1;2026-09-01 14:00:52.311778;IAM.1;This control checks whether the default version of IAM policies (also known as customer managed policies) has administrator access that includes a statement with 'Effect': 'Allow' with 'Action': '*' over 'Resource': '*'. The control only checks the customer managed policies that you create. It does not check inline and AWS managed policies.;IAM;;;IAM;;PASS;AWS policy AmazonRDSFullAccess is attached but does not allow '*:*' administrative privileges.;arn:aws:iam::aws:policy/AmazonRDSFullAccess;iam_aws_attached_policy_no_administrative_privileges;False;AmazonRDSFullAccess;AWS-Foundational-Security-Best-Practices;AWS Foundational Security Best Practices;
aws;The AWS Foundational Security Best Practices standard is a set of controls that detect when your deployed accounts and resources deviate from security best practices.;128529977749;eu-north-1;2026-09-01 14:00:52.311778;IAM.1;This control checks whether the default version of IAM policies (also known as customer managed policies) has administrator access that includes a statement with 'Effect': 'Allow' with 'Action': '*' over 'Resource': '*'. The control only checks the customer managed policies that you create. It does not check inline and AWS managed policies.;IAM;;;IAM;;PASS;AWS policy AWSTrustedAdvisorServiceRolePolicy is attached but does not allow '*:*' administrative privileges.;arn:aws:iam::aws:policy/aws-service-role/AWSTrustedAdvisorServiceRolePolicy;iam_aws_attached_policy_no_administrative_privileges;False;AWSTrustedAdvisorServiceRolePolicy;AWS-Foundational-Security-Best-Practices;AWS Foundational Security Best Practices;
aws;The AWS Foundational Security Best Practices standard is a set of controls that detect when your deployed accounts and resources deviate from security best practices.;128529977749;eu-north-1;2026-09-01 14:00:52.311778;IAM.1;This control checks whether the default version of IAM policies (also known as customer managed policies) has administrator access that includes a statement with 'Effect': 'Allow' with 'Action': '*' over 'Resource': '*'. The control only checks the customer managed policies that you create. It does not check inline and AWS managed policies.;IAM;;;IAM;;PASS;AWS policy IAMFullAccess is attached but does not allow '*:*' administrative privileges.;arn:aws:iam::aws:policy/IAMFullAccess;iam_aws_attached_policy_no_administrative_privileges;False;IAMFullAccess;AWS-Foundational-Security-Best-Practices;AWS Foundational Security Best Practices;
aws;The AWS Foundational Security Best Practices standard is a set of controls that detect when your deployed accounts and resources deviate from security best practices.;128529977749;eu-north-1;2026-09-01 14:00:52.311778;IAM.1;This control checks whether the default version of IAM policies (also known as customer managed policies) has administrator access that includes a statement with 'Effect': 'Allow' with 'Action': '*' over 'Resource': '*'. The control only checks the customer managed policies that you create. It does not check inline and AWS managed policies.;IAM;;;IAM;;FAIL;AWS policy AdministratorAccess is attached and allows '*:*' administrative privileges.;arn:aws:iam::aws:policy/AdministratorAccess;iam_aws_attached_policy_no_administrative_privileges;False;AdministratorAccess;AWS-Foundational-Security-Best-Practices;AWS Foundational Security Best Practices;
aws;The AWS Foundational Security Best Practices standard is a set of controls that detect when your deployed accounts and resources deviate from security best practices.;128529977749;eu-north-1;2026-09-01 14:00:52.311778;IAM.1;This control checks whether the default version of IAM policies (also known as customer managed policies) has administrator access that includes a statement with 'Effect': 'Allow' with 'Action': '*' over 'Resource': '*'. The control only checks the customer managed policies that you create. It does not check inline and AWS managed policies.;IAM;;;IAM;;PASS;AWS policy AWSSupportServiceRolePolicy is attached but does not allow '*:*' administrative privileges.;arn:aws:iam::aws:policy/aws-service-role/AWSSupportServiceRolePolicy;iam_aws_attached_policy_no_administrative_privileges;False;AWSSupportServiceRolePolicy;AWS-Foundational-Security-Best-Practices;AWS Foundational Security Best Practices;
aws;The AWS Foundational Security Best Practices standard is a set of controls that detect when your deployed accounts and resources deviate from security best practices.;128529977749;eu-north-1;2026-09-01 14:00:52.311778;IAM.1;This control checks whether the default version of IAM policies (also known as customer managed policies) has administrator access that includes a statement with 'Effect': 'Allow' with 'Action': '*' over 'Resource': '*'. The control only checks the customer managed policies that you create. It does not check inline and AWS managed policies.;IAM;;;IAM;;PASS;AWS policy CloudWatchLogsFullAccess is attached but does not allow '*:*' administrative privileges.;arn:aws:iam::aws:policy/CloudWatchLogsFullAccess;iam_aws_attached_policy_no_administrative_privileges;False;CloudWatchLogsFullAccess;AWS-Foundational-Security-Best-Practices;AWS Foundational Security Best Practices;
aws;The AWS Foundational Security Best Practices standard is a set of controls that detect when your deployed accounts and resources deviate from security best practices.;128529977749;eu-north-1;2026-09-01 14:00:52.311778;IAM.1;This control checks whether the default version of IAM policies (also known as customer managed policies) has administrator access that includes a statement with 'Effect': 'Allow' with 'Action': '*' over 'Resource': '*'. The control only checks the customer managed policies that you create. It does not check inline and AWS managed policies.;IAM;;;IAM;;PASS;AWS policy CloudWatchFullAccess is attached but does not allow '*:*' administrative privileges.;arn:aws:iam::aws:policy/CloudWatchFullAccess;iam_aws_attached_policy_no_administrative_privileges;False;CloudWatchFullAccess;AWS-Foundational-Security-Best-Practices;AWS Foundational Security Best Practices;
aws;The AWS Foundational Security Best Practices standard is a set of controls that detect when your deployed accounts and resources deviate from security best practices.;128529977749;eu-north-1;2026-09-01 14:00:52.311778;IAM.1;This control checks whether the default version of IAM policies (also known as customer managed policies) has administrator access that includes a statement with 'Effect': 'Allow' with 'Action': '*' over 'Resource': '*'. The control only checks the customer managed policies that you create. It does not check inline and AWS managed policies.;IAM;;;IAM;;PASS;AWS policy AWSLambdaBasicExecutionRole is attached but does not allow '*:*' administrative privileges.;arn:aws:iam::aws:policy/service-role/AWSLambdaBasicExecutionRole;iam_aws_attached_policy_no_administrative_privileges;False;AWSLambdaBasicExecutionRole;AWS-Foundational-Security-Best-Practices;AWS Foundational Security Best Practices;
aws;The AWS Foundational Security Best Practices standard is a set of controls that detect when your deployed accounts and resources deviate from security best practices.;128529977749;eu-north-1;2026-09-01 14:00:52.311778;IAM.1;This control checks whether the default version of IAM policies (also known as customer managed policies) has administrator access that includes a statement with 'Effect': 'Allow' with 'Action': '*' over 'Resource': '*'. The control only checks the customer managed policies that you create. It does not check inline and AWS managed policies.;IAM;;;IAM;;PASS;AWS policy AWSConfigServiceRolePolicy is attached but does not allow '*:*' administrative privileges.;arn:aws:iam::aws:policy/aws-service-role/AWSConfigServiceRolePolicy;iam_aws_attached_policy_no_administrative_privileges;False;AWSConfigServiceRolePolicy;AWS-Foundational-Security-Best-Practices;AWS Foundational Security Best Practices;
aws;The AWS Foundational Security Best Practices standard is a set of controls that detect when your deployed accounts and resources deviate from security best practices.;128529977749;eu-north-1;2026-09-01 14:00:52.311778;IAM.1;This control checks whether the default version of IAM policies (also known as customer managed policies) has administrator access that includes a statement with 'Effect': 'Allow' with 'Action': '*' over 'Resource': '*'. The control only checks the customer managed policies that you create. It does not check inline and AWS managed policies.;IAM;;;IAM;;PASS;AWS policy AmazonVPCFullAccess is attached but does not allow '*:*' administrative privileges.;arn:aws:iam::aws:policy/AmazonVPCFullAccess;iam_aws_attached_policy_no_administrative_privileges;False;AmazonVPCFullAccess;AWS-Foundational-Security-Best-Practices;AWS Foundational Security Best Practices;
aws;The AWS Foundational Security Best Practices standard is a set of controls that detect when your deployed accounts and resources deviate from security best practices.;128529977749;eu-north-1;2026-09-01 14:00:52.311778;IAM.1;This control checks whether the default version of IAM policies (also known as customer managed policies) has administrator access that includes a statement with 'Effect': 'Allow' with 'Action': '*' over 'Resource': '*'. The control only checks the customer managed policies that you create. It does not check inline and AWS managed policies.;IAM;;;IAM;;PASS;AWS policy IAMUserChangePassword is attached but does not allow '*:*' administrative privileges.;arn:aws:iam::aws:policy/IAMUserChangePassword;iam_aws_attached_policy_no_administrative_privileges;False;IAMUserChangePassword;AWS-Foundational-Security-Best-Practices;AWS Foundational Security Best Practices;
aws;The AWS Foundational Security Best Practices standard is a set of controls that detect when your deployed accounts and resources deviate from security best practices.;128529977749;eu-north-1;2026-09-01 14:00:52.311778;IAM.1;This control checks whether the default version of IAM policies (also known as customer managed policies) has administrator access that includes a statement with 'Effect': 'Allow' with 'Action': '*' over 'Resource': '*'. The control only checks the customer managed policies that you create. It does not check inline and AWS managed policies.;IAM;;;IAM;;PASS;AWS policy AmazonDynamoDBFullAccess is attached but does not allow '*:*' administrative privileges.;arn:aws:iam::aws:policy/AmazonDynamoDBFullAccess;iam_aws_attached_policy_no_administrative_privileges;False;AmazonDynamoDBFullAccess;AWS-Foundational-Security-Best-Practices;AWS Foundational Security Best Practices;
aws;The AWS Foundational Security Best Practices standard is a set of controls that detect when your deployed accounts and resources deviate from security best practices.;128529977749;eu-north-1;2026-09-01 14:00:52.311778;IAM.1;This control checks whether the default version of IAM policies (also known as customer managed policies) has administrator access that includes a statement with 'Effect': 'Allow' with 'Action': '*' over 'Resource': '*'. The control only checks the customer managed policies that you create. It does not check inline and AWS managed policies.;IAM;;;IAM;;PASS;AWS policy AmazonS3FullAccess is attached but does not allow '*:*' administrative privileges.;arn:aws:iam::aws:policy/AmazonS3FullAccess;iam_aws_attached_policy_no_administrative_privileges;False;AmazonS3FullAccess;AWS-Foundational-Security-Best-Practices;AWS Foundational Security Best Practices;
aws;The AWS Foundational Security Best Practices standard is a set of controls that detect when your deployed accounts and resources deviate from security best practices.;128529977749;eu-north-1;2026-09-01 14:00:52.311778;IAM.1;This control checks whether the default version of IAM policies (also known as customer managed policies) has administrator access that includes a statement with 'Effect': 'Allow' with 'Action': '*' over 'Resource': '*'. The control only checks the customer managed policies that you create. It does not check inline and AWS managed policies.;IAM;;;IAM;;PASS;AWS policy AmazonEventBridgeFullAccess is attached but does not allow '*:*' administrative privileges.;arn:aws:iam::aws:policy/AmazonEventBridgeFullAccess;iam_aws_attached_policy_no_administrative_privileges;False;AmazonEventBridgeFullAccess;AWS-Foundational-Security-Best-Practices;AWS Foundational Security Best Practices;
aws;The AWS Foundational Security Best Practices standard is a set of controls that detect when your deployed accounts and resources deviate from security best practices.;128529977749;eu-north-1;2026-09-01 14:00:52.311778;IAM.1;This control checks whether the default version of IAM policies (also known as customer managed policies) has administrator access that includes a statement with 'Effect': 'Allow' with 'Action': '*' over 'Resource': '*'. The control only checks the customer managed policies that you create. It does not check inline and AWS managed policies.;IAM;;;IAM;;PASS;AWS policy AWSCloudTrail_FullAccess is attached but does not allow '*:*' administrative privileges.;arn:aws:iam::aws:policy/AWSCloudTrail_FullAccess;iam_aws_attached_policy_no_administrative_privileges;False;AWSCloudTrail_FullAccess;AWS-Foundational-Security-Best-Practices;AWS Foundational Security Best Practices;
aws;The AWS Foundational Security Best Practices standard is a set of controls that detect when your deployed accounts and resources deviate from security best practices.;128529977749;eu-north-1;2026-09-01 14:00:52.311778;IAM.1;This control checks whether the default version of IAM policies (also known as customer managed policies) has administrator access that includes a statement with 'Effect': 'Allow' with 'Action': '*' over 'Resource': '*'. The control only checks the customer managed policies that you create. It does not check inline and AWS managed policies.;IAM;;;IAM;;PASS;AWS policy AWSResourceExplorerServiceRolePolicy is attached but does not allow '*:*' administrative privileges.;arn:aws:iam::aws:policy/aws-service-role/AWSResourceExplorerServiceRolePolicy;iam_aws_attached_policy_no_administrative_privileges;False;AWSResourceExplorerServiceRolePolicy;AWS-Foundational-Security-Best-Practices;AWS Foundational Security Best Practices;
aws;The AWS Foundational Security Best Practices standard is a set of controls that detect when your deployed accounts and resources deviate from security best practices.;128529977749;eu-north-1;2026-09-01 14:00:52.311778;IAM.1;This control checks whether the default version of IAM policies (also known as customer managed policies) has administrator access that includes a statement with 'Effect': 'Allow' with 'Action': '*' over 'Resource': '*'. The control only checks the customer managed policies that you create. It does not check inline and AWS managed policies.;IAM;;;IAM;;PASS;AWS policy ComputeOptimizerServiceRolePolicy is attached but does not allow '*:*' administrative privileges.;arn:aws:iam::aws:policy/aws-service-role/ComputeOptimizerServiceRolePolicy;iam_aws_attached_policy_no_administrative_privileges;False;ComputeOptimizerServiceRolePolicy;AWS-Foundational-Security-Best-Practices;AWS Foundational Security Best Practices;
aws;The AWS Foundational Security Best Practices standard is a set of controls that detect when your deployed accounts and resources deviate from security best practices.;128529977749;eu-north-1;2026-09-01 14:00:52.311778;IAM.1;This control checks whether the default version of IAM policies (also known as customer managed policies) has administrator access that includes a statement with 'Effect': 'Allow' with 'Action': '*' over 'Resource': '*'. The control only checks the customer managed policies that you create. It does not check inline and AWS managed policies.;IAM;;;IAM;;PASS;AWS policy AWSNATGatewayServiceRolePolicy is attached but does not allow '*:*' administrative privileges.;arn:aws:iam::aws:policy/aws-service-role/AWSNATGatewayServiceRolePolicy;iam_aws_attached_policy_no_administrative_privileges;False;AWSNATGatewayServiceRolePolicy;AWS-Foundational-Security-Best-Practices;AWS Foundational Security Best Practices;
aws;The AWS Foundational Security Best Practices standard is a set of controls that detect when your deployed accounts and resources deviate from security best practices.;128529977749;eu-north-1;2026-09-01 14:00:52.311778;IAM.1;This control checks whether the default version of IAM policies (also known as customer managed policies) has administrator access that includes a statement with 'Effect': 'Allow' with 'Action': '*' over 'Resource': '*'. The control only checks the customer managed policies that you create. It does not check inline and AWS managed policies.;IAM;;;IAM;;PASS;AWS policy AWS_ConfigRole is attached but does not allow '*:*' administrative privileges.;arn:aws:iam::aws:policy/service-role/AWS_ConfigRole;iam_aws_attached_policy_no_administrative_privileges;False;AWS_ConfigRole;AWS-Foundational-Security-Best-Practices;AWS Foundational Security Best Practices;
aws;The AWS Foundational Security Best Practices standard is a set of controls that detect when your deployed accounts and resources deviate from security best practices.;128529977749;eu-north-1;2026-09-01 14:00:52.311778;IAM.1;This control checks whether the default version of IAM policies (also known as customer managed policies) has administrator access that includes a statement with 'Effect': 'Allow' with 'Action': '*' over 'Resource': '*'. The control only checks the customer managed policies that you create. It does not check inline and AWS managed policies.;IAM;;;IAM;;PASS;Custom policy CWDBSharing-PublicReadOnlyAccess-39P3YIQ1 is attached but does not allow '*:*' administrative privileges.;arn:aws:iam::128529977749:policy/service-role/CWDBSharing-PublicReadOnlyAccess-39P3YIQ1;iam_customer_attached_policy_no_administrative_privileges;False;CWDBSharing-PublicReadOnlyAccess-39P3YIQ1;AWS-Foundational-Security-Best-Practices;AWS Foundational Security Best Practices;
aws;The AWS Foundational Security Best Practices standard is a set of controls that detect when your deployed accounts and resources deviate from security best practices.;128529977749;eu-north-1;2026-09-01 14:00:52.311778;IAM.1;This control checks whether the default version of IAM policies (also known as customer managed policies) has administrator access that includes a statement with 'Effect': 'Allow' with 'Action': '*' over 'Resource': '*'. The control only checks the customer managed policies that you create. It does not check inline and AWS managed policies.;IAM;;;IAM;;PASS;Custom policy AWSLambdaBasicExecutionRole-516baea8-abdd-4127-8efb-be11991fb601 is attached but does not allow '*:*' administrative privileges.;arn:aws:iam::128529977749:policy/service-role/AWSLambdaBasicExecutionRole-516baea8-abdd-4127-8efb-be11991fb601;iam_customer_attached_policy_no_administrative_privileges;False;AWSLambdaBasicExecutionRole-516baea8-abdd-4127-8efb-be11991fb601;AWS-Foundational-Security-Best-Practices;AWS Foundational Security Best Practices;
aws;The AWS Foundational Security Best Practices standard is a set of controls that detect when your deployed accounts and resources deviate from security best practices.;128529977749;eu-north-1;2026-09-01 14:00:52.311778;IAM.1;This control checks whether the default version of IAM policies (also known as customer managed policies) has administrator access that includes a statement with 'Effect': 'Allow' with 'Action': '*' over 'Resource': '*'. The control only checks the customer managed policies that you create. It does not check inline and AWS managed policies.;IAM;;;IAM;;PASS;Custom policy instanceRolePolicy is attached but does not allow '*:*' administrative privileges.;arn:aws:iam::128529977749:policy/instanceRolePolicy;iam_customer_attached_policy_no_administrative_privileges;False;instanceRolePolicy;AWS-Foundational-Security-Best-Practices;AWS Foundational Security Best Practices;
aws;The AWS Foundational Security Best Practices standard is a set of controls that detect when your deployed accounts and resources deviate from security best practices.;128529977749;eu-north-1;2026-09-01 14:00:52.311778;IAM.1;This control checks whether the default version of IAM policies (also known as customer managed policies) has administrator access that includes a statement with 'Effect': 'Allow' with 'Action': '*' over 'Resource': '*'. The control only checks the customer managed policies that you create. It does not check inline and AWS managed policies.;IAM;;;IAM;;PASS;Custom policy CWDBSharing-PublicReadOnlyAccess-UUZVACYD is attached but does not allow '*:*' administrative privileges.;arn:aws:iam::128529977749:policy/service-role/CWDBSharing-PublicReadOnlyAccess-UUZVACYD;iam_customer_attached_policy_no_administrative_privileges;False;CWDBSharing-PublicReadOnlyAccess-UUZVACYD;AWS-Foundational-Security-Best-Practices;AWS Foundational Security Best Practices;
aws;The AWS Foundational Security Best Practices standard is a set of controls that detect when your deployed accounts and resources deviate from security best practices.;128529977749;eu-north-1;2026-09-01 14:00:52.311778;IAM.1;This control checks whether the default version of IAM policies (also known as customer managed policies) has administrator access that includes a statement with 'Effect': 'Allow' with 'Action': '*' over 'Resource': '*'. The control only checks the customer managed policies that you create. It does not check inline and AWS managed policies.;IAM;;;IAM;;PASS;Custom policy ec2-s3-access-policy is attached but does not allow '*:*' administrative privileges.;arn:aws:iam::128529977749:policy/ec2-s3-access-policy;iam_customer_attached_policy_no_administrative_privileges;False;ec2-s3-access-policy;AWS-Foundational-Security-Best-Practices;AWS Foundational Security Best Practices;
aws;The AWS Foundational Security Best Practices standard is a set of controls that detect when your deployed accounts and resources deviate from security best practices.;128529977749;eu-north-1;2026-09-01 14:00:52.311778;IAM.1;This control checks whether the default version of IAM policies (also known as customer managed policies) has administrator access that includes a statement with 'Effect': 'Allow' with 'Action': '*' over 'Resource': '*'. The control only checks the customer managed policies that you create. It does not check inline and AWS managed policies.;IAM;;;IAM;;PASS;Inline policy CostAnomalyLab attached to user AdnanTest does not allow '*:*' administrative privileges.;arn:aws:iam::128529977749:user/AdnanTest;iam_inline_policy_no_administrative_privileges;False;AdnanTest/CostAnomalyLab;AWS-Foundational-Security-Best-Practices;AWS Foundational Security Best Practices;
aws;The AWS Foundational Security Best Practices standard is a set of controls that detect when your deployed accounts and resources deviate from security best practices.;128529977749;eu-north-1;2026-09-01 14:00:52.311778;IAM.1;This control checks whether the default version of IAM policies (also known as customer managed policies) has administrator access that includes a statement with 'Effect': 'Allow' with 'Action': '*' over 'Resource': '*'. The control only checks the customer managed policies that you create. It does not check inline and AWS managed policies.;IAM;;;IAM;;PASS;Inline policy CreateCostCategoryDefinitionPolicy attached to user AdnanTest does not allow '*:*' administrative privileges.;arn:aws:iam::128529977749:user/AdnanTest;iam_inline_policy_no_administrative_privileges;False;AdnanTest/CreateCostCategoryDefinitionPolicy;AWS-Foundational-Security-Best-Practices;AWS Foundational Security Best Practices;
aws;The AWS Foundational Security Best Practices standard is a set of controls that detect when your deployed accounts and resources deviate from security best practices.;128529977749;eu-north-1;2026-09-01 14:00:52.311778;IAM.1;This control checks whether the default version of IAM policies (also known as customer managed policies) has administrator access that includes a statement with 'Effect': 'Allow' with 'Action': '*' over 'Resource': '*'. The control only checks the customer managed policies that you create. It does not check inline and AWS managed policies.;IAM;;;IAM;;PASS;Inline policy EC2S3DynamoDBCloudWatchFullAccess attached to user AdnanTest does not allow '*:*' administrative privileges.;arn:aws:iam::128529977749:user/AdnanTest;iam_inline_policy_no_administrative_privileges;False;AdnanTest/EC2S3DynamoDBCloudWatchFullAccess;AWS-Foundational-Security-Best-Practices;AWS Foundational Security Best Practices;
aws;The AWS Foundational Security Best Practices standard is a set of controls that detect when your deployed accounts and resources deviate from security best practices.;128529977749;eu-north-1;2026-09-01 14:00:52.311778;IAM.1;This control checks whether the default version of IAM policies (also known as customer managed policies) has administrator access that includes a statement with 'Effect': 'Allow' with 'Action': '*' over 'Resource': '*'. The control only checks the customer managed policies that you create. It does not check inline and AWS managed policies.;IAM;;;IAM;;PASS;Inline policy LambdaCreateFunctionPolicy attached to user AdnanTest does not allow '*:*' administrative privileges.;arn:aws:iam::128529977749:user/AdnanTest;iam_inline_policy_no_administrative_privileges;False;AdnanTest/LambdaCreateFunctionPolicy;AWS-Foundational-Security-Best-Practices;AWS Foundational Security Best Practices;
aws;The AWS Foundational Security Best Practices standard is a set of controls that detect when your deployed accounts and resources deviate from security best practices.;128529977749;eu-north-1;2026-09-01 14:00:52.311778;IAM.1;This control checks whether the default version of IAM policies (also known as customer managed policies) has administrator access that includes a statement with 'Effect': 'Allow' with 'Action': '*' over 'Resource': '*'. The control only checks the customer managed policies that you create. It does not check inline and AWS managed policies.;IAM;;;IAM;;PASS;Inline policy S3StorageLensCloudWatchFullAccess attached to user AdnanTest does not allow '*:*' administrative privileges.;arn:aws:iam::128529977749:user/AdnanTest;iam_inline_policy_no_administrative_privileges;False;AdnanTest/S3StorageLensCloudWatchFullAccess;AWS-Foundational-Security-Best-Practices;AWS Foundational Security Best Practices;
aws;The AWS Foundational Security Best Practices standard is a set of controls that detect when your deployed accounts and resources deviate from security best practices.;128529977749;eu-north-1;2026-09-01 14:00:52.311778;IAM.1;This control checks whether the default version of IAM policies (also known as customer managed policies) has administrator access that includes a statement with 'Effect': 'Allow' with 'Action': '*' over 'Resource': '*'. The control only checks the customer managed policies that you create. It does not check inline and AWS managed policies.;IAM;;;IAM;;PASS;Inline policy TemporaryCleanupInspection attached to user AdnanTest does not allow '*:*' administrative privileges.;arn:aws:iam::128529977749:user/AdnanTest;iam_inline_policy_no_administrative_privileges;False;AdnanTest/TemporaryCleanupInspection;AWS-Foundational-Security-Best-Practices;AWS Foundational Security Best Practices;
aws;The AWS Foundational Security Best Practices standard is a set of controls that detect when your deployed accounts and resources deviate from security best practices.;128529977749;eu-north-1;2026-09-01 14:00:52.311778;IAM.1;This control checks whether the default version of IAM policies (also known as customer managed policies) has administrator access that includes a statement with 'Effect': 'Allow' with 'Action': '*' over 'Resource': '*'. The control only checks the customer managed policies that you create. It does not check inline and AWS managed policies.;IAM;;;IAM;;PASS;Inline policy AWSLambdaBasicExecutionRolePolicy attached to role AWSLambdaBasicExecutionRole does not allow '*:*' administrative privileges.;arn:aws:iam::128529977749:role/AWSLambdaBasicExecutionRole;iam_inline_policy_no_administrative_privileges;False;AWSLambdaBasicExecutionRole/AWSLambdaBasicExecutionRolePolicy;AWS-Foundational-Security-Best-Practices;AWS Foundational Security Best Practices;
aws;The AWS Foundational Security Best Practices standard is a set of controls that detect when your deployed accounts and resources deviate from security best practices.;128529977749;eu-north-1;2026-09-01 14:00:52.311778;IAM.1;This control checks whether the default version of IAM policies (also known as customer managed policies) has administrator access that includes a statement with 'Effect': 'Allow' with 'Action': '*' over 'Resource': '*'. The control only checks the customer managed policies that you create. It does not check inline and AWS managed policies.;IAM;;;IAM;;PASS;Inline policy terraform-20260901081024815100000001 attached to role ce-capstone-app-instance does not allow '*:*' administrative privileges.;arn:aws:iam::128529977749:role/ce-capstone-app-instance;iam_inline_policy_no_administrative_privileges;False;ce-capstone-app-instance/terraform-20260901081024815100000001;AWS-Foundational-Security-Best-Practices;AWS Foundational Security Best Practices;
aws;The AWS Foundational Security Best Practices standard is a set of controls that detect when your deployed accounts and resources deviate from security best practices.;128529977749;eu-north-1;2026-09-01 14:00:52.311778;IAM.1;This control checks whether the default version of IAM policies (also known as customer managed policies) has administrator access that includes a statement with 'Effect': 'Allow' with 'Action': '*' over 'Resource': '*'. The control only checks the customer managed policies that you create. It does not check inline and AWS managed policies.;IAM;;;IAM;;PASS;Inline policy terraform-20260901081026751800000003 attached to role ce-capstone-app-instance does not allow '*:*' administrative privileges.;arn:aws:iam::128529977749:role/ce-capstone-app-instance;iam_inline_policy_no_administrative_privileges;False;ce-capstone-app-instance/terraform-20260901081026751800000003;AWS-Foundational-Security-Best-Practices;AWS Foundational Security Best Practices;
aws;The AWS Foundational Security Best Practices standard is a set of controls that detect when your deployed accounts and resources deviate from security best practices.;128529977749;eu-north-1;2026-09-01 14:00:52.311778;IAM.1;This control checks whether the default version of IAM policies (also known as customer managed policies) has administrator access that includes a statement with 'Effect': 'Allow' with 'Action': '*' over 'Resource': '*'. The control only checks the customer managed policies that you create. It does not check inline and AWS managed policies.;IAM;;;IAM;;PASS;Inline policy terraform-20260901095644778700000002 attached to role ce-capstone-config does not allow '*:*' administrative privileges.;arn:aws:iam::128529977749:role/ce-capstone-config;iam_inline_policy_no_administrative_privileges;False;ce-capstone-config/terraform-20260901095644778700000002;AWS-Foundational-Security-Best-Practices;AWS Foundational Security Best Practices;
aws;The AWS Foundational Security Best Practices standard is a set of controls that detect when your deployed accounts and resources deviate from security best practices.;128529977749;eu-north-1;2026-09-01 14:00:52.311778;IAM.1;This control checks whether the default version of IAM policies (also known as customer managed policies) has administrator access that includes a statement with 'Effect': 'Allow' with 'Action': '*' over 'Resource': '*'. The control only checks the customer managed policies that you create. It does not check inline and AWS managed policies.;IAM;;;IAM;;PASS;Inline policy terraform-20260831143439554400000001 attached to role ce-capstone-flow-logs does not allow '*:*' administrative privileges.;arn:aws:iam::128529977749:role/ce-capstone-flow-logs;iam_inline_policy_no_administrative_privileges;False;ce-capstone-flow-logs/terraform-20260831143439554400000001;AWS-Foundational-Security-Best-Practices;AWS Foundational Security Best Practices;
aws;The AWS Foundational Security Best Practices standard is a set of controls that detect when your deployed accounts and resources deviate from security best practices.;128529977749;eu-north-1;2026-09-01 14:00:52.311778;IAM.1;This control checks whether the default version of IAM policies (also known as customer managed policies) has administrator access that includes a statement with 'Effect': 'Allow' with 'Action': '*' over 'Resource': '*'. The control only checks the customer managed policies that you create. It does not check inline and AWS managed policies.;IAM;;;IAM;;PASS;Inline policy FinOpsAccess attached to role FinOpsLambdaRole does not allow '*:*' administrative privileges.;arn:aws:iam::128529977749:role/FinOpsLambdaRole;iam_inline_policy_no_administrative_privileges;False;FinOpsLambdaRole/FinOpsAccess;AWS-Foundational-Security-Best-Practices;AWS Foundational Security Best Practices;
aws;The AWS Foundational Security Best Practices standard is a set of controls that detect when your deployed accounts and resources deviate from security best practices.;128529977749;eu-north-1;2026-09-01 14:00:52.311778;IAM.1;This control checks whether the default version of IAM policies (also known as customer managed policies) has administrator access that includes a statement with 'Effect': 'Allow' with 'Action': '*' over 'Resource': '*'. The control only checks the customer managed policies that you create. It does not check inline and AWS managed policies.;IAM;;;IAM;;PASS;Inline policy AppLeastPrivilegePolicy attached to role InsecureAppRole does not allow '*:*' administrative privileges.;arn:aws:iam::128529977749:role/InsecureAppRole;iam_inline_policy_no_administrative_privileges;False;InsecureAppRole/AppLeastPrivilegePolicy;AWS-Foundational-Security-Best-Practices;AWS Foundational Security Best Practices;
aws;The AWS Foundational Security Best Practices standard is a set of controls that detect when your deployed accounts and resources deviate from security best practices.;128529977749;eu-north-1;2026-09-01 14:00:52.311778;IAM.1;This control checks whether the default version of IAM policies (also known as customer managed policies) has administrator access that includes a statement with 'Effect': 'Allow' with 'Action': '*' over 'Resource': '*'. The control only checks the customer managed policies that you create. It does not check inline and AWS managed policies.;IAM;;;IAM;;PASS;Inline policy EC2StartStop attached to role InstanceSchedulerRole does not allow '*:*' administrative privileges.;arn:aws:iam::128529977749:role/InstanceSchedulerRole;iam_inline_policy_no_administrative_privileges;False;InstanceSchedulerRole/EC2StartStop;AWS-Foundational-Security-Best-Practices;AWS Foundational Security Best Practices;
aws;The AWS Foundational Security Best Practices standard is a set of controls that detect when your deployed accounts and resources deviate from security best practices.;128529977749;eu-north-1;2026-09-01 14:00:52.311778;IAM.1;This control checks whether the default version of IAM policies (also known as customer managed policies) has administrator access that includes a statement with 'Effect': 'Allow' with 'Action': '*' over 'Resource': '*'. The control only checks the customer managed policies that you create. It does not check inline and AWS managed policies.;IAM;;;IAM;;PASS;Inline policy secrets-read-only attached to role m508-secrets-lab-github-actions-role does not allow '*:*' administrative privileges.;arn:aws:iam::128529977749:role/m508-secrets-lab-github-actions-role;iam_inline_policy_no_administrative_privileges;False;m508-secrets-lab-github-actions-role/secrets-read-only;AWS-Foundational-Security-Best-Practices;AWS Foundational Security Best Practices;
aws;The AWS Foundational Security Best Practices standard is a set of controls that detect when your deployed accounts and resources deviate from security best practices.;128529977749;eu-north-1;2026-09-01 14:00:52.311778;IAM.4;This control checks whether the root user access key is present. The root account is the most privileged user in an AWS account. AWS access keys provide programmatic access to a given account.;IAM;;;IAM;;PASS;Root account does not have access keys.;arn:aws:iam::128529977749:root;iam_no_root_access_key;False;<root_account>;AWS-Foundational-Security-Best-Practices;AWS Foundational Security Best Practices;
aws;The AWS Foundational Security Best Practices standard is a set of controls that detect when your deployed accounts and resources deviate from security best practices.;128529977749;eu-north-1;2026-09-01 14:00:52.311778;IAM.7;This control checks whether the account password policy for IAM users uses the recommended configurations.;IAM;;;IAM;;FAIL;Password expiration is not set.;arn:aws:iam:eu-north-1:128529977749:password-policy;iam_password_policy_expires_passwords_within_90_days_or_less;False;128529977749;AWS-Foundational-Security-Best-Practices;AWS Foundational Security Best Practices;
aws;The AWS Foundational Security Best Practices standard is a set of controls that detect when your deployed accounts and resources deviate from security best practices.;128529977749;eu-north-1;2026-09-01 14:00:52.311778;IAM.10;This control checks whether the account password policy for IAM users uses the following minimum PCI DSS configurations.RequireUppercaseCharacters â Require at least one uppercase character in password. (Default = true)RequireLowercaseCharacters â Require at least one lowercase character in password. (Default = true)RequireNumbers â Require at least one number in password. (Default = true)MinimumPasswordLength â Password minimum length. (Default = 7 or longer)PasswordReusePrevention â Number of passwords before allowing reuse. (Default = 4)MaxPasswordAge â Number of days before password expiration. (Default = 90).;IAM;;;IAM;;FAIL;Password expiration is not set.;arn:aws:iam:eu-north-1:128529977749:password-policy;iam_password_policy_expires_passwords_within_90_days_or_less;False;128529977749;AWS-Foundational-Security-Best-Practices;AWS Foundational Security Best Practices;
aws;The AWS Foundational Security Best Practices standard is a set of controls that detect when your deployed accounts and resources deviate from security best practices.;128529977749;eu-north-1;2026-09-01 14:00:52.311778;IAM.7;This control checks whether the account password policy for IAM users uses the recommended configurations.;IAM;;;IAM;;FAIL;IAM password policy does not require at least one lowercase letter.;arn:aws:iam:eu-north-1:128529977749:password-policy;iam_password_policy_lowercase;False;128529977749;AWS-Foundational-Security-Best-Practices;AWS Foundational Security Best Practices;
aws;The AWS Foundational Security Best Practices standard is a set of controls that detect when your deployed accounts and resources deviate from security best practices.;128529977749;eu-north-1;2026-09-01 14:00:52.311778;IAM.10;This control checks whether the account password policy for IAM users uses the following minimum PCI DSS configurations.RequireUppercaseCharacters â Require at least one uppercase character in password. (Default = true)RequireLowercaseCharacters â Require at least one lowercase character in password. (Default = true)RequireNumbers â Require at least one number in password. (Default = true)MinimumPasswordLength â Password minimum length. (Default = 7 or longer)PasswordReusePrevention â Number of passwords before allowing reuse. (Default = 4)MaxPasswordAge â Number of days before password expiration. (Default = 90).;IAM;;;IAM;;FAIL;IAM password policy does not require at least one lowercase letter.;arn:aws:iam:eu-north-1:128529977749:password-policy;iam_password_policy_lowercase;False;128529977749;AWS-Foundational-Security-Best-Practices;AWS Foundational Security Best Practices;
aws;The AWS Foundational Security Best Practices standard is a set of controls that detect when your deployed accounts and resources deviate from security best practices.;128529977749;eu-north-1;2026-09-01 14:00:52.311778;IAM.7;This control checks whether the account password policy for IAM users uses the recommended configurations.;IAM;;;IAM;;FAIL;IAM password policy does not require minimum length of 14 characters.;arn:aws:iam:eu-north-1:128529977749:password-policy;iam_password_policy_minimum_length_14;False;128529977749;AWS-Foundational-Security-Best-Practices;AWS Foundational Security Best Practices;
aws;The AWS Foundational Security Best Practices standard is a set of controls that detect when your deployed accounts and resources deviate from security best practices.;128529977749;eu-north-1;2026-09-01 14:00:52.311778;IAM.10;This control checks whether the account password policy for IAM users uses the following minimum PCI DSS configurations.RequireUppercaseCharacters â Require at least one uppercase character in password. (Default = true)RequireLowercaseCharacters â Require at least one lowercase character in password. (Default = true)RequireNumbers â Require at least one number in password. (Default = true)MinimumPasswordLength â Password minimum length. (Default = 7 or longer)PasswordReusePrevention â Number of passwords before allowing reuse. (Default = 4)MaxPasswordAge â Number of days before password expiration. (Default = 90).;IAM;;;IAM;;FAIL;IAM password policy does not require minimum length of 14 characters.;arn:aws:iam:eu-north-1:128529977749:password-policy;iam_password_policy_minimum_length_14;False;128529977749;AWS-Foundational-Security-Best-Practices;AWS Foundational Security Best Practices;
aws;The AWS Foundational Security Best Practices standard is a set of controls that detect when your deployed accounts and resources deviate from security best practices.;128529977749;eu-north-1;2026-09-01 14:00:52.311778;IAM.7;This control checks whether the account password policy for IAM users uses the recommended configurations.;IAM;;;IAM;;FAIL;IAM password policy does not require at least one number.;arn:aws:iam:eu-north-1:128529977749:password-policy;iam_password_policy_number;False;128529977749;AWS-Foundational-Security-Best-Practices;AWS Foundational Security Best Practices;
aws;The AWS Foundational Security Best Practices standard is a set of controls that detect when your deployed accounts and resources deviate from security best practices.;128529977749;eu-north-1;2026-09-01 14:00:52.311778;IAM.10;This control checks whether the account password policy for IAM users uses the following minimum PCI DSS configurations.RequireUppercaseCharacters â Require at least one uppercase character in password. (Default = true)RequireLowercaseCharacters â Require at least one lowercase character in password. (Default = true)RequireNumbers â Require at least one number in password. (Default = true)MinimumPasswordLength â Password minimum length. (Default = 7 or longer)PasswordReusePrevention â Number of passwords before allowing reuse. (Default = 4)MaxPasswordAge â Number of days before password expiration. (Default = 90).;IAM;;;IAM;;FAIL;IAM password policy does not require at least one number.;arn:aws:iam:eu-north-1:128529977749:password-policy;iam_password_policy_number;False;128529977749;AWS-Foundational-Security-Best-Practices;AWS Foundational Security Best Practices;
aws;The AWS Foundational Security Best Practices standard is a set of controls that detect when your deployed accounts and resources deviate from security best practices.;128529977749;eu-north-1;2026-09-01 14:00:52.311778;IAM.7;This control checks whether the account password policy for IAM users uses the recommended configurations.;IAM;;;IAM;;FAIL;IAM password policy reuse prevention is less than 24 or not set.;arn:aws:iam:eu-north-1:128529977749:password-policy;iam_password_policy_reuse_24;False;128529977749;AWS-Foundational-Security-Best-Practices;AWS Foundational Security Best Practices;
aws;The AWS Foundational Security Best Practices standard is a set of controls that detect when your deployed accounts and resources deviate from security best practices.;128529977749;eu-north-1;2026-09-01 14:00:52.311778;IAM.10;This control checks whether the account password policy for IAM users uses the following minimum PCI DSS configurations.RequireUppercaseCharacters â Require at least one uppercase character in password. (Default = true)RequireLowercaseCharacters â Require at least one lowercase character in password. (Default = true)RequireNumbers â Require at least one number in password. (Default = true)MinimumPasswordLength â Password minimum length. (Default = 7 or longer)PasswordReusePrevention â Number of passwords before allowing reuse. (Default = 4)MaxPasswordAge â Number of days before password expiration. (Default = 90).;IAM;;;IAM;;FAIL;IAM password policy reuse prevention is less than 24 or not set.;arn:aws:iam:eu-north-1:128529977749:password-policy;iam_password_policy_reuse_24;False;128529977749;AWS-Foundational-Security-Best-Practices;AWS Foundational Security Best Practices;
aws;The AWS Foundational Security Best Practices standard is a set of controls that detect when your deployed accounts and resources deviate from security best practices.;128529977749;eu-north-1;2026-09-01 14:00:52.311778;IAM.7;This control checks whether the account password policy for IAM users uses the recommended configurations.;IAM;;;IAM;;FAIL;IAM password policy does not require at least one symbol.;arn:aws:iam:eu-north-1:128529977749:password-policy;iam_password_policy_symbol;False;128529977749;AWS-Foundational-Security-Best-Practices;AWS Foundational Security Best Practices;
aws;The AWS Foundational Security Best Practices standard is a set of controls that detect when your deployed accounts and resources deviate from security best practices.;128529977749;eu-north-1;2026-09-01 14:00:52.311778;IAM.10;This control checks whether the account password policy for IAM users uses the following minimum PCI DSS configurations.RequireUppercaseCharacters â Require at least one uppercase character in password. (Default = true)RequireLowercaseCharacters â Require at least one lowercase character in password. (Default = true)RequireNumbers â Require at least one number in password. (Default = true)MinimumPasswordLength â Password minimum length. (Default = 7 or longer)PasswordReusePrevention â Number of passwords before allowing reuse. (Default = 4)MaxPasswordAge â Number of days before password expiration. (Default = 90).;IAM;;;IAM;;FAIL;IAM password policy does not require at least one symbol.;arn:aws:iam:eu-north-1:128529977749:password-policy;iam_password_policy_symbol;False;128529977749;AWS-Foundational-Security-Best-Practices;AWS Foundational Security Best Practices;
aws;The AWS Foundational Security Best Practices standard is a set of controls that detect when your deployed accounts and resources deviate from security best practices.;128529977749;eu-north-1;2026-09-01 14:00:52.311778;IAM.7;This control checks whether the account password policy for IAM users uses the recommended configurations.;IAM;;;IAM;;FAIL;IAM password policy does not require at least one uppercase letter.;arn:aws:iam:eu-north-1:128529977749:password-policy;iam_password_policy_uppercase;False;128529977749;AWS-Foundational-Security-Best-Practices;AWS Foundational Security Best Practices;
aws;The AWS Foundational Security Best Practices standard is a set of controls that detect when your deployed accounts and resources deviate from security best practices.;128529977749;eu-north-1;2026-09-01 14:00:52.311778;IAM.10;This control checks whether the account password policy for IAM users uses the following minimum PCI DSS configurations.RequireUppercaseCharacters â Require at least one uppercase character in password. (Default = true)RequireLowercaseCharacters â Require at least one lowercase character in password. (Default = true)RequireNumbers â Require at least one number in password. (Default = true)MinimumPasswordLength â Password minimum length. (Default = 7 or longer)PasswordReusePrevention â Number of passwords before allowing reuse. (Default = 4)MaxPasswordAge â Number of days before password expiration. (Default = 90).;IAM;;;IAM;;FAIL;IAM password policy does not require at least one uppercase letter.;arn:aws:iam:eu-north-1:128529977749:password-policy;iam_password_policy_uppercase;False;128529977749;AWS-Foundational-Security-Best-Practices;AWS Foundational Security Best Practices;
aws;The AWS Foundational Security Best Practices standard is a set of controls that detect when your deployed accounts and resources deviate from security best practices.;128529977749;eu-north-1;2026-09-01 14:00:52.311778;IAM.6;This control checks whether your AWS account is enabled to use a hardware multi-factor authentication (MFA) device to sign in with root user credentials.;IAM;;;IAM;;FAIL;Root account has a virtual MFA instead of a hardware MFA device enabled.;arn:aws:iam::128529977749:mfa;iam_root_hardware_mfa_enabled;False;<root_account>;AWS-Foundational-Security-Best-Practices;AWS Foundational Security Best Practices;
aws;The AWS Foundational Security Best Practices standard is a set of controls that detect when your deployed accounts and resources deviate from security best practices.;128529977749;eu-north-1;2026-09-01 14:00:52.311778;IAM.9;The root user has complete access to all the services and resources in an AWS account. MFA adds an extra layer of protection on top of a user name and password. With MFA enabled, when a user signs in to the AWS Management Console, they're prompted for their user name and password and for an authentication code from their AWS MFA device.;IAM;;;IAM;;PASS;MFA is enabled for root account.;arn:aws:iam::128529977749:root;iam_root_mfa_enabled;False;<root_account>;AWS-Foundational-Security-Best-Practices;AWS Foundational Security Best Practices;
aws;The AWS Foundational Security Best Practices standard is a set of controls that detect when your deployed accounts and resources deviate from security best practices.;128529977749;eu-north-1;2026-09-01 14:00:52.311778;IAM.3;This control checks whether the active access keys are rotated within 90 days.;IAM;;;IAM;;PASS;User <root_account> does not have access keys.;arn:aws:iam::128529977749:root;iam_rotate_access_key_90_days;False;<root_account>;AWS-Foundational-Security-Best-Practices;AWS Foundational Security Best Practices;
aws;The AWS Foundational Security Best Practices standard is a set of controls that detect when your deployed accounts and resources deviate from security best practices.;128529977749;eu-north-1;2026-09-01 14:00:52.311778;IAM.3;This control checks whether the active access keys are rotated within 90 days.;IAM;;;IAM;;PASS;User AdnanTest does not have access keys older than 90 days.;arn:aws:iam::128529977749:user/AdnanTest;iam_rotate_access_key_90_days;False;AdnanTest;AWS-Foundational-Security-Best-Practices;AWS Foundational Security Best Practices;
aws;The AWS Foundational Security Best Practices standard is a set of controls that detect when your deployed accounts and resources deviate from security best practices.;128529977749;eu-north-1;2026-09-01 14:00:52.311778;IAM.3;This control checks whether the active access keys are rotated within 90 days.;IAM;;;IAM;;PASS;User Alice does not have access keys.;arn:aws:iam::128529977749:user/Alice;iam_rotate_access_key_90_days;False;Alice;AWS-Foundational-Security-Best-Practices;AWS Foundational Security Best Practices;
aws;The AWS Foundational Security Best Practices standard is a set of controls that detect when your deployed accounts and resources deviate from security best practices.;128529977749;eu-north-1;2026-09-01 14:00:52.311778;IAM.3;This control checks whether the active access keys are rotated within 90 days.;IAM;;;IAM;;PASS;User Bob does not have access keys.;arn:aws:iam::128529977749:user/Bob;iam_rotate_access_key_90_days;False;Bob;AWS-Foundational-Security-Best-Practices;AWS Foundational Security Best Practices;
aws;The AWS Foundational Security Best Practices standard is a set of controls that detect when your deployed accounts and resources deviate from security best practices.;128529977749;eu-north-1;2026-09-01 14:00:52.311778;IAM.3;This control checks whether the active access keys are rotated within 90 days.;IAM;;;IAM;;PASS;User ce-capstone-ci does not have access keys older than 90 days.;arn:aws:iam::128529977749:user/ce-capstone-ci;iam_rotate_access_key_90_days;False;ce-capstone-ci;AWS-Foundational-Security-Best-Practices;AWS Foundational Security Best Practices;
aws;The AWS Foundational Security Best Practices standard is a set of controls that detect when your deployed accounts and resources deviate from security best practices.;128529977749;eu-north-1;2026-09-01 14:00:52.311778;IAM.3;This control checks whether the active access keys are rotated within 90 days.;IAM;;;IAM;;PASS;User Charlie does not have access keys.;arn:aws:iam::128529977749:user/Charlie;iam_rotate_access_key_90_days;False;Charlie;AWS-Foundational-Security-Best-Practices;AWS Foundational Security Best Practices;
aws;The AWS Foundational Security Best Practices standard is a set of controls that detect when your deployed accounts and resources deviate from security best practices.;128529977749;eu-north-1;2026-09-01 14:00:52.311778;IAM.3;This control checks whether the active access keys are rotated within 90 days.;IAM;;;IAM;;PASS;User test-developer does not have access keys older than 90 days.;arn:aws:iam::128529977749:user/test-developer;iam_rotate_access_key_90_days;False;test-developer;AWS-Foundational-Security-Best-Practices;AWS Foundational Security Best Practices;
aws;The AWS Foundational Security Best Practices standard is a set of controls that detect when your deployed accounts and resources deviate from security best practices.;128529977749;eu-north-1;2026-09-01 14:00:52.311778;IAM.8;This control checks whether your IAM users have passwords or active access keys that have not been used for 90 days.;IAM;;;IAM;;PASS;User <root_account> does not have access keys.;arn:aws:iam::128529977749:root;iam_user_accesskey_unused;False;<root_account>;AWS-Foundational-Security-Best-Practices;AWS Foundational Security Best Practices;
aws;The AWS Foundational Security Best Practices standard is a set of controls that detect when your deployed accounts and resources deviate from security best practices.;128529977749;eu-north-1;2026-09-01 14:00:52.311778;IAM.22;This control checks whether your IAM users have passwords or active access keys that have not been used for 45 days or more. To do so, it checks whether the maxCredentialUsageAge parameter of the AWS Config rule is equal to 45 or more.;IAM;;;IAM;;PASS;User <root_account> does not have access keys.;arn:aws:iam::128529977749:root;iam_user_accesskey_unused;False;<root_account>;AWS-Foundational-Security-Best-Practices;AWS Foundational Security Best Practices;
aws;The AWS Foundational Security Best Practices standard is a set of controls that detect when your deployed accounts and resources deviate from security best practices.;128529977749;eu-north-1;2026-09-01 14:00:52.311778;IAM.26;This controls checks whether an active SSL/TLS server certificate that is managed in IAM has expired. The control fails if the expired SSL/TLS server certificate isn't removed.;IAM;;;IAM;;PASS;User <root_account> does not have access keys.;arn:aws:iam::128529977749:root;iam_user_accesskey_unused;False;<root_account>;AWS-Foundational-Security-Best-Practices;AWS Foundational Security Best Practices;
aws;The AWS Foundational Security Best Practices standard is a set of controls that detect when your deployed accounts and resources deviate from security best practices.;128529977749;eu-north-1;2026-09-01 14:00:52.311778;IAM.8;This control checks whether your IAM users have passwords or active access keys that have not been used for 90 days.;IAM;;;IAM;;PASS;User AdnanTest does not have unused access keys for 45 days.;arn:aws:iam::128529977749:user/AdnanTest;iam_user_accesskey_unused;False;AdnanTest;AWS-Foundational-Security-Best-Practices;AWS Foundational Security Best Practices;
aws;The AWS Foundational Security Best Practices standard is a set of controls that detect when your deployed accounts and resources deviate from security best practices.;128529977749;eu-north-1;2026-09-01 14:00:52.311778;IAM.22;This control checks whether your IAM users have passwords or active access keys that have not been used for 45 days or more. To do so, it checks whether the maxCredentialUsageAge parameter of the AWS Config rule is equal to 45 or more.;IAM;;;IAM;;PASS;User AdnanTest does not have unused access keys for 45 days.;arn:aws:iam::128529977749:user/AdnanTest;iam_user_accesskey_unused;False;AdnanTest;AWS-Foundational-Security-Best-Practices;AWS Foundational Security Best Practices;
aws;The AWS Foundational Security Best Practices standard is a set of controls that detect when your deployed accounts and resources deviate from security best practices.;128529977749;eu-north-1;2026-09-01 14:00:52.311778;IAM.26;This controls checks whether an active SSL/TLS server certificate that is managed in IAM has expired. The control fails if the expired SSL/TLS server certificate isn't removed.;IAM;;;IAM;;PASS;User AdnanTest does not have unused access keys for 45 days.;arn:aws:iam::128529977749:user/AdnanTest;iam_user_accesskey_unused;False;AdnanTest;AWS-Foundational-Security-Best-Practices;AWS Foundational Security Best Practices;
aws;The AWS Foundational Security Best Practices standard is a set of controls that detect when your deployed accounts and resources deviate from security best practices.;128529977749;eu-north-1;2026-09-01 14:00:52.311778;IAM.8;This control checks whether your IAM users have passwords or active access keys that have not been used for 90 days.;IAM;;;IAM;;PASS;User Alice does not have access keys.;arn:aws:iam::128529977749:user/Alice;iam_user_accesskey_unused;False;Alice;AWS-Foundational-Security-Best-Practices;AWS Foundational Security Best Practices;
aws;The AWS Foundational Security Best Practices standard is a set of controls that detect when your deployed accounts and resources deviate from security best practices.;128529977749;eu-north-1;2026-09-01 14:00:52.311778;IAM.22;This control checks whether your IAM users have passwords or active access keys that have not been used for 45 days or more. To do so, it checks whether the maxCredentialUsageAge parameter of the AWS Config rule is equal to 45 or more.;IAM;;;IAM;;PASS;User Alice does not have access keys.;arn:aws:iam::128529977749:user/Alice;iam_user_accesskey_unused;False;Alice;AWS-Foundational-Security-Best-Practices;AWS Foundational Security Best Practices;
aws;The AWS Foundational Security Best Practices standard is a set of controls that detect when your deployed accounts and resources deviate from security best practices.;128529977749;eu-north-1;2026-09-01 14:00:52.311778;IAM.26;This controls checks whether an active SSL/TLS server certificate that is managed in IAM has expired. The control fails if the expired SSL/TLS server certificate isn't removed.;IAM;;;IAM;;PASS;User Alice does not have access keys.;arn:aws:iam::128529977749:user/Alice;iam_user_accesskey_unused;False;Alice;AWS-Foundational-Security-Best-Practices;AWS Foundational Security Best Practices;
aws;The AWS Foundational Security Best Practices standard is a set of controls that detect when your deployed accounts and resources deviate from security best practices.;128529977749;eu-north-1;2026-09-01 14:00:52.311778;IAM.8;This control checks whether your IAM users have passwords or active access keys that have not been used for 90 days.;IAM;;;IAM;;PASS;User Bob does not have access keys.;arn:aws:iam::128529977749:user/Bob;iam_user_accesskey_unused;False;Bob;AWS-Foundational-Security-Best-Practices;AWS Foundational Security Best Practices;
aws;The AWS Foundational Security Best Practices standard is a set of controls that detect when your deployed accounts and resources deviate from security best practices.;128529977749;eu-north-1;2026-09-01 14:00:52.311778;IAM.22;This control checks whether your IAM users have passwords or active access keys that have not been used for 45 days or more. To do so, it checks whether the maxCredentialUsageAge parameter of the AWS Config rule is equal to 45 or more.;IAM;;;IAM;;PASS;User Bob does not have access keys.;arn:aws:iam::128529977749:user/Bob;iam_user_accesskey_unused;False;Bob;AWS-Foundational-Security-Best-Practices;AWS Foundational Security Best Practices;
aws;The AWS Foundational Security Best Practices standard is a set of controls that detect when your deployed accounts and resources deviate from security best practices.;128529977749;eu-north-1;2026-09-01 14:00:52.311778;IAM.26;This controls checks whether an active SSL/TLS server certificate that is managed in IAM has expired. The control fails if the expired SSL/TLS server certificate isn't removed.;IAM;;;IAM;;PASS;User Bob does not have access keys.;arn:aws:iam::128529977749:user/Bob;iam_user_accesskey_unused;False;Bob;AWS-Foundational-Security-Best-Practices;AWS Foundational Security Best Practices;
aws;The AWS Foundational Security Best Practices standard is a set of controls that detect when your deployed accounts and resources deviate from security best practices.;128529977749;eu-north-1;2026-09-01 14:00:52.311778;IAM.8;This control checks whether your IAM users have passwords or active access keys that have not been used for 90 days.;IAM;;;IAM;;PASS;User ce-capstone-ci does not have unused access keys for 45 days.;arn:aws:iam::128529977749:user/ce-capstone-ci;iam_user_accesskey_unused;False;ce-capstone-ci;AWS-Foundational-Security-Best-Practices;AWS Foundational Security Best Practices;
aws;The AWS Foundational Security Best Practices standard is a set of controls that detect when your deployed accounts and resources deviate from security best practices.;128529977749;eu-north-1;2026-09-01 14:00:52.311778;IAM.22;This control checks whether your IAM users have passwords or active access keys that have not been used for 45 days or more. To do so, it checks whether the maxCredentialUsageAge parameter of the AWS Config rule is equal to 45 or more.;IAM;;;IAM;;PASS;User ce-capstone-ci does not have unused access keys for 45 days.;arn:aws:iam::128529977749:user/ce-capstone-ci;iam_user_accesskey_unused;False;ce-capstone-ci;AWS-Foundational-Security-Best-Practices;AWS Foundational Security Best Practices;
aws;The AWS Foundational Security Best Practices standard is a set of controls that detect when your deployed accounts and resources deviate from security best practices.;128529977749;eu-north-1;2026-09-01 14:00:52.311778;IAM.26;This controls checks whether an active SSL/TLS server certificate that is managed in IAM has expired. The control fails if the expired SSL/TLS server certificate isn't removed.;IAM;;;IAM;;PASS;User ce-capstone-ci does not have unused access keys for 45 days.;arn:aws:iam::128529977749:user/ce-capstone-ci;iam_user_accesskey_unused;False;ce-capstone-ci;AWS-Foundational-Security-Best-Practices;AWS Foundational Security Best Practices;
aws;The AWS Foundational Security Best Practices standard is a set of controls that detect when your deployed accounts and resources deviate from security best practices.;128529977749;eu-north-1;2026-09-01 14:00:52.311778;IAM.8;This control checks whether your IAM users have passwords or active access keys that have not been used for 90 days.;IAM;;;IAM;;PASS;User Charlie does not have access keys.;arn:aws:iam::128529977749:user/Charlie;iam_user_accesskey_unused;False;Charlie;AWS-Foundational-Security-Best-Practices;AWS Foundational Security Best Practices;
aws;The AWS Foundational Security Best Practices standard is a set of controls that detect when your deployed accounts and resources deviate from security best practices.;128529977749;eu-north-1;2026-09-01 14:00:52.311778;IAM.22;This control checks whether your IAM users have passwords or active access keys that have not been used for 45 days or more. To do so, it checks whether the maxCredentialUsageAge parameter of the AWS Config rule is equal to 45 or more.;IAM;;;IAM;;PASS;User Charlie does not have access keys.;arn:aws:iam::128529977749:user/Charlie;iam_user_accesskey_unused;False;Charlie;AWS-Foundational-Security-Best-Practices;AWS Foundational Security Best Practices;
aws;The AWS Foundational Security Best Practices standard is a set of controls that detect when your deployed accounts and resources deviate from security best practices.;128529977749;eu-north-1;2026-09-01 14:00:52.311778;IAM.26;This controls checks whether an active SSL/TLS server certificate that is managed in IAM has expired. The control fails if the expired SSL/TLS server certificate isn't removed.;IAM;;;IAM;;PASS;User Charlie does not have access keys.;arn:aws:iam::128529977749:user/Charlie;iam_user_accesskey_unused;False;Charlie;AWS-Foundational-Security-Best-Practices;AWS Foundational Security Best Practices;
aws;The AWS Foundational Security Best Practices standard is a set of controls that detect when your deployed accounts and resources deviate from security best practices.;128529977749;eu-north-1;2026-09-01 14:00:52.311778;IAM.8;This control checks whether your IAM users have passwords or active access keys that have not been used for 90 days.;IAM;;;IAM;;FAIL;User test-developer has not used access key 1 in the last 45 days (54 days).;arn:aws:iam::128529977749:user/test-developer;iam_user_accesskey_unused;False;test-developer/AccessKey1;AWS-Foundational-Security-Best-Practices;AWS Foundational Security Best Practices;
aws;The AWS Foundational Security Best Practices standard is a set of controls that detect when your deployed accounts and resources deviate from security best practices.;128529977749;eu-north-1;2026-09-01 14:00:52.311778;IAM.22;This control checks whether your IAM users have passwords or active access keys that have not been used for 45 days or more. To do so, it checks whether the maxCredentialUsageAge parameter of the AWS Config rule is equal to 45 or more.;IAM;;;IAM;;FAIL;User test-developer has not used access key 1 in the last 45 days (54 days).;arn:aws:iam::128529977749:user/test-developer;iam_user_accesskey_unused;False;test-developer/AccessKey1;AWS-Foundational-Security-Best-Practices;AWS Foundational Security Best Practices;
aws;The AWS Foundational Security Best Practices standard is a set of controls that detect when your deployed accounts and resources deviate from security best practices.;128529977749;eu-north-1;2026-09-01 14:00:52.311778;IAM.26;This controls checks whether an active SSL/TLS server certificate that is managed in IAM has expired. The control fails if the expired SSL/TLS server certificate isn't removed.;IAM;;;IAM;;FAIL;User test-developer has not used access key 1 in the last 45 days (54 days).;arn:aws:iam::128529977749:user/test-developer;iam_user_accesskey_unused;False;test-developer/AccessKey1;AWS-Foundational-Security-Best-Practices;AWS Foundational Security Best Practices;
aws;The AWS Foundational Security Best Practices standard is a set of controls that detect when your deployed accounts and resources deviate from security best practices.;128529977749;eu-north-1;2026-09-01 14:00:52.311778;IAM.8;This control checks whether your IAM users have passwords or active access keys that have not been used for 90 days.;IAM;;;IAM;;PASS;User AdnanTest does not have console access enabled or is unused.;arn:aws:iam::128529977749:user/AdnanTest;iam_user_console_access_unused;False;AdnanTest;AWS-Foundational-Security-Best-Practices;AWS Foundational Security Best Practices;
aws;The AWS Foundational Security Best Practices standard is a set of controls that detect when your deployed accounts and resources deviate from security best practices.;128529977749;eu-north-1;2026-09-01 14:00:52.311778;IAM.22;This control checks whether your IAM users have passwords or active access keys that have not been used for 45 days or more. To do so, it checks whether the maxCredentialUsageAge parameter of the AWS Config rule is equal to 45 or more.;IAM;;;IAM;;PASS;User AdnanTest does not have console access enabled or is unused.;arn:aws:iam::128529977749:user/AdnanTest;iam_user_console_access_unused;False;AdnanTest;AWS-Foundational-Security-Best-Practices;AWS Foundational Security Best Practices;
aws;The AWS Foundational Security Best Practices standard is a set of controls that detect when your deployed accounts and resources deviate from security best practices.;128529977749;eu-north-1;2026-09-01 14:00:52.311778;IAM.26;This controls checks whether an active SSL/TLS server certificate that is managed in IAM has expired. The control fails if the expired SSL/TLS server certificate isn't removed.;IAM;;;IAM;;PASS;User AdnanTest does not have console access enabled or is unused.;arn:aws:iam::128529977749:user/AdnanTest;iam_user_console_access_unused;False;AdnanTest;AWS-Foundational-Security-Best-Practices;AWS Foundational Security Best Practices;
aws;The AWS Foundational Security Best Practices standard is a set of controls that detect when your deployed accounts and resources deviate from security best practices.;128529977749;eu-north-1;2026-09-01 14:00:52.311778;IAM.8;This control checks whether your IAM users have passwords or active access keys that have not been used for 90 days.;IAM;;;IAM;;FAIL;User Alice has not logged in to the console in the past 45 days (55 days).;arn:aws:iam::128529977749:user/Alice;iam_user_console_access_unused;False;Alice;AWS-Foundational-Security-Best-Practices;AWS Foundational Security Best Practices;
aws;The AWS Foundational Security Best Practices standard is a set of controls that detect when your deployed accounts and resources deviate from security best practices.;128529977749;eu-north-1;2026-09-01 14:00:52.311778;IAM.22;This control checks whether your IAM users have passwords or active access keys that have not been used for 45 days or more. To do so, it checks whether the maxCredentialUsageAge parameter of the AWS Config rule is equal to 45 or more.;IAM;;;IAM;;FAIL;User Alice has not logged in to the console in the past 45 days (55 days).;arn:aws:iam::128529977749:user/Alice;iam_user_console_access_unused;False;Alice;AWS-Foundational-Security-Best-Practices;AWS Foundational Security Best Practices;
aws;The AWS Foundational Security Best Practices standard is a set of controls that detect when your deployed accounts and resources deviate from security best practices.;128529977749;eu-north-1;2026-09-01 14:00:52.311778;IAM.26;This controls checks whether an active SSL/TLS server certificate that is managed in IAM has expired. The control fails if the expired SSL/TLS server certificate isn't removed.;IAM;;;IAM;;FAIL;User Alice has not logged in to the console in the past 45 days (55 days).;arn:aws:iam::128529977749:user/Alice;iam_user_console_access_unused;False;Alice;AWS-Foundational-Security-Best-Practices;AWS Foundational Security Best Practices;
aws;The AWS Foundational Security Best Practices standard is a set of controls that detect when your deployed accounts and resources deviate from security best practices.;128529977749;eu-north-1;2026-09-01 14:00:52.311778;IAM.8;This control checks whether your IAM users have passwords or active access keys that have not been used for 90 days.;IAM;;;IAM;;FAIL;User Bob has not logged in to the console in the past 45 days (55 days).;arn:aws:iam::128529977749:user/Bob;iam_user_console_access_unused;False;Bob;AWS-Foundational-Security-Best-Practices;AWS Foundational Security Best Practices;
aws;The AWS Foundational Security Best Practices standard is a set of controls that detect when your deployed accounts and resources deviate from security best practices.;128529977749;eu-north-1;2026-09-01 14:00:52.311778;IAM.22;This control checks whether your IAM users have passwords or active access keys that have not been used for 45 days or more. To do so, it checks whether the maxCredentialUsageAge parameter of the AWS Config rule is equal to 45 or more.;IAM;;;IAM;;FAIL;User Bob has not logged in to the console in the past 45 days (55 days).;arn:aws:iam::128529977749:user/Bob;iam_user_console_access_unused;False;Bob;AWS-Foundational-Security-Best-Practices;AWS Foundational Security Best Practices;
aws;The AWS Foundational Security Best Practices standard is a set of controls that detect when your deployed accounts and resources deviate from security best practices.;128529977749;eu-north-1;2026-09-01 14:00:52.311778;IAM.26;This controls checks whether an active SSL/TLS server certificate that is managed in IAM has expired. The control fails if the expired SSL/TLS server certificate isn't removed.;IAM;;;IAM;;FAIL;User Bob has not logged in to the console in the past 45 days (55 days).;arn:aws:iam::128529977749:user/Bob;iam_user_console_access_unused;False;Bob;AWS-Foundational-Security-Best-Practices;AWS Foundational Security Best Practices;
aws;The AWS Foundational Security Best Practices standard is a set of controls that detect when your deployed accounts and resources deviate from security best practices.;128529977749;eu-north-1;2026-09-01 14:00:52.311778;IAM.8;This control checks whether your IAM users have passwords or active access keys that have not been used for 90 days.;IAM;;;IAM;;PASS;User ce-capstone-ci does not have console access enabled or is unused.;arn:aws:iam::128529977749:user/ce-capstone-ci;iam_user_console_access_unused;False;ce-capstone-ci;AWS-Foundational-Security-Best-Practices;AWS Foundational Security Best Practices;
aws;The AWS Foundational Security Best Practices standard is a set of controls that detect when your deployed accounts and resources deviate from security best practices.;128529977749;eu-north-1;2026-09-01 14:00:52.311778;IAM.22;This control checks whether your IAM users have passwords or active access keys that have not been used for 45 days or more. To do so, it checks whether the maxCredentialUsageAge parameter of the AWS Config rule is equal to 45 or more.;IAM;;;IAM;;PASS;User ce-capstone-ci does not have console access enabled or is unused.;arn:aws:iam::128529977749:user/ce-capstone-ci;iam_user_console_access_unused;False;ce-capstone-ci;AWS-Foundational-Security-Best-Practices;AWS Foundational Security Best Practices;
aws;The AWS Foundational Security Best Practices standard is a set of controls that detect when your deployed accounts and resources deviate from security best practices.;128529977749;eu-north-1;2026-09-01 14:00:52.311778;IAM.26;This controls checks whether an active SSL/TLS server certificate that is managed in IAM has expired. The control fails if the expired SSL/TLS server certificate isn't removed.;IAM;;;IAM;;PASS;User ce-capstone-ci does not have console access enabled or is unused.;arn:aws:iam::128529977749:user/ce-capstone-ci;iam_user_console_access_unused;False;ce-capstone-ci;AWS-Foundational-Security-Best-Practices;AWS Foundational Security Best Practices;
aws;The AWS Foundational Security Best Practices standard is a set of controls that detect when your deployed accounts and resources deviate from security best practices.;128529977749;eu-north-1;2026-09-01 14:00:52.311778;IAM.8;This control checks whether your IAM users have passwords or active access keys that have not been used for 90 days.;IAM;;;IAM;;FAIL;User Charlie has not logged in to the console in the past 45 days (55 days).;arn:aws:iam::128529977749:user/Charlie;iam_user_console_access_unused;False;Charlie;AWS-Foundational-Security-Best-Practices;AWS Foundational Security Best Practices;
aws;The AWS Foundational Security Best Practices standard is a set of controls that detect when your deployed accounts and resources deviate from security best practices.;128529977749;eu-north-1;2026-09-01 14:00:52.311778;IAM.22;This control checks whether your IAM users have passwords or active access keys that have not been used for 45 days or more. To do so, it checks whether the maxCredentialUsageAge parameter of the AWS Config rule is equal to 45 or more.;IAM;;;IAM;;FAIL;User Charlie has not logged in to the console in the past 45 days (55 days).;arn:aws:iam::128529977749:user/Charlie;iam_user_console_access_unused;False;Charlie;AWS-Foundational-Security-Best-Practices;AWS Foundational Security Best Practices;
aws;The AWS Foundational Security Best Practices standard is a set of controls that detect when your deployed accounts and resources deviate from security best practices.;128529977749;eu-north-1;2026-09-01 14:00:52.311778;IAM.26;This controls checks whether an active SSL/TLS server certificate that is managed in IAM has expired. The control fails if the expired SSL/TLS server certificate isn't removed.;IAM;;;IAM;;FAIL;User Charlie has not logged in to the console in the past 45 days (55 days).;arn:aws:iam::128529977749:user/Charlie;iam_user_console_access_unused;False;Charlie;AWS-Foundational-Security-Best-Practices;AWS Foundational Security Best Practices;
aws;The AWS Foundational Security Best Practices standard is a set of controls that detect when your deployed accounts and resources deviate from security best practices.;128529977749;eu-north-1;2026-09-01 14:00:52.311778;IAM.8;This control checks whether your IAM users have passwords or active access keys that have not been used for 90 days.;IAM;;;IAM;;PASS;User test-developer does not have console access enabled or is unused.;arn:aws:iam::128529977749:user/test-developer;iam_user_console_access_unused;False;test-developer;AWS-Foundational-Security-Best-Practices;AWS Foundational Security Best Practices;
aws;The AWS Foundational Security Best Practices standard is a set of controls that detect when your deployed accounts and resources deviate from security best practices.;128529977749;eu-north-1;2026-09-01 14:00:52.311778;IAM.22;This control checks whether your IAM users have passwords or active access keys that have not been used for 45 days or more. To do so, it checks whether the maxCredentialUsageAge parameter of the AWS Config rule is equal to 45 or more.;IAM;;;IAM;;PASS;User test-developer does not have console access enabled or is unused.;arn:aws:iam::128529977749:user/test-developer;iam_user_console_access_unused;False;test-developer;AWS-Foundational-Security-Best-Practices;AWS Foundational Security Best Practices;
aws;The AWS Foundational Security Best Practices standard is a set of controls that detect when your deployed accounts and resources deviate from security best practices.;128529977749;eu-north-1;2026-09-01 14:00:52.311778;IAM.26;This controls checks whether an active SSL/TLS server certificate that is managed in IAM has expired. The control fails if the expired SSL/TLS server certificate isn't removed.;IAM;;;IAM;;PASS;User test-developer does not have console access enabled or is unused.;arn:aws:iam::128529977749:user/test-developer;iam_user_console_access_unused;False;test-developer;AWS-Foundational-Security-Best-Practices;AWS Foundational Security Best Practices;
aws;The AWS Foundational Security Best Practices standard is a set of controls that detect when your deployed accounts and resources deviate from security best practices.;128529977749;eu-north-1;2026-09-01 14:00:52.311778;IAM.5;This control checks whether AWS multi-factor authentication (MFA) is enabled for all IAM users that use a console password.;IAM;;;IAM;;PASS;User AdnanTest does not have Console Password enabled.;arn:aws:iam::128529977749:user/AdnanTest;iam_user_mfa_enabled_console_access;False;AdnanTest;AWS-Foundational-Security-Best-Practices;AWS Foundational Security Best Practices;
aws;The AWS Foundational Security Best Practices standard is a set of controls that detect when your deployed accounts and resources deviate from security best practices.;128529977749;eu-north-1;2026-09-01 14:00:52.311778;IAM.19;This control checks whether the IAM users have multi-factor authentication (MFA) enabled.;IAM;;;IAM;;PASS;User AdnanTest does not have Console Password enabled.;arn:aws:iam::128529977749:user/AdnanTest;iam_user_mfa_enabled_console_access;False;AdnanTest;AWS-Foundational-Security-Best-Practices;AWS Foundational Security Best Practices;
aws;The AWS Foundational Security Best Practices standard is a set of controls that detect when your deployed accounts and resources deviate from security best practices.;128529977749;eu-north-1;2026-09-01 14:00:52.311778;IAM.5;This control checks whether AWS multi-factor authentication (MFA) is enabled for all IAM users that use a console password.;IAM;;;IAM;;FAIL;User Alice has Console Password enabled but MFA disabled.;arn:aws:iam::128529977749:user/Alice;iam_user_mfa_enabled_console_access;False;Alice;AWS-Foundational-Security-Best-Practices;AWS Foundational Security Best Practices;
aws;The AWS Foundational Security Best Practices standard is a set of controls that detect when your deployed accounts and resources deviate from security best practices.;128529977749;eu-north-1;2026-09-01 14:00:52.311778;IAM.19;This control checks whether the IAM users have multi-factor authentication (MFA) enabled.;IAM;;;IAM;;FAIL;User Alice has Console Password enabled but MFA disabled.;arn:aws:iam::128529977749:user/Alice;iam_user_mfa_enabled_console_access;False;Alice;AWS-Foundational-Security-Best-Practices;AWS Foundational Security Best Practices;
aws;The AWS Foundational Security Best Practices standard is a set of controls that detect when your deployed accounts and resources deviate from security best practices.;128529977749;eu-north-1;2026-09-01 14:00:52.311778;IAM.5;This control checks whether AWS multi-factor authentication (MFA) is enabled for all IAM users that use a console password.;IAM;;;IAM;;FAIL;User Bob has Console Password enabled but MFA disabled.;arn:aws:iam::128529977749:user/Bob;iam_user_mfa_enabled_console_access;False;Bob;AWS-Foundational-Security-Best-Practices;AWS Foundational Security Best Practices;
aws;The AWS Foundational Security Best Practices standard is a set of controls that detect when your deployed accounts and resources deviate from security best practices.;128529977749;eu-north-1;2026-09-01 14:00:52.311778;IAM.19;This control checks whether the IAM users have multi-factor authentication (MFA) enabled.;IAM;;;IAM;;FAIL;User Bob has Console Password enabled but MFA disabled.;arn:aws:iam::128529977749:user/Bob;iam_user_mfa_enabled_console_access;False;Bob;AWS-Foundational-Security-Best-Practices;AWS Foundational Security Best Practices;
aws;The AWS Foundational Security Best Practices standard is a set of controls that detect when your deployed accounts and resources deviate from security best practices.;128529977749;eu-north-1;2026-09-01 14:00:52.311778;IAM.5;This control checks whether AWS multi-factor authentication (MFA) is enabled for all IAM users that use a console password.;IAM;;;IAM;;PASS;User ce-capstone-ci does not have Console Password enabled.;arn:aws:iam::128529977749:user/ce-capstone-ci;iam_user_mfa_enabled_console_access;False;ce-capstone-ci;AWS-Foundational-Security-Best-Practices;AWS Foundational Security Best Practices;
aws;The AWS Foundational Security Best Practices standard is a set of controls that detect when your deployed accounts and resources deviate from security best practices.;128529977749;eu-north-1;2026-09-01 14:00:52.311778;IAM.19;This control checks whether the IAM users have multi-factor authentication (MFA) enabled.;IAM;;;IAM;;PASS;User ce-capstone-ci does not have Console Password enabled.;arn:aws:iam::128529977749:user/ce-capstone-ci;iam_user_mfa_enabled_console_access;False;ce-capstone-ci;AWS-Foundational-Security-Best-Practices;AWS Foundational Security Best Practices;
aws;The AWS Foundational Security Best Practices standard is a set of controls that detect when your deployed accounts and resources deviate from security best practices.;128529977749;eu-north-1;2026-09-01 14:00:52.311778;IAM.5;This control checks whether AWS multi-factor authentication (MFA) is enabled for all IAM users that use a console password.;IAM;;;IAM;;FAIL;User Charlie has Console Password enabled but MFA disabled.;arn:aws:iam::128529977749:user/Charlie;iam_user_mfa_enabled_console_access;False;Charlie;AWS-Foundational-Security-Best-Practices;AWS Foundational Security Best Practices;
aws;The AWS Foundational Security Best Practices standard is a set of controls that detect when your deployed accounts and resources deviate from security best practices.;128529977749;eu-north-1;2026-09-01 14:00:52.311778;IAM.19;This control checks whether the IAM users have multi-factor authentication (MFA) enabled.;IAM;;;IAM;;FAIL;User Charlie has Console Password enabled but MFA disabled.;arn:aws:iam::128529977749:user/Charlie;iam_user_mfa_enabled_console_access;False;Charlie;AWS-Foundational-Security-Best-Practices;AWS Foundational Security Best Practices;
aws;The AWS Foundational Security Best Practices standard is a set of controls that detect when your deployed accounts and resources deviate from security best practices.;128529977749;eu-north-1;2026-09-01 14:00:52.311778;IAM.5;This control checks whether AWS multi-factor authentication (MFA) is enabled for all IAM users that use a console password.;IAM;;;IAM;;FAIL;User test-developer has Console Password enabled but MFA disabled.;arn:aws:iam::128529977749:user/test-developer;iam_user_mfa_enabled_console_access;False;test-developer;AWS-Foundational-Security-Best-Practices;AWS Foundational Security Best Practices;
aws;The AWS Foundational Security Best Practices standard is a set of controls that detect when your deployed accounts and resources deviate from security best practices.;128529977749;eu-north-1;2026-09-01 14:00:52.311778;IAM.19;This control checks whether the IAM users have multi-factor authentication (MFA) enabled.;IAM;;;IAM;;FAIL;User test-developer has Console Password enabled but MFA disabled.;arn:aws:iam::128529977749:user/test-developer;iam_user_mfa_enabled_console_access;False;test-developer;AWS-Foundational-Security-Best-Practices;AWS Foundational Security Best Practices;
aws;The AWS Foundational Security Best Practices standard is a set of controls that detect when your deployed accounts and resources deviate from security best practices.;128529977749;eu-north-1;2026-09-01 14:00:52.311778;RDS.11;This control checks whether Amazon Relational Database Service instances have automated backups enabled and the backup retention period is greater than or equal to seven days. The control fails if backups are not enabled, and if the retention period is less than 7 days.;RDS;;;RDS;;PASS;RDS Instance ce-capstone-pg has backup enabled with retention period 1 days.;arn:aws:rds:eu-north-1:128529977749:db:ce-capstone-pg;rds_instance_backup_enabled;False;ce-capstone-pg;AWS-Foundational-Security-Best-Practices;AWS Foundational Security Best Practices;
aws;The AWS Foundational Security Best Practices standard is a set of controls that detect when your deployed accounts and resources deviate from security best practices.;128529977749;eu-north-1;2026-09-01 14:00:52.311778;RDS.17;This control checks whether RDS DB instances are configured to copy all tags to snapshots when the snapshots are created.;RDS;;;RDS;;FAIL;RDS Instance ce-capstone-pg does not have copy tags to snapshots enabled.;arn:aws:rds:eu-north-1:128529977749:db:ce-capstone-pg;rds_instance_copy_tags_to_snapshots;False;ce-capstone-pg;AWS-Foundational-Security-Best-Practices;AWS Foundational Security Best Practices;
aws;The AWS Foundational Security Best Practices standard is a set of controls that detect when your deployed accounts and resources deviate from security best practices.;128529977749;eu-north-1;2026-09-01 14:00:52.311778;RDS.20;This control checks whether an Amazon RDS event subscription exists with notifications enabled for the following source type, event category key-value pairs.;RDS;;;RDS;;FAIL;RDS instance event categories of maintenance, configuration change, and failure are not subscribed.;arn:aws:rds:eu-north-1:128529977749:account;rds_instance_critical_event_subscription;False;128529977749;AWS-Foundational-Security-Best-Practices;AWS Foundational Security Best Practices;
aws;The AWS Foundational Security Best Practices standard is a set of controls that detect when your deployed accounts and resources deviate from security best practices.;128529977749;eu-north-1;2026-09-01 14:00:52.311778;RDS.25;This control checks whether you've changed the administrative username for Amazon Relational Database Service (Amazon RDS) database instances from the default value. The control fails if the administrative username is set to the default value.;RDS;;;RDS;;PASS;RDS Instance ce-capstone-pg is not using the default master username.;arn:aws:rds:eu-north-1:128529977749:db:ce-capstone-pg;rds_instance_default_admin;False;ce-capstone-pg;AWS-Foundational-Security-Best-Practices;AWS Foundational Security Best Practices;
aws;The AWS Foundational Security Best Practices standard is a set of controls that detect when your deployed accounts and resources deviate from security best practices.;128529977749;eu-north-1;2026-09-01 14:00:52.311778;RDS.8;This control checks whether your RDS DB instances that use one of the listed database engines have deletion protection enabled. DatabaseEngines: mariadb,mysql,oracle-ee,oracle-se2,oracle-se1,oracle-se,postgres,sqlserver-ee,sqlserver-se,sqlserver-ex,sqlserver-web.;RDS;;;RDS;;FAIL;RDS Instance ce-capstone-pg deletion protection is not enabled.;arn:aws:rds:eu-north-1:128529977749:db:ce-capstone-pg;rds_instance_deletion_protection;False;ce-capstone-pg;AWS-Foundational-Security-Best-Practices;AWS Foundational Security Best Practices;
aws;The AWS Foundational Security Best Practices standard is a set of controls that detect when your deployed accounts and resources deviate from security best practices.;128529977749;eu-north-1;2026-09-01 14:00:52.311778;RDS.6;This control checks whether enhanced monitoring is enabled for your RDS DB instances. In Amazon RDS, Enhanced Monitoring enables a more rapid response to performance changes in underlying infrastructure. These performance changes could result in a lack of availability of the data. Enhanced Monitoring provides real-time metrics of the operating system that your RDS DB instance runs on. An agent is installed on the instance. The agent can obtain metrics more accurately than is possible from the hypervisor layer.;RDS;;;RDS;;FAIL;RDS Instance ce-capstone-pg does not have enhanced monitoring enabled.;arn:aws:rds:eu-north-1:128529977749:db:ce-capstone-pg;rds_instance_enhanced_monitoring_enabled;False;ce-capstone-pg;AWS-Foundational-Security-Best-Practices;AWS Foundational Security Best Practices;
aws;The AWS Foundational Security Best Practices standard is a set of controls that detect when your deployed accounts and resources deviate from security best practices.;128529977749;eu-north-1;2026-09-01 14:00:52.311778;RDS.21;This control checks whether an Amazon RDS event subscription exists with notifications enabled for the following source type, event category key-value pairs.;RDS;;;RDS;;FAIL;RDS parameter group event categories of configuration change is not subscribed.;arn:aws:rds:eu-north-1:128529977749:account;rds_instance_event_subscription_parameter_groups;False;128529977749;AWS-Foundational-Security-Best-Practices;AWS Foundational Security Best Practices;
aws;The AWS Foundational Security Best Practices standard is a set of controls that detect when your deployed accounts and resources deviate from security best practices.;128529977749;eu-north-1;2026-09-01 14:00:52.311778;RDS.22;This control checks whether an Amazon RDS event subscription exists with notifications enabled for the following source type, event category key-value pairs.;RDS;;;RDS;;FAIL;RDS security group event categories of configuration change and failure are not subscribed.;arn:aws:rds:eu-north-1:128529977749:account;rds_instance_event_subscription_security_groups;False;128529977749;AWS-Foundational-Security-Best-Practices;AWS Foundational Security Best Practices;
aws;The AWS Foundational Security Best Practices standard is a set of controls that detect when your deployed accounts and resources deviate from security best practices.;128529977749;eu-north-1;2026-09-01 14:00:52.311778;RDS.10;This control checks whether an RDS DB instance has IAM database authentication enabled IAM database authentication allows authentication to database instances with an authentication token instead of a password. Network traffic to and from the database is encrypted using SSL.;RDS;;;RDS;;FAIL;RDS Instance ce-capstone-pg does not have IAM authentication enabled.;arn:aws:rds:eu-north-1:128529977749:db:ce-capstone-pg;rds_instance_iam_authentication_enabled;False;ce-capstone-pg;AWS-Foundational-Security-Best-Practices;AWS Foundational Security Best Practices;
aws;The AWS Foundational Security Best Practices standard is a set of controls that detect when your deployed accounts and resources deviate from security best practices.;128529977749;eu-north-1;2026-09-01 14:00:52.311778;RDS.18;This control checks whether an RDS instance is deployed in a VPC (EC2-VPC).;RDS;;;RDS;;PASS;RDS Instance ce-capstone-pg is deployed in a VPC vpc-0613bd89e2ccb2c67.;arn:aws:rds:eu-north-1:128529977749:db:ce-capstone-pg;rds_instance_inside_vpc;False;ce-capstone-pg;AWS-Foundational-Security-Best-Practices;AWS Foundational Security Best Practices;
aws;The AWS Foundational Security Best Practices standard is a set of controls that detect when your deployed accounts and resources deviate from security best practices.;128529977749;eu-north-1;2026-09-01 14:00:52.311778;RDS.9;This control checks whether the logs of Amazon RDS are enabled and sent to CloudWatch Logs. RDS databases should have relevant logs enabled. Database logging provides detailed records of requests made to RDS. Database logs can assist with security and access audits and can help to diagnose availability issues.;RDS;;;RDS;;FAIL;RDS Instance ce-capstone-pg does not have CloudWatch Logs enabled.;arn:aws:rds:eu-north-1:128529977749:db:ce-capstone-pg;rds_instance_integration_cloudwatch_logs;False;ce-capstone-pg;AWS-Foundational-Security-Best-Practices;AWS Foundational Security Best Practices;
aws;The AWS Foundational Security Best Practices standard is a set of controls that detect when your deployed accounts and resources deviate from security best practices.;128529977749;eu-north-1;2026-09-01 14:00:52.311778;RDS.13;This control checks whether automatic minor version upgrades are enabled for the RDS database instance. Enabling automatic minor version upgrades ensures that the latest minor version updates to the relational database management system (RDBMS) are installed. These upgrades might include security patches and bug fixes. Keeping up to date with patch installation is an important step in securing systems.;RDS;;;RDS;;PASS;RDS Instance ce-capstone-pg has minor version upgrade enabled.;arn:aws:rds:eu-north-1:128529977749:db:ce-capstone-pg;rds_instance_minor_version_upgrade_enabled;False;ce-capstone-pg;AWS-Foundational-Security-Best-Practices;AWS Foundational Security Best Practices;
aws;The AWS Foundational Security Best Practices standard is a set of controls that detect when your deployed accounts and resources deviate from security best practices.;128529977749;eu-north-1;2026-09-01 14:00:52.311778;RDS.5;This control checks whether high availability is enabled for your RDS DB instances. RDS DB instances should be configured for multiple Availability Zones (AZs). This ensures the availability of the data stored. Multi-AZ deployments allow for automated failover if there is an issue with Availability Zone availability and during regular RDS maintenance.;RDS;;;RDS;;FAIL;RDS Instance ce-capstone-pg does not have multi-AZ enabled.;arn:aws:rds:eu-north-1:128529977749:db:ce-capstone-pg;rds_instance_multi_az;False;ce-capstone-pg;AWS-Foundational-Security-Best-Practices;AWS Foundational Security Best Practices;
aws;The AWS Foundational Security Best Practices standard is a set of controls that detect when your deployed accounts and resources deviate from security best practices.;128529977749;eu-north-1;2026-09-01 14:00:52.311778;RDS.2;This control checks whether Amazon RDS instances are publicly accessible by evaluating the PubliclyAccessible field in the instance configuration item. Neptune DB instances and Amazon DocumentDB clusters do not have the PubliclyAccessible flag and cannot be evaluated. However, this control can still generate findings for these resources. You can suppress these findings.;RDS;;;RDS;;PASS;RDS Instance ce-capstone-pg is not publicly accessible.;arn:aws:rds:eu-north-1:128529977749:db:ce-capstone-pg;rds_instance_no_public_access;False;ce-capstone-pg;AWS-Foundational-Security-Best-Practices;AWS Foundational Security Best Practices;
aws;The AWS Foundational Security Best Practices standard is a set of controls that detect when your deployed accounts and resources deviate from security best practices.;128529977749;eu-north-1;2026-09-01 14:00:52.311778;RDS.23;This control checks whether the RDS cluster or instance uses a port other than the default port of the database engine.;RDS;;;RDS;;FAIL;RDS Instance ce-capstone-pg is using the default port 5432 for postgres.;arn:aws:rds:eu-north-1:128529977749:db:ce-capstone-pg;rds_instance_non_default_port;False;ce-capstone-pg;AWS-Foundational-Security-Best-Practices;AWS Foundational Security Best Practices;
aws;The AWS Foundational Security Best Practices standard is a set of controls that detect when your deployed accounts and resources deviate from security best practices.;128529977749;eu-north-1;2026-09-01 14:00:52.311778;RDS.3;This control checks whether storage encryption is enabled for your Amazon RDS DB instances. This control is intended for RDS DB instances. However, it can also generate findings for Aurora DB instances, Neptune DB instances, and Amazon DocumentDB clusters. If these findings are not useful, then you can suppress them.;RDS;;;RDS;;PASS;RDS Instance ce-capstone-pg is encrypted.;arn:aws:rds:eu-north-1:128529977749:db:ce-capstone-pg;rds_instance_storage_encrypted;False;ce-capstone-pg;AWS-Foundational-Security-Best-Practices;AWS Foundational Security Best Practices;
aws;The AWS Foundational Security Best Practices standard is a set of controls that detect when your deployed accounts and resources deviate from security best practices.;128529977749;eu-north-1;2026-09-01 14:00:52.311778;RDS.38;This control checks whether a connection to an Amazon RDS for PostgreSQL database (DB) instance is encrypted in transit. The control fails if the rds.force_ssl parameter for the parameter group associated with the instance is set to 0 (off). This control doesn't evaluate RDS DB instances that are part of a DB cluster.;RDS;;;RDS;;PASS;RDS Instance ce-capstone-pg connections use SSL encryption.;arn:aws:rds:eu-north-1:128529977749:db:ce-capstone-pg;rds_instance_transport_encrypted;False;ce-capstone-pg;AWS-Foundational-Security-Best-Practices;AWS Foundational Security Best Practices;
aws;The AWS Foundational Security Best Practices standard is a set of controls that detect when your deployed accounts and resources deviate from security best practices.;128529977749;eu-north-1;2026-09-01 14:00:52.311778;RDS.39;This control checks whether a connection to an Amazon RDS for MySQL database (DB) instance is encrypted in transit. The control fails if the rds.require_secure_transport parameter for the parameter group associated with the instance is set to 0 (off). This control doesn't evaluate RDS DB instances that are part of a DB cluster.;RDS;;;RDS;;PASS;RDS Instance ce-capstone-pg connections use SSL encryption.;arn:aws:rds:eu-north-1:128529977749:db:ce-capstone-pg;rds_instance_transport_encrypted;False;ce-capstone-pg;AWS-Foundational-Security-Best-Practices;AWS Foundational Security Best Practices;
aws;The AWS Foundational Security Best Practices standard is a set of controls that detect when your deployed accounts and resources deviate from security best practices.;128529977749;eu-north-1;2026-09-01 14:00:52.311778;RDS.4;This control checks whether RDS DB snapshots are encrypted. This control is intended for RDS DB instances. However, it can also generate findings for snapshots of Aurora DB instances, Neptune DB instances, and Amazon DocumentDB clusters. If these findings are not useful, then you can suppress them.;RDS;;;RDS;;PASS;RDS Instance Snapshot rds:ce-capstone-pg-2026-09-01-08-16 is encrypted.;arn:aws:rds:eu-north-1:128529977749:snapshot:rds:ce-capstone-pg-2026-09-01-08-16;rds_snapshots_encrypted;False;rds:ce-capstone-pg-2026-09-01-08-16;AWS-Foundational-Security-Best-Practices;AWS Foundational Security Best Practices;
aws;The AWS Foundational Security Best Practices standard is a set of controls that detect when your deployed accounts and resources deviate from security best practices.;128529977749;eu-north-1;2026-09-01 14:00:52.311778;RDS.1;This control checks whether Amazon RDS snapshots are public. This control is intended for RDS instances. It can also return findings for snapshots of Aurora DB instances, Neptune DB instances, and Amazon DocumentDB clusters, even though they are not evaluated for public accessibility. If these findings are not useful, you can suppress them.;RDS;;;RDS;;PASS;RDS Instance Snapshot rds:ce-capstone-pg-2026-09-01-08-16 is not shared.;arn:aws:rds:eu-north-1:128529977749:snapshot:rds:ce-capstone-pg-2026-09-01-08-16;rds_snapshots_public_access;False;rds:ce-capstone-pg-2026-09-01-08-16;AWS-Foundational-Security-Best-Practices;AWS Foundational Security Best Practices;
aws;The AWS Foundational Security Best Practices standard is a set of controls that detect when your deployed accounts and resources deviate from security best practices.;128529977749;eu-north-1;2026-09-01 14:00:52.311778;S3.1;This control checks whether the following Amazon S3 public access block settings are configured at the account level;S3;;;S3;;FAIL;Block Public Access is not configured for the account 128529977749.;arn:aws:s3:eu-north-1:128529977749:account;s3_account_level_public_access_blocks;False;128529977749;AWS-Foundational-Security-Best-Practices;AWS Foundational Security Best Practices;
aws;The AWS Foundational Security Best Practices standard is a set of controls that detect when your deployed accounts and resources deviate from security best practices.;128529977749;eu-north-1;2026-09-01 14:00:52.311778;S3.12;This control checks whether Amazon S3 buckets provide user permissions via ACLs. The control fails if ACLs are configured for managing user access on S3 buckets.;S3;;;S3;;PASS;S3 Bucket adnan-mpapp-prod-bucket has bucket ACLs disabled.;arn:aws:s3:::adnan-mpapp-prod-bucket;s3_bucket_acl_prohibited;False;adnan-mpapp-prod-bucket;AWS-Foundational-Security-Best-Practices;AWS Foundational Security Best Practices;
aws;The AWS Foundational Security Best Practices standard is a set of controls that detect when your deployed accounts and resources deviate from security best practices.;128529977749;eu-north-1;2026-09-01 14:00:52.311778;S3.12;This control checks whether Amazon S3 buckets provide user permissions via ACLs. The control fails if ACLs are configured for managing user access on S3 buckets.;S3;;;S3;;PASS;S3 Bucket adnan-myapp-dev-bucket has bucket ACLs disabled.;arn:aws:s3:::adnan-myapp-dev-bucket;s3_bucket_acl_prohibited;False;adnan-myapp-dev-bucket;AWS-Foundational-Security-Best-Practices;AWS Foundational Security Best Practices;
aws;The AWS Foundational Security Best Practices standard is a set of controls that detect when your deployed accounts and resources deviate from security best practices.;128529977749;eu-north-1;2026-09-01 14:00:52.311778;S3.12;This control checks whether Amazon S3 buckets provide user permissions via ACLs. The control fails if ACLs are configured for managing user access on S3 buckets.;S3;;;S3;;PASS;S3 Bucket adnan-nooruddin-state-ops-example2 has bucket ACLs disabled.;arn:aws:s3:::adnan-nooruddin-state-ops-example2;s3_bucket_acl_prohibited;False;adnan-nooruddin-state-ops-example2;AWS-Foundational-Security-Best-Practices;AWS Foundational Security Best Practices;
aws;The AWS Foundational Security Best Practices standard is a set of controls that detect when your deployed accounts and resources deviate from security best practices.;128529977749;eu-north-1;2026-09-01 14:00:52.311778;S3.12;This control checks whether Amazon S3 buckets provide user permissions via ACLs. The control fails if ACLs are configured for managing user access on S3 buckets.;S3;;;S3;;PASS;S3 Bucket adnan-nooruddin-state-ops-imported has bucket ACLs disabled.;arn:aws:s3:::adnan-nooruddin-state-ops-imported;s3_bucket_acl_prohibited;False;adnan-nooruddin-state-ops-imported;AWS-Foundational-Security-Best-Practices;AWS Foundational Security Best Practices;
aws;The AWS Foundational Security Best Practices standard is a set of controls that detect when your deployed accounts and resources deviate from security best practices.;128529977749;eu-north-1;2026-09-01 14:00:52.311778;S3.12;This control checks whether Amazon S3 buckets provide user permissions via ACLs. The control fails if ACLs are configured for managing user access on S3 buckets.;S3;;;S3;;PASS;S3 Bucket adnan-nooruddin-state-ops-managed-bucket has bucket ACLs disabled.;arn:aws:s3:::adnan-nooruddin-state-ops-managed-bucket;s3_bucket_acl_prohibited;False;adnan-nooruddin-state-ops-managed-bucket;AWS-Foundational-Security-Best-Practices;AWS Foundational Security Best Practices;
aws;The AWS Foundational Security Best Practices standard is a set of controls that detect when your deployed accounts and resources deviate from security best practices.;128529977749;eu-north-1;2026-09-01 14:00:52.311778;S3.12;This control checks whether Amazon S3 buckets provide user permissions via ACLs. The control fails if ACLs are configured for managing user access on S3 buckets.;S3;;;S3;;PASS;S3 Bucket adnan-nooruddin-state-ops-primary has bucket ACLs disabled.;arn:aws:s3:::adnan-nooruddin-state-ops-primary;s3_bucket_acl_prohibited;False;adnan-nooruddin-state-ops-primary;AWS-Foundational-Security-Best-Practices;AWS Foundational Security Best Practices;
aws;The AWS Foundational Security Best Practices standard is a set of controls that detect when your deployed accounts and resources deviate from security best practices.;128529977749;eu-north-1;2026-09-01 14:00:52.311778;S3.12;This control checks whether Amazon S3 buckets provide user permissions via ACLs. The control fails if ACLs are configured for managing user access on S3 buckets.;S3;;;S3;;PASS;S3 Bucket adnan-nooruddin-terraform-state-bucket has bucket ACLs disabled.;arn:aws:s3:::adnan-nooruddin-terraform-state-bucket;s3_bucket_acl_prohibited;False;adnan-nooruddin-terraform-state-bucket;AWS-Foundational-Security-Best-Practices;AWS Foundational Security Best Practices;
aws;The AWS Foundational Security Best Practices standard is a set of controls that detect when your deployed accounts and resources deviate from security best practices.;128529977749;eu-north-1;2026-09-01 14:00:52.311778;S3.12;This control checks whether Amazon S3 buckets provide user permissions via ACLs. The control fails if ACLs are configured for managing user access on S3 buckets.;S3;;;S3;;PASS;S3 Bucket ce-bootcamp-tfstate-adnannooruddin has bucket ACLs disabled.;arn:aws:s3:::ce-bootcamp-tfstate-adnannooruddin;s3_bucket_acl_prohibited;False;ce-bootcamp-tfstate-adnannooruddin;AWS-Foundational-Security-Best-Practices;AWS Foundational Security Best Practices;
aws;The AWS Foundational Security Best Practices standard is a set of controls that detect when your deployed accounts and resources deviate from security best practices.;128529977749;eu-north-1;2026-09-01 14:00:52.311778;S3.12;This control checks whether Amazon S3 buckets provide user permissions via ACLs. The control fails if ACLs are configured for managing user access on S3 buckets.;S3;;;S3;;PASS;S3 Bucket ce-capstone-artifacts-20260901081024819300000002 has bucket ACLs disabled.;arn:aws:s3:::ce-capstone-artifacts-20260901081024819300000002;s3_bucket_acl_prohibited;False;ce-capstone-artifacts-20260901081024819300000002;AWS-Foundational-Security-Best-Practices;AWS Foundational Security Best Practices;
aws;The AWS Foundational Security Best Practices standard is a set of controls that detect when your deployed accounts and resources deviate from security best practices.;128529977749;eu-north-1;2026-09-01 14:00:52.311778;S3.12;This control checks whether Amazon S3 buckets provide user permissions via ACLs. The control fails if ACLs are configured for managing user access on S3 buckets.;S3;;;S3;;PASS;S3 Bucket ce-capstone-config-128529977749 has bucket ACLs disabled.;arn:aws:s3:::ce-capstone-config-128529977749;s3_bucket_acl_prohibited;False;ce-capstone-config-128529977749;AWS-Foundational-Security-Best-Practices;AWS Foundational Security Best Practices;
aws;The AWS Foundational Security Best Practices standard is a set of controls that detect when your deployed accounts and resources deviate from security best practices.;128529977749;eu-north-1;2026-09-01 14:00:52.311778;S3.12;This control checks whether Amazon S3 buckets provide user permissions via ACLs. The control fails if ACLs are configured for managing user access on S3 buckets.;S3;;;S3;;PASS;S3 Bucket ce-capstone-tfstate-128529977749 has bucket ACLs disabled.;arn:aws:s3:::ce-capstone-tfstate-128529977749;s3_bucket_acl_prohibited;False;ce-capstone-tfstate-128529977749;AWS-Foundational-Security-Best-Practices;AWS Foundational Security Best Practices;
aws;The AWS Foundational Security Best Practices standard is a set of controls that detect when your deployed accounts and resources deviate from security best practices.;128529977749;eu-north-1;2026-09-01 14:00:52.311778;S3.12;This control checks whether Amazon S3 buckets provide user permissions via ACLs. The control fails if ACLs are configured for managing user access on S3 buckets.;S3;;;S3;;PASS;S3 Bucket config-bucket-128529977749 has bucket ACLs disabled.;arn:aws:s3:::config-bucket-128529977749;s3_bucket_acl_prohibited;False;config-bucket-128529977749;AWS-Foundational-Security-Best-Practices;AWS Foundational Security Best Practices;
aws;The AWS Foundational Security Best Practices standard is a set of controls that detect when your deployed accounts and resources deviate from security best practices.;128529977749;eu-north-1;2026-09-01 14:00:52.311778;S3.12;This control checks whether Amazon S3 buckets provide user permissions via ACLs. The control fails if ACLs are configured for managing user access on S3 buckets.;S3;;;S3;;PASS;S3 Bucket gitops-lab-prod-data-store-a8e372d9 has bucket ACLs disabled.;arn:aws:s3:::gitops-lab-prod-data-store-a8e372d9;s3_bucket_acl_prohibited;False;gitops-lab-prod-data-store-a8e372d9;AWS-Foundational-Security-Best-Practices;AWS Foundational Security Best Practices;
aws;The AWS Foundational Security Best Practices standard is a set of controls that detect when your deployed accounts and resources deviate from security best practices.;128529977749;eu-north-1;2026-09-01 14:00:52.311778;S3.6;This control checks whether the S3 bucket policy prevents principals from other AWS accounts from performing denied actions on resources in the S3 bucket.;S3;;;S3;;PASS;S3 Bucket adnan-mpapp-prod-bucket does not have a bucket policy.;arn:aws:s3:::adnan-mpapp-prod-bucket;s3_bucket_cross_account_access;False;adnan-mpapp-prod-bucket;AWS-Foundational-Security-Best-Practices;AWS Foundational Security Best Practices;
aws;The AWS Foundational Security Best Practices standard is a set of controls that detect when your deployed accounts and resources deviate from security best practices.;128529977749;eu-north-1;2026-09-01 14:00:52.311778;S3.7;This control checks whether an Amazon S3 general purpose bucket has cross-Region replication enabled. The control fails if the bucket doesn't have cross-Region replication enabled.;S3;;;S3;;PASS;S3 Bucket adnan-mpapp-prod-bucket does not have a bucket policy.;arn:aws:s3:::adnan-mpapp-prod-bucket;s3_bucket_cross_account_access;False;adnan-mpapp-prod-bucket;AWS-Foundational-Security-Best-Practices;AWS Foundational Security Best Practices;
aws;The AWS Foundational Security Best Practices standard is a set of controls that detect when your deployed accounts and resources deviate from security best practices.;128529977749;eu-north-1;2026-09-01 14:00:52.311778;S3.6;This control checks whether the S3 bucket policy prevents principals from other AWS accounts from performing denied actions on resources in the S3 bucket.;S3;;;S3;;PASS;S3 Bucket adnan-myapp-dev-bucket does not have a bucket policy.;arn:aws:s3:::adnan-myapp-dev-bucket;s3_bucket_cross_account_access;False;adnan-myapp-dev-bucket;AWS-Foundational-Security-Best-Practices;AWS Foundational Security Best Practices;
aws;The AWS Foundational Security Best Practices standard is a set of controls that detect when your deployed accounts and resources deviate from security best practices.;128529977749;eu-north-1;2026-09-01 14:00:52.311778;S3.7;This control checks whether an Amazon S3 general purpose bucket has cross-Region replication enabled. The control fails if the bucket doesn't have cross-Region replication enabled.;S3;;;S3;;PASS;S3 Bucket adnan-myapp-dev-bucket does not have a bucket policy.;arn:aws:s3:::adnan-myapp-dev-bucket;s3_bucket_cross_account_access;False;adnan-myapp-dev-bucket;AWS-Foundational-Security-Best-Practices;AWS Foundational Security Best Practices;
aws;The AWS Foundational Security Best Practices standard is a set of controls that detect when your deployed accounts and resources deviate from security best practices.;128529977749;eu-north-1;2026-09-01 14:00:52.311778;S3.6;This control checks whether the S3 bucket policy prevents principals from other AWS accounts from performing denied actions on resources in the S3 bucket.;S3;;;S3;;PASS;S3 Bucket adnan-nooruddin-state-ops-example2 does not have a bucket policy.;arn:aws:s3:::adnan-nooruddin-state-ops-example2;s3_bucket_cross_account_access;False;adnan-nooruddin-state-ops-example2;AWS-Foundational-Security-Best-Practices;AWS Foundational Security Best Practices;
aws;The AWS Foundational Security Best Practices standard is a set of controls that detect when your deployed accounts and resources deviate from security best practices.;128529977749;eu-north-1;2026-09-01 14:00:52.311778;S3.7;This control checks whether an Amazon S3 general purpose bucket has cross-Region replication enabled. The control fails if the bucket doesn't have cross-Region replication enabled.;S3;;;S3;;PASS;S3 Bucket adnan-nooruddin-state-ops-example2 does not have a bucket policy.;arn:aws:s3:::adnan-nooruddin-state-ops-example2;s3_bucket_cross_account_access;False;adnan-nooruddin-state-ops-example2;AWS-Foundational-Security-Best-Practices;AWS Foundational Security Best Practices;
aws;The AWS Foundational Security Best Practices standard is a set of controls that detect when your deployed accounts and resources deviate from security best practices.;128529977749;eu-north-1;2026-09-01 14:00:52.311778;S3.6;This control checks whether the S3 bucket policy prevents principals from other AWS accounts from performing denied actions on resources in the S3 bucket.;S3;;;S3;;PASS;S3 Bucket adnan-nooruddin-state-ops-imported does not have a bucket policy.;arn:aws:s3:::adnan-nooruddin-state-ops-imported;s3_bucket_cross_account_access;False;adnan-nooruddin-state-ops-imported;AWS-Foundational-Security-Best-Practices;AWS Foundational Security Best Practices;
aws;The AWS Foundational Security Best Practices standard is a set of controls that detect when your deployed accounts and resources deviate from security best practices.;128529977749;eu-north-1;2026-09-01 14:00:52.311778;S3.7;This control checks whether an Amazon S3 general purpose bucket has cross-Region replication enabled. The control fails if the bucket doesn't have cross-Region replication enabled.;S3;;;S3;;PASS;S3 Bucket adnan-nooruddin-state-ops-imported does not have a bucket policy.;arn:aws:s3:::adnan-nooruddin-state-ops-imported;s3_bucket_cross_account_access;False;adnan-nooruddin-state-ops-imported;AWS-Foundational-Security-Best-Practices;AWS Foundational Security Best Practices;
aws;The AWS Foundational Security Best Practices standard is a set of controls that detect when your deployed accounts and resources deviate from security best practices.;128529977749;eu-north-1;2026-09-01 14:00:52.311778;S3.6;This control checks whether the S3 bucket policy prevents principals from other AWS accounts from performing denied actions on resources in the S3 bucket.;S3;;;S3;;PASS;S3 Bucket adnan-nooruddin-state-ops-managed-bucket does not have a bucket policy.;arn:aws:s3:::adnan-nooruddin-state-ops-managed-bucket;s3_bucket_cross_account_access;False;adnan-nooruddin-state-ops-managed-bucket;AWS-Foundational-Security-Best-Practices;AWS Foundational Security Best Practices;
aws;The AWS Foundational Security Best Practices standard is a set of controls that detect when your deployed accounts and resources deviate from security best practices.;128529977749;eu-north-1;2026-09-01 14:00:52.311778;S3.7;This control checks whether an Amazon S3 general purpose bucket has cross-Region replication enabled. The control fails if the bucket doesn't have cross-Region replication enabled.;S3;;;S3;;PASS;S3 Bucket adnan-nooruddin-state-ops-managed-bucket does not have a bucket policy.;arn:aws:s3:::adnan-nooruddin-state-ops-managed-bucket;s3_bucket_cross_account_access;False;adnan-nooruddin-state-ops-managed-bucket;AWS-Foundational-Security-Best-Practices;AWS Foundational Security Best Practices;
aws;The AWS Foundational Security Best Practices standard is a set of controls that detect when your deployed accounts and resources deviate from security best practices.;128529977749;eu-north-1;2026-09-01 14:00:52.311778;S3.6;This control checks whether the S3 bucket policy prevents principals from other AWS accounts from performing denied actions on resources in the S3 bucket.;S3;;;S3;;PASS;S3 Bucket adnan-nooruddin-state-ops-primary does not have a bucket policy.;arn:aws:s3:::adnan-nooruddin-state-ops-primary;s3_bucket_cross_account_access;False;adnan-nooruddin-state-ops-primary;AWS-Foundational-Security-Best-Practices;AWS Foundational Security Best Practices;
aws;The AWS Foundational Security Best Practices standard is a set of controls that detect when your deployed accounts and resources deviate from security best practices.;128529977749;eu-north-1;2026-09-01 14:00:52.311778;S3.7;This control checks whether an Amazon S3 general purpose bucket has cross-Region replication enabled. The control fails if the bucket doesn't have cross-Region replication enabled.;S3;;;S3;;PASS;S3 Bucket adnan-nooruddin-state-ops-primary does not have a bucket policy.;arn:aws:s3:::adnan-nooruddin-state-ops-primary;s3_bucket_cross_account_access;False;adnan-nooruddin-state-ops-primary;AWS-Foundational-Security-Best-Practices;AWS Foundational Security Best Practices;
aws;The AWS Foundational Security Best Practices standard is a set of controls that detect when your deployed accounts and resources deviate from security best practices.;128529977749;eu-north-1;2026-09-01 14:00:52.311778;S3.6;This control checks whether the S3 bucket policy prevents principals from other AWS accounts from performing denied actions on resources in the S3 bucket.;S3;;;S3;;PASS;S3 Bucket adnan-nooruddin-terraform-state-bucket does not have a bucket policy.;arn:aws:s3:::adnan-nooruddin-terraform-state-bucket;s3_bucket_cross_account_access;False;adnan-nooruddin-terraform-state-bucket;AWS-Foundational-Security-Best-Practices;AWS Foundational Security Best Practices;
aws;The AWS Foundational Security Best Practices standard is a set of controls that detect when your deployed accounts and resources deviate from security best practices.;128529977749;eu-north-1;2026-09-01 14:00:52.311778;S3.7;This control checks whether an Amazon S3 general purpose bucket has cross-Region replication enabled. The control fails if the bucket doesn't have cross-Region replication enabled.;S3;;;S3;;PASS;S3 Bucket adnan-nooruddin-terraform-state-bucket does not have a bucket policy.;arn:aws:s3:::adnan-nooruddin-terraform-state-bucket;s3_bucket_cross_account_access;False;adnan-nooruddin-terraform-state-bucket;AWS-Foundational-Security-Best-Practices;AWS Foundational Security Best Practices;
aws;The AWS Foundational Security Best Practices standard is a set of controls that detect when your deployed accounts and resources deviate from security best practices.;128529977749;eu-north-1;2026-09-01 14:00:52.311778;S3.6;This control checks whether the S3 bucket policy prevents principals from other AWS accounts from performing denied actions on resources in the S3 bucket.;S3;;;S3;;PASS;S3 Bucket ce-bootcamp-tfstate-adnannooruddin does not have a bucket policy.;arn:aws:s3:::ce-bootcamp-tfstate-adnannooruddin;s3_bucket_cross_account_access;False;ce-bootcamp-tfstate-adnannooruddin;AWS-Foundational-Security-Best-Practices;AWS Foundational Security Best Practices;
aws;The AWS Foundational Security Best Practices standard is a set of controls that detect when your deployed accounts and resources deviate from security best practices.;128529977749;eu-north-1;2026-09-01 14:00:52.311778;S3.7;This control checks whether an Amazon S3 general purpose bucket has cross-Region replication enabled. The control fails if the bucket doesn't have cross-Region replication enabled.;S3;;;S3;;PASS;S3 Bucket ce-bootcamp-tfstate-adnannooruddin does not have a bucket policy.;arn:aws:s3:::ce-bootcamp-tfstate-adnannooruddin;s3_bucket_cross_account_access;False;ce-bootcamp-tfstate-adnannooruddin;AWS-Foundational-Security-Best-Practices;AWS Foundational Security Best Practices;
aws;The AWS Foundational Security Best Practices standard is a set of controls that detect when your deployed accounts and resources deviate from security best practices.;128529977749;eu-north-1;2026-09-01 14:00:52.311778;S3.6;This control checks whether the S3 bucket policy prevents principals from other AWS accounts from performing denied actions on resources in the S3 bucket.;S3;;;S3;;PASS;S3 Bucket ce-capstone-artifacts-20260901081024819300000002 does not have a bucket policy.;arn:aws:s3:::ce-capstone-artifacts-20260901081024819300000002;s3_bucket_cross_account_access;False;ce-capstone-artifacts-20260901081024819300000002;AWS-Foundational-Security-Best-Practices;AWS Foundational Security Best Practices;
aws;The AWS Foundational Security Best Practices standard is a set of controls that detect when your deployed accounts and resources deviate from security best practices.;128529977749;eu-north-1;2026-09-01 14:00:52.311778;S3.7;This control checks whether an Amazon S3 general purpose bucket has cross-Region replication enabled. The control fails if the bucket doesn't have cross-Region replication enabled.;S3;;;S3;;PASS;S3 Bucket ce-capstone-artifacts-20260901081024819300000002 does not have a bucket policy.;arn:aws:s3:::ce-capstone-artifacts-20260901081024819300000002;s3_bucket_cross_account_access;False;ce-capstone-artifacts-20260901081024819300000002;AWS-Foundational-Security-Best-Practices;AWS Foundational Security Best Practices;
aws;The AWS Foundational Security Best Practices standard is a set of controls that detect when your deployed accounts and resources deviate from security best practices.;128529977749;eu-north-1;2026-09-01 14:00:52.311778;S3.6;This control checks whether the S3 bucket policy prevents principals from other AWS accounts from performing denied actions on resources in the S3 bucket.;S3;;;S3;;PASS;S3 Bucket ce-capstone-config-128529977749 has a bucket policy but it does not allow cross account access.;arn:aws:s3:::ce-capstone-config-128529977749;s3_bucket_cross_account_access;False;ce-capstone-config-128529977749;AWS-Foundational-Security-Best-Practices;AWS Foundational Security Best Practices;
aws;The AWS Foundational Security Best Practices standard is a set of controls that detect when your deployed accounts and resources deviate from security best practices.;128529977749;eu-north-1;2026-09-01 14:00:52.311778;S3.7;This control checks whether an Amazon S3 general purpose bucket has cross-Region replication enabled. The control fails if the bucket doesn't have cross-Region replication enabled.;S3;;;S3;;PASS;S3 Bucket ce-capstone-config-128529977749 has a bucket policy but it does not allow cross account access.;arn:aws:s3:::ce-capstone-config-128529977749;s3_bucket_cross_account_access;False;ce-capstone-config-128529977749;AWS-Foundational-Security-Best-Practices;AWS Foundational Security Best Practices;
aws;The AWS Foundational Security Best Practices standard is a set of controls that detect when your deployed accounts and resources deviate from security best practices.;128529977749;eu-north-1;2026-09-01 14:00:52.311778;S3.6;This control checks whether the S3 bucket policy prevents principals from other AWS accounts from performing denied actions on resources in the S3 bucket.;S3;;;S3;;PASS;S3 Bucket ce-capstone-tfstate-128529977749 does not have a bucket policy.;arn:aws:s3:::ce-capstone-tfstate-128529977749;s3_bucket_cross_account_access;False;ce-capstone-tfstate-128529977749;AWS-Foundational-Security-Best-Practices;AWS Foundational Security Best Practices;
aws;The AWS Foundational Security Best Practices standard is a set of controls that detect when your deployed accounts and resources deviate from security best practices.;128529977749;eu-north-1;2026-09-01 14:00:52.311778;S3.7;This control checks whether an Amazon S3 general purpose bucket has cross-Region replication enabled. The control fails if the bucket doesn't have cross-Region replication enabled.;S3;;;S3;;PASS;S3 Bucket ce-capstone-tfstate-128529977749 does not have a bucket policy.;arn:aws:s3:::ce-capstone-tfstate-128529977749;s3_bucket_cross_account_access;False;ce-capstone-tfstate-128529977749;AWS-Foundational-Security-Best-Practices;AWS Foundational Security Best Practices;
aws;The AWS Foundational Security Best Practices standard is a set of controls that detect when your deployed accounts and resources deviate from security best practices.;128529977749;eu-north-1;2026-09-01 14:00:52.311778;S3.6;This control checks whether the S3 bucket policy prevents principals from other AWS accounts from performing denied actions on resources in the S3 bucket.;S3;;;S3;;PASS;S3 Bucket config-bucket-128529977749 has a bucket policy but it does not allow cross account access.;arn:aws:s3:::config-bucket-128529977749;s3_bucket_cross_account_access;False;config-bucket-128529977749;AWS-Foundational-Security-Best-Practices;AWS Foundational Security Best Practices;
aws;The AWS Foundational Security Best Practices standard is a set of controls that detect when your deployed accounts and resources deviate from security best practices.;128529977749;eu-north-1;2026-09-01 14:00:52.311778;S3.7;This control checks whether an Amazon S3 general purpose bucket has cross-Region replication enabled. The control fails if the bucket doesn't have cross-Region replication enabled.;S3;;;S3;;PASS;S3 Bucket config-bucket-128529977749 has a bucket policy but it does not allow cross account access.;arn:aws:s3:::config-bucket-128529977749;s3_bucket_cross_account_access;False;config-bucket-128529977749;AWS-Foundational-Security-Best-Practices;AWS Foundational Security Best Practices;
aws;The AWS Foundational Security Best Practices standard is a set of controls that detect when your deployed accounts and resources deviate from security best practices.;128529977749;eu-north-1;2026-09-01 14:00:52.311778;S3.6;This control checks whether the S3 bucket policy prevents principals from other AWS accounts from performing denied actions on resources in the S3 bucket.;S3;;;S3;;PASS;S3 Bucket gitops-lab-prod-data-store-a8e372d9 does not have a bucket policy.;arn:aws:s3:::gitops-lab-prod-data-store-a8e372d9;s3_bucket_cross_account_access;False;gitops-lab-prod-data-store-a8e372d9;AWS-Foundational-Security-Best-Practices;AWS Foundational Security Best Practices;
aws;The AWS Foundational Security Best Practices standard is a set of controls that detect when your deployed accounts and resources deviate from security best practices.;128529977749;eu-north-1;2026-09-01 14:00:52.311778;S3.7;This control checks whether an Amazon S3 general purpose bucket has cross-Region replication enabled. The control fails if the bucket doesn't have cross-Region replication enabled.;S3;;;S3;;PASS;S3 Bucket gitops-lab-prod-data-store-a8e372d9 does not have a bucket policy.;arn:aws:s3:::gitops-lab-prod-data-store-a8e372d9;s3_bucket_cross_account_access;False;gitops-lab-prod-data-store-a8e372d9;AWS-Foundational-Security-Best-Practices;AWS Foundational Security Best Practices;
aws;The AWS Foundational Security Best Practices standard is a set of controls that detect when your deployed accounts and resources deviate from security best practices.;128529977749;eu-north-1;2026-09-01 14:00:52.311778;S3.17;This control checks whether an Amazon S3 general purpose bucket is encrypted with an AWS KMS key (SSE-KMS or DSSE-KMS). The control fails if the bucket is encrypted with default encryption (SSE-S3).;S3;;;S3;;FAIL;Server Side Encryption is not configured with kms for S3 Bucket adnan-mpapp-prod-bucket.;arn:aws:s3:::adnan-mpapp-prod-bucket;s3_bucket_kms_encryption;False;adnan-mpapp-prod-bucket;AWS-Foundational-Security-Best-Practices;AWS Foundational Security Best Practices;
aws;The AWS Foundational Security Best Practices standard is a set of controls that detect when your deployed accounts and resources deviate from security best practices.;128529977749;eu-north-1;2026-09-01 14:00:52.311778;S3.17;This control checks whether an Amazon S3 general purpose bucket is encrypted with an AWS KMS key (SSE-KMS or DSSE-KMS). The control fails if the bucket is encrypted with default encryption (SSE-S3).;S3;;;S3;;FAIL;Server Side Encryption is not configured with kms for S3 Bucket adnan-myapp-dev-bucket.;arn:aws:s3:::adnan-myapp-dev-bucket;s3_bucket_kms_encryption;False;adnan-myapp-dev-bucket;AWS-Foundational-Security-Best-Practices;AWS Foundational Security Best Practices;
aws;The AWS Foundational Security Best Practices standard is a set of controls that detect when your deployed accounts and resources deviate from security best practices.;128529977749;eu-north-1;2026-09-01 14:00:52.311778;S3.17;This control checks whether an Amazon S3 general purpose bucket is encrypted with an AWS KMS key (SSE-KMS or DSSE-KMS). The control fails if the bucket is encrypted with default encryption (SSE-S3).;S3;;;S3;;FAIL;Server Side Encryption is not configured with kms for S3 Bucket adnan-nooruddin-state-ops-example2.;arn:aws:s3:::adnan-nooruddin-state-ops-example2;s3_bucket_kms_encryption;False;adnan-nooruddin-state-ops-example2;AWS-Foundational-Security-Best-Practices;AWS Foundational Security Best Practices;
aws;The AWS Foundational Security Best Practices standard is a set of controls that detect when your deployed accounts and resources deviate from security best practices.;128529977749;eu-north-1;2026-09-01 14:00:52.311778;S3.17;This control checks whether an Amazon S3 general purpose bucket is encrypted with an AWS KMS key (SSE-KMS or DSSE-KMS). The control fails if the bucket is encrypted with default encryption (SSE-S3).;S3;;;S3;;FAIL;Server Side Encryption is not configured with kms for S3 Bucket adnan-nooruddin-state-ops-imported.;arn:aws:s3:::adnan-nooruddin-state-ops-imported;s3_bucket_kms_encryption;False;adnan-nooruddin-state-ops-imported;AWS-Foundational-Security-Best-Practices;AWS Foundational Security Best Practices;
aws;The AWS Foundational Security Best Practices standard is a set of controls that detect when your deployed accounts and resources deviate from security best practices.;128529977749;eu-north-1;2026-09-01 14:00:52.311778;S3.17;This control checks whether an Amazon S3 general purpose bucket is encrypted with an AWS KMS key (SSE-KMS or DSSE-KMS). The control fails if the bucket is encrypted with default encryption (SSE-S3).;S3;;;S3;;FAIL;Server Side Encryption is not configured with kms for S3 Bucket adnan-nooruddin-state-ops-managed-bucket.;arn:aws:s3:::adnan-nooruddin-state-ops-managed-bucket;s3_bucket_kms_encryption;False;adnan-nooruddin-state-ops-managed-bucket;AWS-Foundational-Security-Best-Practices;AWS Foundational Security Best Practices;
aws;The AWS Foundational Security Best Practices standard is a set of controls that detect when your deployed accounts and resources deviate from security best practices.;128529977749;eu-north-1;2026-09-01 14:00:52.311778;S3.17;This control checks whether an Amazon S3 general purpose bucket is encrypted with an AWS KMS key (SSE-KMS or DSSE-KMS). The control fails if the bucket is encrypted with default encryption (SSE-S3).;S3;;;S3;;FAIL;Server Side Encryption is not configured with kms for S3 Bucket adnan-nooruddin-state-ops-primary.;arn:aws:s3:::adnan-nooruddin-state-ops-primary;s3_bucket_kms_encryption;False;adnan-nooruddin-state-ops-primary;AWS-Foundational-Security-Best-Practices;AWS Foundational Security Best Practices;
aws;The AWS Foundational Security Best Practices standard is a set of controls that detect when your deployed accounts and resources deviate from security best practices.;128529977749;eu-north-1;2026-09-01 14:00:52.311778;S3.17;This control checks whether an Amazon S3 general purpose bucket is encrypted with an AWS KMS key (SSE-KMS or DSSE-KMS). The control fails if the bucket is encrypted with default encryption (SSE-S3).;S3;;;S3;;FAIL;Server Side Encryption is not configured with kms for S3 Bucket adnan-nooruddin-terraform-state-bucket.;arn:aws:s3:::adnan-nooruddin-terraform-state-bucket;s3_bucket_kms_encryption;False;adnan-nooruddin-terraform-state-bucket;AWS-Foundational-Security-Best-Practices;AWS Foundational Security Best Practices;
aws;The AWS Foundational Security Best Practices standard is a set of controls that detect when your deployed accounts and resources deviate from security best practices.;128529977749;eu-north-1;2026-09-01 14:00:52.311778;S3.17;This control checks whether an Amazon S3 general purpose bucket is encrypted with an AWS KMS key (SSE-KMS or DSSE-KMS). The control fails if the bucket is encrypted with default encryption (SSE-S3).;S3;;;S3;;FAIL;Server Side Encryption is not configured with kms for S3 Bucket ce-bootcamp-tfstate-adnannooruddin.;arn:aws:s3:::ce-bootcamp-tfstate-adnannooruddin;s3_bucket_kms_encryption;False;ce-bootcamp-tfstate-adnannooruddin;AWS-Foundational-Security-Best-Practices;AWS Foundational Security Best Practices;
aws;The AWS Foundational Security Best Practices standard is a set of controls that detect when your deployed accounts and resources deviate from security best practices.;128529977749;eu-north-1;2026-09-01 14:00:52.311778;S3.17;This control checks whether an Amazon S3 general purpose bucket is encrypted with an AWS KMS key (SSE-KMS or DSSE-KMS). The control fails if the bucket is encrypted with default encryption (SSE-S3).;S3;;;S3;;FAIL;Server Side Encryption is not configured with kms for S3 Bucket ce-capstone-artifacts-20260901081024819300000002.;arn:aws:s3:::ce-capstone-artifacts-20260901081024819300000002;s3_bucket_kms_encryption;False;ce-capstone-artifacts-20260901081024819300000002;AWS-Foundational-Security-Best-Practices;AWS Foundational Security Best Practices;
aws;The AWS Foundational Security Best Practices standard is a set of controls that detect when your deployed accounts and resources deviate from security best practices.;128529977749;eu-north-1;2026-09-01 14:00:52.311778;S3.17;This control checks whether an Amazon S3 general purpose bucket is encrypted with an AWS KMS key (SSE-KMS or DSSE-KMS). The control fails if the bucket is encrypted with default encryption (SSE-S3).;S3;;;S3;;FAIL;Server Side Encryption is not configured with kms for S3 Bucket ce-capstone-config-128529977749.;arn:aws:s3:::ce-capstone-config-128529977749;s3_bucket_kms_encryption;False;ce-capstone-config-128529977749;AWS-Foundational-Security-Best-Practices;AWS Foundational Security Best Practices;
aws;The AWS Foundational Security Best Practices standard is a set of controls that detect when your deployed accounts and resources deviate from security best practices.;128529977749;eu-north-1;2026-09-01 14:00:52.311778;S3.17;This control checks whether an Amazon S3 general purpose bucket is encrypted with an AWS KMS key (SSE-KMS or DSSE-KMS). The control fails if the bucket is encrypted with default encryption (SSE-S3).;S3;;;S3;;FAIL;Server Side Encryption is not configured with kms for S3 Bucket ce-capstone-tfstate-128529977749.;arn:aws:s3:::ce-capstone-tfstate-128529977749;s3_bucket_kms_encryption;False;ce-capstone-tfstate-128529977749;AWS-Foundational-Security-Best-Practices;AWS Foundational Security Best Practices;
aws;The AWS Foundational Security Best Practices standard is a set of controls that detect when your deployed accounts and resources deviate from security best practices.;128529977749;eu-north-1;2026-09-01 14:00:52.311778;S3.17;This control checks whether an Amazon S3 general purpose bucket is encrypted with an AWS KMS key (SSE-KMS or DSSE-KMS). The control fails if the bucket is encrypted with default encryption (SSE-S3).;S3;;;S3;;FAIL;Server Side Encryption is not configured with kms for S3 Bucket config-bucket-128529977749.;arn:aws:s3:::config-bucket-128529977749;s3_bucket_kms_encryption;False;config-bucket-128529977749;AWS-Foundational-Security-Best-Practices;AWS Foundational Security Best Practices;
aws;The AWS Foundational Security Best Practices standard is a set of controls that detect when your deployed accounts and resources deviate from security best practices.;128529977749;eu-north-1;2026-09-01 14:00:52.311778;S3.17;This control checks whether an Amazon S3 general purpose bucket is encrypted with an AWS KMS key (SSE-KMS or DSSE-KMS). The control fails if the bucket is encrypted with default encryption (SSE-S3).;S3;;;S3;;PASS;S3 Bucket gitops-lab-prod-data-store-a8e372d9 has Server Side Encryption with aws:kms.;arn:aws:s3:::gitops-lab-prod-data-store-a8e372d9;s3_bucket_kms_encryption;False;gitops-lab-prod-data-store-a8e372d9;AWS-Foundational-Security-Best-Practices;AWS Foundational Security Best Practices;
aws;The AWS Foundational Security Best Practices standard is a set of controls that detect when your deployed accounts and resources deviate from security best practices.;128529977749;eu-north-1;2026-09-01 14:00:52.311778;S3.8;This control checks whether S3 buckets have bucket-level public access blocks applied.;S3;;;S3;;PASS;Block Public Access is configured for the S3 Bucket adnan-mpapp-prod-bucket.;arn:aws:s3:::adnan-mpapp-prod-bucket;s3_bucket_level_public_access_block;False;adnan-mpapp-prod-bucket;AWS-Foundational-Security-Best-Practices;AWS Foundational Security Best Practices;
aws;The AWS Foundational Security Best Practices standard is a set of controls that detect when your deployed accounts and resources deviate from security best practices.;128529977749;eu-north-1;2026-09-01 14:00:52.311778;S3.8;This control checks whether S3 buckets have bucket-level public access blocks applied.;S3;;;S3;;PASS;Block Public Access is configured for the S3 Bucket adnan-myapp-dev-bucket.;arn:aws:s3:::adnan-myapp-dev-bucket;s3_bucket_level_public_access_block;False;adnan-myapp-dev-bucket;AWS-Foundational-Security-Best-Practices;AWS Foundational Security Best Practices;
aws;The AWS Foundational Security Best Practices standard is a set of controls that detect when your deployed accounts and resources deviate from security best practices.;128529977749;eu-north-1;2026-09-01 14:00:52.311778;S3.8;This control checks whether S3 buckets have bucket-level public access blocks applied.;S3;;;S3;;PASS;Block Public Access is configured for the S3 Bucket adnan-nooruddin-state-ops-example2.;arn:aws:s3:::adnan-nooruddin-state-ops-example2;s3_bucket_level_public_access_block;False;adnan-nooruddin-state-ops-example2;AWS-Foundational-Security-Best-Practices;AWS Foundational Security Best Practices;
aws;The AWS Foundational Security Best Practices standard is a set of controls that detect when your deployed accounts and resources deviate from security best practices.;128529977749;eu-north-1;2026-09-01 14:00:52.311778;S3.8;This control checks whether S3 buckets have bucket-level public access blocks applied.;S3;;;S3;;PASS;Block Public Access is configured for the S3 Bucket adnan-nooruddin-state-ops-imported.;arn:aws:s3:::adnan-nooruddin-state-ops-imported;s3_bucket_level_public_access_block;False;adnan-nooruddin-state-ops-imported;AWS-Foundational-Security-Best-Practices;AWS Foundational Security Best Practices;
aws;The AWS Foundational Security Best Practices standard is a set of controls that detect when your deployed accounts and resources deviate from security best practices.;128529977749;eu-north-1;2026-09-01 14:00:52.311778;S3.8;This control checks whether S3 buckets have bucket-level public access blocks applied.;S3;;;S3;;PASS;Block Public Access is configured for the S3 Bucket adnan-nooruddin-state-ops-managed-bucket.;arn:aws:s3:::adnan-nooruddin-state-ops-managed-bucket;s3_bucket_level_public_access_block;False;adnan-nooruddin-state-ops-managed-bucket;AWS-Foundational-Security-Best-Practices;AWS Foundational Security Best Practices;
aws;The AWS Foundational Security Best Practices standard is a set of controls that detect when your deployed accounts and resources deviate from security best practices.;128529977749;eu-north-1;2026-09-01 14:00:52.311778;S3.8;This control checks whether S3 buckets have bucket-level public access blocks applied.;S3;;;S3;;PASS;Block Public Access is configured for the S3 Bucket adnan-nooruddin-state-ops-primary.;arn:aws:s3:::adnan-nooruddin-state-ops-primary;s3_bucket_level_public_access_block;False;adnan-nooruddin-state-ops-primary;AWS-Foundational-Security-Best-Practices;AWS Foundational Security Best Practices;
aws;The AWS Foundational Security Best Practices standard is a set of controls that detect when your deployed accounts and resources deviate from security best practices.;128529977749;eu-north-1;2026-09-01 14:00:52.311778;S3.8;This control checks whether S3 buckets have bucket-level public access blocks applied.;S3;;;S3;;PASS;Block Public Access is configured for the S3 Bucket adnan-nooruddin-terraform-state-bucket.;arn:aws:s3:::adnan-nooruddin-terraform-state-bucket;s3_bucket_level_public_access_block;False;adnan-nooruddin-terraform-state-bucket;AWS-Foundational-Security-Best-Practices;AWS Foundational Security Best Practices;
aws;The AWS Foundational Security Best Practices standard is a set of controls that detect when your deployed accounts and resources deviate from security best practices.;128529977749;eu-north-1;2026-09-01 14:00:52.311778;S3.8;This control checks whether S3 buckets have bucket-level public access blocks applied.;S3;;;S3;;PASS;Block Public Access is configured for the S3 Bucket ce-bootcamp-tfstate-adnannooruddin.;arn:aws:s3:::ce-bootcamp-tfstate-adnannooruddin;s3_bucket_level_public_access_block;False;ce-bootcamp-tfstate-adnannooruddin;AWS-Foundational-Security-Best-Practices;AWS Foundational Security Best Practices;
aws;The AWS Foundational Security Best Practices standard is a set of controls that detect when your deployed accounts and resources deviate from security best practices.;128529977749;eu-north-1;2026-09-01 14:00:52.311778;S3.8;This control checks whether S3 buckets have bucket-level public access blocks applied.;S3;;;S3;;PASS;Block Public Access is configured for the S3 Bucket ce-capstone-artifacts-20260901081024819300000002.;arn:aws:s3:::ce-capstone-artifacts-20260901081024819300000002;s3_bucket_level_public_access_block;False;ce-capstone-artifacts-20260901081024819300000002;AWS-Foundational-Security-Best-Practices;AWS Foundational Security Best Practices;
aws;The AWS Foundational Security Best Practices standard is a set of controls that detect when your deployed accounts and resources deviate from security best practices.;128529977749;eu-north-1;2026-09-01 14:00:52.311778;S3.8;This control checks whether S3 buckets have bucket-level public access blocks applied.;S3;;;S3;;PASS;Block Public Access is configured for the S3 Bucket ce-capstone-config-128529977749.;arn:aws:s3:::ce-capstone-config-128529977749;s3_bucket_level_public_access_block;False;ce-capstone-config-128529977749;AWS-Foundational-Security-Best-Practices;AWS Foundational Security Best Practices;
aws;The AWS Foundational Security Best Practices standard is a set of controls that detect when your deployed accounts and resources deviate from security best practices.;128529977749;eu-north-1;2026-09-01 14:00:52.311778;S3.8;This control checks whether S3 buckets have bucket-level public access blocks applied.;S3;;;S3;;PASS;Block Public Access is configured for the S3 Bucket ce-capstone-tfstate-128529977749.;arn:aws:s3:::ce-capstone-tfstate-128529977749;s3_bucket_level_public_access_block;False;ce-capstone-tfstate-128529977749;AWS-Foundational-Security-Best-Practices;AWS Foundational Security Best Practices;
aws;The AWS Foundational Security Best Practices standard is a set of controls that detect when your deployed accounts and resources deviate from security best practices.;128529977749;eu-north-1;2026-09-01 14:00:52.311778;S3.8;This control checks whether S3 buckets have bucket-level public access blocks applied.;S3;;;S3;;PASS;Block Public Access is configured for the S3 Bucket config-bucket-128529977749.;arn:aws:s3:::config-bucket-128529977749;s3_bucket_level_public_access_block;False;config-bucket-128529977749;AWS-Foundational-Security-Best-Practices;AWS Foundational Security Best Practices;
aws;The AWS Foundational Security Best Practices standard is a set of controls that detect when your deployed accounts and resources deviate from security best practices.;128529977749;eu-north-1;2026-09-01 14:00:52.311778;S3.8;This control checks whether S3 buckets have bucket-level public access blocks applied.;S3;;;S3;;PASS;Block Public Access is configured for the S3 Bucket gitops-lab-prod-data-store-a8e372d9.;arn:aws:s3:::gitops-lab-prod-data-store-a8e372d9;s3_bucket_level_public_access_block;False;gitops-lab-prod-data-store-a8e372d9;AWS-Foundational-Security-Best-Practices;AWS Foundational Security Best Practices;
aws;The AWS Foundational Security Best Practices standard is a set of controls that detect when your deployed accounts and resources deviate from security best practices.;128529977749;eu-north-1;2026-09-01 14:00:52.311778;S3.13;This control checks if a lifecycle policy is configured for an Amazon S3 bucket. This control fails if a lifecycle policy is not configured for an S3 bucket.;S3;;;S3;;FAIL;S3 Bucket adnan-mpapp-prod-bucket does not have a lifecycle configuration enabled.;arn:aws:s3:::adnan-mpapp-prod-bucket;s3_bucket_lifecycle_enabled;False;adnan-mpapp-prod-bucket;AWS-Foundational-Security-Best-Practices;AWS Foundational Security Best Practices;
aws;The AWS Foundational Security Best Practices standard is a set of controls that detect when your deployed accounts and resources deviate from security best practices.;128529977749;eu-north-1;2026-09-01 14:00:52.311778;S3.13;This control checks if a lifecycle policy is configured for an Amazon S3 bucket. This control fails if a lifecycle policy is not configured for an S3 bucket.;S3;;;S3;;FAIL;S3 Bucket adnan-myapp-dev-bucket does not have a lifecycle configuration enabled.;arn:aws:s3:::adnan-myapp-dev-bucket;s3_bucket_lifecycle_enabled;False;adnan-myapp-dev-bucket;AWS-Foundational-Security-Best-Practices;AWS Foundational Security Best Practices;
aws;The AWS Foundational Security Best Practices standard is a set of controls that detect when your deployed accounts and resources deviate from security best practices.;128529977749;eu-north-1;2026-09-01 14:00:52.311778;S3.13;This control checks if a lifecycle policy is configured for an Amazon S3 bucket. This control fails if a lifecycle policy is not configured for an S3 bucket.;S3;;;S3;;FAIL;S3 Bucket adnan-nooruddin-state-ops-example2 does not have a lifecycle configuration enabled.;arn:aws:s3:::adnan-nooruddin-state-ops-example2;s3_bucket_lifecycle_enabled;False;adnan-nooruddin-state-ops-example2;AWS-Foundational-Security-Best-Practices;AWS Foundational Security Best Practices;
aws;The AWS Foundational Security Best Practices standard is a set of controls that detect when your deployed accounts and resources deviate from security best practices.;128529977749;eu-north-1;2026-09-01 14:00:52.311778;S3.13;This control checks if a lifecycle policy is configured for an Amazon S3 bucket. This control fails if a lifecycle policy is not configured for an S3 bucket.;S3;;;S3;;FAIL;S3 Bucket adnan-nooruddin-state-ops-imported does not have a lifecycle configuration enabled.;arn:aws:s3:::adnan-nooruddin-state-ops-imported;s3_bucket_lifecycle_enabled;False;adnan-nooruddin-state-ops-imported;AWS-Foundational-Security-Best-Practices;AWS Foundational Security Best Practices;
aws;The AWS Foundational Security Best Practices standard is a set of controls that detect when your deployed accounts and resources deviate from security best practices.;128529977749;eu-north-1;2026-09-01 14:00:52.311778;S3.13;This control checks if a lifecycle policy is configured for an Amazon S3 bucket. This control fails if a lifecycle policy is not configured for an S3 bucket.;S3;;;S3;;FAIL;S3 Bucket adnan-nooruddin-state-ops-managed-bucket does not have a lifecycle configuration enabled.;arn:aws:s3:::adnan-nooruddin-state-ops-managed-bucket;s3_bucket_lifecycle_enabled;False;adnan-nooruddin-state-ops-managed-bucket;AWS-Foundational-Security-Best-Practices;AWS Foundational Security Best Practices;
aws;The AWS Foundational Security Best Practices standard is a set of controls that detect when your deployed accounts and resources deviate from security best practices.;128529977749;eu-north-1;2026-09-01 14:00:52.311778;S3.13;This control checks if a lifecycle policy is configured for an Amazon S3 bucket. This control fails if a lifecycle policy is not configured for an S3 bucket.;S3;;;S3;;FAIL;S3 Bucket adnan-nooruddin-state-ops-primary does not have a lifecycle configuration enabled.;arn:aws:s3:::adnan-nooruddin-state-ops-primary;s3_bucket_lifecycle_enabled;False;adnan-nooruddin-state-ops-primary;AWS-Foundational-Security-Best-Practices;AWS Foundational Security Best Practices;
aws;The AWS Foundational Security Best Practices standard is a set of controls that detect when your deployed accounts and resources deviate from security best practices.;128529977749;eu-north-1;2026-09-01 14:00:52.311778;S3.13;This control checks if a lifecycle policy is configured for an Amazon S3 bucket. This control fails if a lifecycle policy is not configured for an S3 bucket.;S3;;;S3;;FAIL;S3 Bucket adnan-nooruddin-terraform-state-bucket does not have a lifecycle configuration enabled.;arn:aws:s3:::adnan-nooruddin-terraform-state-bucket;s3_bucket_lifecycle_enabled;False;adnan-nooruddin-terraform-state-bucket;AWS-Foundational-Security-Best-Practices;AWS Foundational Security Best Practices;
aws;The AWS Foundational Security Best Practices standard is a set of controls that detect when your deployed accounts and resources deviate from security best practices.;128529977749;eu-north-1;2026-09-01 14:00:52.311778;S3.13;This control checks if a lifecycle policy is configured for an Amazon S3 bucket. This control fails if a lifecycle policy is not configured for an S3 bucket.;S3;;;S3;;FAIL;S3 Bucket ce-bootcamp-tfstate-adnannooruddin does not have a lifecycle configuration enabled.;arn:aws:s3:::ce-bootcamp-tfstate-adnannooruddin;s3_bucket_lifecycle_enabled;False;ce-bootcamp-tfstate-adnannooruddin;AWS-Foundational-Security-Best-Practices;AWS Foundational Security Best Practices;
aws;The AWS Foundational Security Best Practices standard is a set of controls that detect when your deployed accounts and resources deviate from security best practices.;128529977749;eu-north-1;2026-09-01 14:00:52.311778;S3.13;This control checks if a lifecycle policy is configured for an Amazon S3 bucket. This control fails if a lifecycle policy is not configured for an S3 bucket.;S3;;;S3;;FAIL;S3 Bucket ce-capstone-artifacts-20260901081024819300000002 does not have a lifecycle configuration enabled.;arn:aws:s3:::ce-capstone-artifacts-20260901081024819300000002;s3_bucket_lifecycle_enabled;False;ce-capstone-artifacts-20260901081024819300000002;AWS-Foundational-Security-Best-Practices;AWS Foundational Security Best Practices;
aws;The AWS Foundational Security Best Practices standard is a set of controls that detect when your deployed accounts and resources deviate from security best practices.;128529977749;eu-north-1;2026-09-01 14:00:52.311778;S3.13;This control checks if a lifecycle policy is configured for an Amazon S3 bucket. This control fails if a lifecycle policy is not configured for an S3 bucket.;S3;;;S3;;FAIL;S3 Bucket ce-capstone-config-128529977749 does not have a lifecycle configuration enabled.;arn:aws:s3:::ce-capstone-config-128529977749;s3_bucket_lifecycle_enabled;False;ce-capstone-config-128529977749;AWS-Foundational-Security-Best-Practices;AWS Foundational Security Best Practices;
aws;The AWS Foundational Security Best Practices standard is a set of controls that detect when your deployed accounts and resources deviate from security best practices.;128529977749;eu-north-1;2026-09-01 14:00:52.311778;S3.13;This control checks if a lifecycle policy is configured for an Amazon S3 bucket. This control fails if a lifecycle policy is not configured for an S3 bucket.;S3;;;S3;;PASS;S3 Bucket ce-capstone-tfstate-128529977749 has a lifecycle configuration enabled.;arn:aws:s3:::ce-capstone-tfstate-128529977749;s3_bucket_lifecycle_enabled;False;ce-capstone-tfstate-128529977749;AWS-Foundational-Security-Best-Practices;AWS Foundational Security Best Practices;
aws;The AWS Foundational Security Best Practices standard is a set of controls that detect when your deployed accounts and resources deviate from security best practices.;128529977749;eu-north-1;2026-09-01 14:00:52.311778;S3.13;This control checks if a lifecycle policy is configured for an Amazon S3 bucket. This control fails if a lifecycle policy is not configured for an S3 bucket.;S3;;;S3;;FAIL;S3 Bucket config-bucket-128529977749 does not have a lifecycle configuration enabled.;arn:aws:s3:::config-bucket-128529977749;s3_bucket_lifecycle_enabled;False;config-bucket-128529977749;AWS-Foundational-Security-Best-Practices;AWS Foundational Security Best Practices;
aws;The AWS Foundational Security Best Practices standard is a set of controls that detect when your deployed accounts and resources deviate from security best practices.;128529977749;eu-north-1;2026-09-01 14:00:52.311778;S3.13;This control checks if a lifecycle policy is configured for an Amazon S3 bucket. This control fails if a lifecycle policy is not configured for an S3 bucket.;S3;;;S3;;PASS;S3 Bucket gitops-lab-prod-data-store-a8e372d9 has a lifecycle configuration enabled.;arn:aws:s3:::gitops-lab-prod-data-store-a8e372d9;s3_bucket_lifecycle_enabled;False;gitops-lab-prod-data-store-a8e372d9;AWS-Foundational-Security-Best-Practices;AWS Foundational Security Best Practices;
aws;The AWS Foundational Security Best Practices standard is a set of controls that detect when your deployed accounts and resources deviate from security best practices.;128529977749;eu-north-1;2026-09-01 14:00:52.311778;S3.20;This control checks whether multi-factor authentication (MFA) delete is enabled on an Amazon S3 general purpose versioned bucket. The control fails if MFA delete is not enabled on the bucket. The control doesn't produce findings for buckets that have a Lifecycle configuration.;S3;;;S3;;FAIL;S3 Bucket adnan-mpapp-prod-bucket has MFA Delete disabled.;arn:aws:s3:::adnan-mpapp-prod-bucket;s3_bucket_no_mfa_delete;False;adnan-mpapp-prod-bucket;AWS-Foundational-Security-Best-Practices;AWS Foundational Security Best Practices;
aws;The AWS Foundational Security Best Practices standard is a set of controls that detect when your deployed accounts and resources deviate from security best practices.;128529977749;eu-north-1;2026-09-01 14:00:52.311778;S3.20;This control checks whether multi-factor authentication (MFA) delete is enabled on an Amazon S3 general purpose versioned bucket. The control fails if MFA delete is not enabled on the bucket. The control doesn't produce findings for buckets that have a Lifecycle configuration.;S3;;;S3;;FAIL;S3 Bucket adnan-myapp-dev-bucket has MFA Delete disabled.;arn:aws:s3:::adnan-myapp-dev-bucket;s3_bucket_no_mfa_delete;False;adnan-myapp-dev-bucket;AWS-Foundational-Security-Best-Practices;AWS Foundational Security Best Practices;
aws;The AWS Foundational Security Best Practices standard is a set of controls that detect when your deployed accounts and resources deviate from security best practices.;128529977749;eu-north-1;2026-09-01 14:00:52.311778;S3.20;This control checks whether multi-factor authentication (MFA) delete is enabled on an Amazon S3 general purpose versioned bucket. The control fails if MFA delete is not enabled on the bucket. The control doesn't produce findings for buckets that have a Lifecycle configuration.;S3;;;S3;;FAIL;S3 Bucket adnan-nooruddin-state-ops-example2 has MFA Delete disabled.;arn:aws:s3:::adnan-nooruddin-state-ops-example2;s3_bucket_no_mfa_delete;False;adnan-nooruddin-state-ops-example2;AWS-Foundational-Security-Best-Practices;AWS Foundational Security Best Practices;
aws;The AWS Foundational Security Best Practices standard is a set of controls that detect when your deployed accounts and resources deviate from security best practices.;128529977749;eu-north-1;2026-09-01 14:00:52.311778;S3.20;This control checks whether multi-factor authentication (MFA) delete is enabled on an Amazon S3 general purpose versioned bucket. The control fails if MFA delete is not enabled on the bucket. The control doesn't produce findings for buckets that have a Lifecycle configuration.;S3;;;S3;;FAIL;S3 Bucket adnan-nooruddin-state-ops-imported has MFA Delete disabled.;arn:aws:s3:::adnan-nooruddin-state-ops-imported;s3_bucket_no_mfa_delete;False;adnan-nooruddin-state-ops-imported;AWS-Foundational-Security-Best-Practices;AWS Foundational Security Best Practices;
aws;The AWS Foundational Security Best Practices standard is a set of controls that detect when your deployed accounts and resources deviate from security best practices.;128529977749;eu-north-1;2026-09-01 14:00:52.311778;S3.20;This control checks whether multi-factor authentication (MFA) delete is enabled on an Amazon S3 general purpose versioned bucket. The control fails if MFA delete is not enabled on the bucket. The control doesn't produce findings for buckets that have a Lifecycle configuration.;S3;;;S3;;FAIL;S3 Bucket adnan-nooruddin-state-ops-managed-bucket has MFA Delete disabled.;arn:aws:s3:::adnan-nooruddin-state-ops-managed-bucket;s3_bucket_no_mfa_delete;False;adnan-nooruddin-state-ops-managed-bucket;AWS-Foundational-Security-Best-Practices;AWS Foundational Security Best Practices;
aws;The AWS Foundational Security Best Practices standard is a set of controls that detect when your deployed accounts and resources deviate from security best practices.;128529977749;eu-north-1;2026-09-01 14:00:52.311778;S3.20;This control checks whether multi-factor authentication (MFA) delete is enabled on an Amazon S3 general purpose versioned bucket. The control fails if MFA delete is not enabled on the bucket. The control doesn't produce findings for buckets that have a Lifecycle configuration.;S3;;;S3;;FAIL;S3 Bucket adnan-nooruddin-state-ops-primary has MFA Delete disabled.;arn:aws:s3:::adnan-nooruddin-state-ops-primary;s3_bucket_no_mfa_delete;False;adnan-nooruddin-state-ops-primary;AWS-Foundational-Security-Best-Practices;AWS Foundational Security Best Practices;
aws;The AWS Foundational Security Best Practices standard is a set of controls that detect when your deployed accounts and resources deviate from security best practices.;128529977749;eu-north-1;2026-09-01 14:00:52.311778;S3.20;This control checks whether multi-factor authentication (MFA) delete is enabled on an Amazon S3 general purpose versioned bucket. The control fails if MFA delete is not enabled on the bucket. The control doesn't produce findings for buckets that have a Lifecycle configuration.;S3;;;S3;;FAIL;S3 Bucket adnan-nooruddin-terraform-state-bucket has MFA Delete disabled.;arn:aws:s3:::adnan-nooruddin-terraform-state-bucket;s3_bucket_no_mfa_delete;False;adnan-nooruddin-terraform-state-bucket;AWS-Foundational-Security-Best-Practices;AWS Foundational Security Best Practices;
aws;The AWS Foundational Security Best Practices standard is a set of controls that detect when your deployed accounts and resources deviate from security best practices.;128529977749;eu-north-1;2026-09-01 14:00:52.311778;S3.20;This control checks whether multi-factor authentication (MFA) delete is enabled on an Amazon S3 general purpose versioned bucket. The control fails if MFA delete is not enabled on the bucket. The control doesn't produce findings for buckets that have a Lifecycle configuration.;S3;;;S3;;FAIL;S3 Bucket ce-bootcamp-tfstate-adnannooruddin has MFA Delete disabled.;arn:aws:s3:::ce-bootcamp-tfstate-adnannooruddin;s3_bucket_no_mfa_delete;False;ce-bootcamp-tfstate-adnannooruddin;AWS-Foundational-Security-Best-Practices;AWS Foundational Security Best Practices;
aws;The AWS Foundational Security Best Practices standard is a set of controls that detect when your deployed accounts and resources deviate from security best practices.;128529977749;eu-north-1;2026-09-01 14:00:52.311778;S3.20;This control checks whether multi-factor authentication (MFA) delete is enabled on an Amazon S3 general purpose versioned bucket. The control fails if MFA delete is not enabled on the bucket. The control doesn't produce findings for buckets that have a Lifecycle configuration.;S3;;;S3;;FAIL;S3 Bucket ce-capstone-artifacts-20260901081024819300000002 has MFA Delete disabled.;arn:aws:s3:::ce-capstone-artifacts-20260901081024819300000002;s3_bucket_no_mfa_delete;False;ce-capstone-artifacts-20260901081024819300000002;AWS-Foundational-Security-Best-Practices;AWS Foundational Security Best Practices;
aws;The AWS Foundational Security Best Practices standard is a set of controls that detect when your deployed accounts and resources deviate from security best practices.;128529977749;eu-north-1;2026-09-01 14:00:52.311778;S3.20;This control checks whether multi-factor authentication (MFA) delete is enabled on an Amazon S3 general purpose versioned bucket. The control fails if MFA delete is not enabled on the bucket. The control doesn't produce findings for buckets that have a Lifecycle configuration.;S3;;;S3;;FAIL;S3 Bucket ce-capstone-config-128529977749 has MFA Delete disabled.;arn:aws:s3:::ce-capstone-config-128529977749;s3_bucket_no_mfa_delete;False;ce-capstone-config-128529977749;AWS-Foundational-Security-Best-Practices;AWS Foundational Security Best Practices;
aws;The AWS Foundational Security Best Practices standard is a set of controls that detect when your deployed accounts and resources deviate from security best practices.;128529977749;eu-north-1;2026-09-01 14:00:52.311778;S3.20;This control checks whether multi-factor authentication (MFA) delete is enabled on an Amazon S3 general purpose versioned bucket. The control fails if MFA delete is not enabled on the bucket. The control doesn't produce findings for buckets that have a Lifecycle configuration.;S3;;;S3;;FAIL;S3 Bucket ce-capstone-tfstate-128529977749 has MFA Delete disabled.;arn:aws:s3:::ce-capstone-tfstate-128529977749;s3_bucket_no_mfa_delete;False;ce-capstone-tfstate-128529977749;AWS-Foundational-Security-Best-Practices;AWS Foundational Security Best Practices;
aws;The AWS Foundational Security Best Practices standard is a set of controls that detect when your deployed accounts and resources deviate from security best practices.;128529977749;eu-north-1;2026-09-01 14:00:52.311778;S3.20;This control checks whether multi-factor authentication (MFA) delete is enabled on an Amazon S3 general purpose versioned bucket. The control fails if MFA delete is not enabled on the bucket. The control doesn't produce findings for buckets that have a Lifecycle configuration.;S3;;;S3;;FAIL;S3 Bucket config-bucket-128529977749 has MFA Delete disabled.;arn:aws:s3:::config-bucket-128529977749;s3_bucket_no_mfa_delete;False;config-bucket-128529977749;AWS-Foundational-Security-Best-Practices;AWS Foundational Security Best Practices;
aws;The AWS Foundational Security Best Practices standard is a set of controls that detect when your deployed accounts and resources deviate from security best practices.;128529977749;eu-north-1;2026-09-01 14:00:52.311778;S3.20;This control checks whether multi-factor authentication (MFA) delete is enabled on an Amazon S3 general purpose versioned bucket. The control fails if MFA delete is not enabled on the bucket. The control doesn't produce findings for buckets that have a Lifecycle configuration.;S3;;;S3;;FAIL;S3 Bucket gitops-lab-prod-data-store-a8e372d9 has MFA Delete disabled.;arn:aws:s3:::gitops-lab-prod-data-store-a8e372d9;s3_bucket_no_mfa_delete;False;gitops-lab-prod-data-store-a8e372d9;AWS-Foundational-Security-Best-Practices;AWS Foundational Security Best Practices;
aws;The AWS Foundational Security Best Practices standard is a set of controls that detect when your deployed accounts and resources deviate from security best practices.;128529977749;eu-north-1;2026-09-01 14:00:52.311778;S3.15;This control checks whether an Amazon S3 general purpose bucket has Object Lock enabled. The control fails if Object Lock isn't enabled for the bucket. If you provide a custom value for the mode parameter, the control passes only if S3 Object Lock uses the specified retention mode.;S3;;;S3;;FAIL;S3 Bucket adnan-mpapp-prod-bucket has Object Lock disabled.;arn:aws:s3:::adnan-mpapp-prod-bucket;s3_bucket_object_lock;False;adnan-mpapp-prod-bucket;AWS-Foundational-Security-Best-Practices;AWS Foundational Security Best Practices;
aws;The AWS Foundational Security Best Practices standard is a set of controls that detect when your deployed accounts and resources deviate from security best practices.;128529977749;eu-north-1;2026-09-01 14:00:52.311778;S3.15;This control checks whether an Amazon S3 general purpose bucket has Object Lock enabled. The control fails if Object Lock isn't enabled for the bucket. If you provide a custom value for the mode parameter, the control passes only if S3 Object Lock uses the specified retention mode.;S3;;;S3;;FAIL;S3 Bucket adnan-myapp-dev-bucket has Object Lock disabled.;arn:aws:s3:::adnan-myapp-dev-bucket;s3_bucket_object_lock;False;adnan-myapp-dev-bucket;AWS-Foundational-Security-Best-Practices;AWS Foundational Security Best Practices;
aws;The AWS Foundational Security Best Practices standard is a set of controls that detect when your deployed accounts and resources deviate from security best practices.;128529977749;eu-north-1;2026-09-01 14:00:52.311778;S3.15;This control checks whether an Amazon S3 general purpose bucket has Object Lock enabled. The control fails if Object Lock isn't enabled for the bucket. If you provide a custom value for the mode parameter, the control passes only if S3 Object Lock uses the specified retention mode.;S3;;;S3;;FAIL;S3 Bucket adnan-nooruddin-state-ops-example2 has Object Lock disabled.;arn:aws:s3:::adnan-nooruddin-state-ops-example2;s3_bucket_object_lock;False;adnan-nooruddin-state-ops-example2;AWS-Foundational-Security-Best-Practices;AWS Foundational Security Best Practices;
aws;The AWS Foundational Security Best Practices standard is a set of controls that detect when your deployed accounts and resources deviate from security best practices.;128529977749;eu-north-1;2026-09-01 14:00:52.311778;S3.15;This control checks whether an Amazon S3 general purpose bucket has Object Lock enabled. The control fails if Object Lock isn't enabled for the bucket. If you provide a custom value for the mode parameter, the control passes only if S3 Object Lock uses the specified retention mode.;S3;;;S3;;FAIL;S3 Bucket adnan-nooruddin-state-ops-imported has Object Lock disabled.;arn:aws:s3:::adnan-nooruddin-state-ops-imported;s3_bucket_object_lock;False;adnan-nooruddin-state-ops-imported;AWS-Foundational-Security-Best-Practices;AWS Foundational Security Best Practices;
aws;The AWS Foundational Security Best Practices standard is a set of controls that detect when your deployed accounts and resources deviate from security best practices.;128529977749;eu-north-1;2026-09-01 14:00:52.311778;S3.15;This control checks whether an Amazon S3 general purpose bucket has Object Lock enabled. The control fails if Object Lock isn't enabled for the bucket. If you provide a custom value for the mode parameter, the control passes only if S3 Object Lock uses the specified retention mode.;S3;;;S3;;FAIL;S3 Bucket adnan-nooruddin-state-ops-managed-bucket has Object Lock disabled.;arn:aws:s3:::adnan-nooruddin-state-ops-managed-bucket;s3_bucket_object_lock;False;adnan-nooruddin-state-ops-managed-bucket;AWS-Foundational-Security-Best-Practices;AWS Foundational Security Best Practices;
aws;The AWS Foundational Security Best Practices standard is a set of controls that detect when your deployed accounts and resources deviate from security best practices.;128529977749;eu-north-1;2026-09-01 14:00:52.311778;S3.15;This control checks whether an Amazon S3 general purpose bucket has Object Lock enabled. The control fails if Object Lock isn't enabled for the bucket. If you provide a custom value for the mode parameter, the control passes only if S3 Object Lock uses the specified retention mode.;S3;;;S3;;FAIL;S3 Bucket adnan-nooruddin-state-ops-primary has Object Lock disabled.;arn:aws:s3:::adnan-nooruddin-state-ops-primary;s3_bucket_object_lock;False;adnan-nooruddin-state-ops-primary;AWS-Foundational-Security-Best-Practices;AWS Foundational Security Best Practices;
aws;The AWS Foundational Security Best Practices standard is a set of controls that detect when your deployed accounts and resources deviate from security best practices.;128529977749;eu-north-1;2026-09-01 14:00:52.311778;S3.15;This control checks whether an Amazon S3 general purpose bucket has Object Lock enabled. The control fails if Object Lock isn't enabled for the bucket. If you provide a custom value for the mode parameter, the control passes only if S3 Object Lock uses the specified retention mode.;S3;;;S3;;FAIL;S3 Bucket adnan-nooruddin-terraform-state-bucket has Object Lock disabled.;arn:aws:s3:::adnan-nooruddin-terraform-state-bucket;s3_bucket_object_lock;False;adnan-nooruddin-terraform-state-bucket;AWS-Foundational-Security-Best-Practices;AWS Foundational Security Best Practices;
aws;The AWS Foundational Security Best Practices standard is a set of controls that detect when your deployed accounts and resources deviate from security best practices.;128529977749;eu-north-1;2026-09-01 14:00:52.311778;S3.15;This control checks whether an Amazon S3 general purpose bucket has Object Lock enabled. The control fails if Object Lock isn't enabled for the bucket. If you provide a custom value for the mode parameter, the control passes only if S3 Object Lock uses the specified retention mode.;S3;;;S3;;FAIL;S3 Bucket ce-bootcamp-tfstate-adnannooruddin has Object Lock disabled.;arn:aws:s3:::ce-bootcamp-tfstate-adnannooruddin;s3_bucket_object_lock;False;ce-bootcamp-tfstate-adnannooruddin;AWS-Foundational-Security-Best-Practices;AWS Foundational Security Best Practices;
aws;The AWS Foundational Security Best Practices standard is a set of controls that detect when your deployed accounts and resources deviate from security best practices.;128529977749;eu-north-1;2026-09-01 14:00:52.311778;S3.15;This control checks whether an Amazon S3 general purpose bucket has Object Lock enabled. The control fails if Object Lock isn't enabled for the bucket. If you provide a custom value for the mode parameter, the control passes only if S3 Object Lock uses the specified retention mode.;S3;;;S3;;FAIL;S3 Bucket ce-capstone-artifacts-20260901081024819300000002 has Object Lock disabled.;arn:aws:s3:::ce-capstone-artifacts-20260901081024819300000002;s3_bucket_object_lock;False;ce-capstone-artifacts-20260901081024819300000002;AWS-Foundational-Security-Best-Practices;AWS Foundational Security Best Practices;
aws;The AWS Foundational Security Best Practices standard is a set of controls that detect when your deployed accounts and resources deviate from security best practices.;128529977749;eu-north-1;2026-09-01 14:00:52.311778;S3.15;This control checks whether an Amazon S3 general purpose bucket has Object Lock enabled. The control fails if Object Lock isn't enabled for the bucket. If you provide a custom value for the mode parameter, the control passes only if S3 Object Lock uses the specified retention mode.;S3;;;S3;;FAIL;S3 Bucket ce-capstone-config-128529977749 has Object Lock disabled.;arn:aws:s3:::ce-capstone-config-128529977749;s3_bucket_object_lock;False;ce-capstone-config-128529977749;AWS-Foundational-Security-Best-Practices;AWS Foundational Security Best Practices;
aws;The AWS Foundational Security Best Practices standard is a set of controls that detect when your deployed accounts and resources deviate from security best practices.;128529977749;eu-north-1;2026-09-01 14:00:52.311778;S3.15;This control checks whether an Amazon S3 general purpose bucket has Object Lock enabled. The control fails if Object Lock isn't enabled for the bucket. If you provide a custom value for the mode parameter, the control passes only if S3 Object Lock uses the specified retention mode.;S3;;;S3;;FAIL;S3 Bucket ce-capstone-tfstate-128529977749 has Object Lock disabled.;arn:aws:s3:::ce-capstone-tfstate-128529977749;s3_bucket_object_lock;False;ce-capstone-tfstate-128529977749;AWS-Foundational-Security-Best-Practices;AWS Foundational Security Best Practices;
aws;The AWS Foundational Security Best Practices standard is a set of controls that detect when your deployed accounts and resources deviate from security best practices.;128529977749;eu-north-1;2026-09-01 14:00:52.311778;S3.15;This control checks whether an Amazon S3 general purpose bucket has Object Lock enabled. The control fails if Object Lock isn't enabled for the bucket. If you provide a custom value for the mode parameter, the control passes only if S3 Object Lock uses the specified retention mode.;S3;;;S3;;FAIL;S3 Bucket config-bucket-128529977749 has Object Lock disabled.;arn:aws:s3:::config-bucket-128529977749;s3_bucket_object_lock;False;config-bucket-128529977749;AWS-Foundational-Security-Best-Practices;AWS Foundational Security Best Practices;
aws;The AWS Foundational Security Best Practices standard is a set of controls that detect when your deployed accounts and resources deviate from security best practices.;128529977749;eu-north-1;2026-09-01 14:00:52.311778;S3.15;This control checks whether an Amazon S3 general purpose bucket has Object Lock enabled. The control fails if Object Lock isn't enabled for the bucket. If you provide a custom value for the mode parameter, the control passes only if S3 Object Lock uses the specified retention mode.;S3;;;S3;;FAIL;S3 Bucket gitops-lab-prod-data-store-a8e372d9 has Object Lock disabled.;arn:aws:s3:::gitops-lab-prod-data-store-a8e372d9;s3_bucket_object_lock;False;gitops-lab-prod-data-store-a8e372d9;AWS-Foundational-Security-Best-Practices;AWS Foundational Security Best Practices;
aws;The AWS Foundational Security Best Practices standard is a set of controls that detect when your deployed accounts and resources deviate from security best practices.;128529977749;eu-north-1;2026-09-01 14:00:52.311778;S3.14;This control checks whether an Amazon S3 general purpose bucket has versioning enabled. The control fails if versioning is suspended for the bucket.;S3;;;S3;;PASS;S3 Bucket adnan-mpapp-prod-bucket has versioning enabled.;arn:aws:s3:::adnan-mpapp-prod-bucket;s3_bucket_object_versioning;False;adnan-mpapp-prod-bucket;AWS-Foundational-Security-Best-Practices;AWS Foundational Security Best Practices;
aws;The AWS Foundational Security Best Practices standard is a set of controls that detect when your deployed accounts and resources deviate from security best practices.;128529977749;eu-north-1;2026-09-01 14:00:52.311778;S3.14;This control checks whether an Amazon S3 general purpose bucket has versioning enabled. The control fails if versioning is suspended for the bucket.;S3;;;S3;;PASS;S3 Bucket adnan-myapp-dev-bucket has versioning enabled.;arn:aws:s3:::adnan-myapp-dev-bucket;s3_bucket_object_versioning;False;adnan-myapp-dev-bucket;AWS-Foundational-Security-Best-Practices;AWS Foundational Security Best Practices;
aws;The AWS Foundational Security Best Practices standard is a set of controls that detect when your deployed accounts and resources deviate from security best practices.;128529977749;eu-north-1;2026-09-01 14:00:52.311778;S3.14;This control checks whether an Amazon S3 general purpose bucket has versioning enabled. The control fails if versioning is suspended for the bucket.;S3;;;S3;;FAIL;S3 Bucket adnan-nooruddin-state-ops-example2 has versioning disabled.;arn:aws:s3:::adnan-nooruddin-state-ops-example2;s3_bucket_object_versioning;False;adnan-nooruddin-state-ops-example2;AWS-Foundational-Security-Best-Practices;AWS Foundational Security Best Practices;
aws;The AWS Foundational Security Best Practices standard is a set of controls that detect when your deployed accounts and resources deviate from security best practices.;128529977749;eu-north-1;2026-09-01 14:00:52.311778;S3.14;This control checks whether an Amazon S3 general purpose bucket has versioning enabled. The control fails if versioning is suspended for the bucket.;S3;;;S3;;FAIL;S3 Bucket adnan-nooruddin-state-ops-imported has versioning disabled.;arn:aws:s3:::adnan-nooruddin-state-ops-imported;s3_bucket_object_versioning;False;adnan-nooruddin-state-ops-imported;AWS-Foundational-Security-Best-Practices;AWS Foundational Security Best Practices;
aws;The AWS Foundational Security Best Practices standard is a set of controls that detect when your deployed accounts and resources deviate from security best practices.;128529977749;eu-north-1;2026-09-01 14:00:52.311778;S3.14;This control checks whether an Amazon S3 general purpose bucket has versioning enabled. The control fails if versioning is suspended for the bucket.;S3;;;S3;;FAIL;S3 Bucket adnan-nooruddin-state-ops-managed-bucket has versioning disabled.;arn:aws:s3:::adnan-nooruddin-state-ops-managed-bucket;s3_bucket_object_versioning;False;adnan-nooruddin-state-ops-managed-bucket;AWS-Foundational-Security-Best-Practices;AWS Foundational Security Best Practices;
aws;The AWS Foundational Security Best Practices standard is a set of controls that detect when your deployed accounts and resources deviate from security best practices.;128529977749;eu-north-1;2026-09-01 14:00:52.311778;S3.14;This control checks whether an Amazon S3 general purpose bucket has versioning enabled. The control fails if versioning is suspended for the bucket.;S3;;;S3;;FAIL;S3 Bucket adnan-nooruddin-state-ops-primary has versioning disabled.;arn:aws:s3:::adnan-nooruddin-state-ops-primary;s3_bucket_object_versioning;False;adnan-nooruddin-state-ops-primary;AWS-Foundational-Security-Best-Practices;AWS Foundational Security Best Practices;
aws;The AWS Foundational Security Best Practices standard is a set of controls that detect when your deployed accounts and resources deviate from security best practices.;128529977749;eu-north-1;2026-09-01 14:00:52.311778;S3.14;This control checks whether an Amazon S3 general purpose bucket has versioning enabled. The control fails if versioning is suspended for the bucket.;S3;;;S3;;PASS;S3 Bucket adnan-nooruddin-terraform-state-bucket has versioning enabled.;arn:aws:s3:::adnan-nooruddin-terraform-state-bucket;s3_bucket_object_versioning;False;adnan-nooruddin-terraform-state-bucket;AWS-Foundational-Security-Best-Practices;AWS Foundational Security Best Practices;
aws;The AWS Foundational Security Best Practices standard is a set of controls that detect when your deployed accounts and resources deviate from security best practices.;128529977749;eu-north-1;2026-09-01 14:00:52.311778;S3.14;This control checks whether an Amazon S3 general purpose bucket has versioning enabled. The control fails if versioning is suspended for the bucket.;S3;;;S3;;PASS;S3 Bucket ce-bootcamp-tfstate-adnannooruddin has versioning enabled.;arn:aws:s3:::ce-bootcamp-tfstate-adnannooruddin;s3_bucket_object_versioning;False;ce-bootcamp-tfstate-adnannooruddin;AWS-Foundational-Security-Best-Practices;AWS Foundational Security Best Practices;
aws;The AWS Foundational Security Best Practices standard is a set of controls that detect when your deployed accounts and resources deviate from security best practices.;128529977749;eu-north-1;2026-09-01 14:00:52.311778;S3.14;This control checks whether an Amazon S3 general purpose bucket has versioning enabled. The control fails if versioning is suspended for the bucket.;S3;;;S3;;FAIL;S3 Bucket ce-capstone-artifacts-20260901081024819300000002 has versioning disabled.;arn:aws:s3:::ce-capstone-artifacts-20260901081024819300000002;s3_bucket_object_versioning;False;ce-capstone-artifacts-20260901081024819300000002;AWS-Foundational-Security-Best-Practices;AWS Foundational Security Best Practices;
aws;The AWS Foundational Security Best Practices standard is a set of controls that detect when your deployed accounts and resources deviate from security best practices.;128529977749;eu-north-1;2026-09-01 14:00:52.311778;S3.14;This control checks whether an Amazon S3 general purpose bucket has versioning enabled. The control fails if versioning is suspended for the bucket.;S3;;;S3;;FAIL;S3 Bucket ce-capstone-config-128529977749 has versioning disabled.;arn:aws:s3:::ce-capstone-config-128529977749;s3_bucket_object_versioning;False;ce-capstone-config-128529977749;AWS-Foundational-Security-Best-Practices;AWS Foundational Security Best Practices;
aws;The AWS Foundational Security Best Practices standard is a set of controls that detect when your deployed accounts and resources deviate from security best practices.;128529977749;eu-north-1;2026-09-01 14:00:52.311778;S3.14;This control checks whether an Amazon S3 general purpose bucket has versioning enabled. The control fails if versioning is suspended for the bucket.;S3;;;S3;;PASS;S3 Bucket ce-capstone-tfstate-128529977749 has versioning enabled.;arn:aws:s3:::ce-capstone-tfstate-128529977749;s3_bucket_object_versioning;False;ce-capstone-tfstate-128529977749;AWS-Foundational-Security-Best-Practices;AWS Foundational Security Best Practices;
aws;The AWS Foundational Security Best Practices standard is a set of controls that detect when your deployed accounts and resources deviate from security best practices.;128529977749;eu-north-1;2026-09-01 14:00:52.311778;S3.14;This control checks whether an Amazon S3 general purpose bucket has versioning enabled. The control fails if versioning is suspended for the bucket.;S3;;;S3;;FAIL;S3 Bucket config-bucket-128529977749 has versioning disabled.;arn:aws:s3:::config-bucket-128529977749;s3_bucket_object_versioning;False;config-bucket-128529977749;AWS-Foundational-Security-Best-Practices;AWS Foundational Security Best Practices;
aws;The AWS Foundational Security Best Practices standard is a set of controls that detect when your deployed accounts and resources deviate from security best practices.;128529977749;eu-north-1;2026-09-01 14:00:52.311778;S3.14;This control checks whether an Amazon S3 general purpose bucket has versioning enabled. The control fails if versioning is suspended for the bucket.;S3;;;S3;;PASS;S3 Bucket gitops-lab-prod-data-store-a8e372d9 has versioning enabled.;arn:aws:s3:::gitops-lab-prod-data-store-a8e372d9;s3_bucket_object_versioning;False;gitops-lab-prod-data-store-a8e372d9;AWS-Foundational-Security-Best-Practices;AWS Foundational Security Best Practices;
aws;The AWS Foundational Security Best Practices standard is a set of controls that detect when your deployed accounts and resources deviate from security best practices.;128529977749;eu-north-1;2026-09-01 14:00:52.311778;S3.3;This control checks whether your S3 buckets allow public write access. It evaluates the block public access settings, the bucket policy, and the bucket access control list (ACL).;S3;;;S3;;PASS;S3 Bucket adnan-mpapp-prod-bucket does not have a bucket policy.;arn:aws:s3:::adnan-mpapp-prod-bucket;s3_bucket_policy_public_write_access;False;adnan-mpapp-prod-bucket;AWS-Foundational-Security-Best-Practices;AWS Foundational Security Best Practices;
aws;The AWS Foundational Security Best Practices standard is a set of controls that detect when your deployed accounts and resources deviate from security best practices.;128529977749;eu-north-1;2026-09-01 14:00:52.311778;S3.3;This control checks whether your S3 buckets allow public write access. It evaluates the block public access settings, the bucket policy, and the bucket access control list (ACL).;S3;;;S3;;PASS;S3 Bucket adnan-myapp-dev-bucket does not have a bucket policy.;arn:aws:s3:::adnan-myapp-dev-bucket;s3_bucket_policy_public_write_access;False;adnan-myapp-dev-bucket;AWS-Foundational-Security-Best-Practices;AWS Foundational Security Best Practices;
aws;The AWS Foundational Security Best Practices standard is a set of controls that detect when your deployed accounts and resources deviate from security best practices.;128529977749;eu-north-1;2026-09-01 14:00:52.311778;S3.3;This control checks whether your S3 buckets allow public write access. It evaluates the block public access settings, the bucket policy, and the bucket access control list (ACL).;S3;;;S3;;PASS;S3 Bucket adnan-nooruddin-state-ops-example2 does not have a bucket policy.;arn:aws:s3:::adnan-nooruddin-state-ops-example2;s3_bucket_policy_public_write_access;False;adnan-nooruddin-state-ops-example2;AWS-Foundational-Security-Best-Practices;AWS Foundational Security Best Practices;
aws;The AWS Foundational Security Best Practices standard is a set of controls that detect when your deployed accounts and resources deviate from security best practices.;128529977749;eu-north-1;2026-09-01 14:00:52.311778;S3.3;This control checks whether your S3 buckets allow public write access. It evaluates the block public access settings, the bucket policy, and the bucket access control list (ACL).;S3;;;S3;;PASS;S3 Bucket adnan-nooruddin-state-ops-imported does not have a bucket policy.;arn:aws:s3:::adnan-nooruddin-state-ops-imported;s3_bucket_policy_public_write_access;False;adnan-nooruddin-state-ops-imported;AWS-Foundational-Security-Best-Practices;AWS Foundational Security Best Practices;
aws;The AWS Foundational Security Best Practices standard is a set of controls that detect when your deployed accounts and resources deviate from security best practices.;128529977749;eu-north-1;2026-09-01 14:00:52.311778;S3.3;This control checks whether your S3 buckets allow public write access. It evaluates the block public access settings, the bucket policy, and the bucket access control list (ACL).;S3;;;S3;;PASS;S3 Bucket adnan-nooruddin-state-ops-managed-bucket does not have a bucket policy.;arn:aws:s3:::adnan-nooruddin-state-ops-managed-bucket;s3_bucket_policy_public_write_access;False;adnan-nooruddin-state-ops-managed-bucket;AWS-Foundational-Security-Best-Practices;AWS Foundational Security Best Practices;
aws;The AWS Foundational Security Best Practices standard is a set of controls that detect when your deployed accounts and resources deviate from security best practices.;128529977749;eu-north-1;2026-09-01 14:00:52.311778;S3.3;This control checks whether your S3 buckets allow public write access. It evaluates the block public access settings, the bucket policy, and the bucket access control list (ACL).;S3;;;S3;;PASS;S3 Bucket adnan-nooruddin-state-ops-primary does not have a bucket policy.;arn:aws:s3:::adnan-nooruddin-state-ops-primary;s3_bucket_policy_public_write_access;False;adnan-nooruddin-state-ops-primary;AWS-Foundational-Security-Best-Practices;AWS Foundational Security Best Practices;
aws;The AWS Foundational Security Best Practices standard is a set of controls that detect when your deployed accounts and resources deviate from security best practices.;128529977749;eu-north-1;2026-09-01 14:00:52.311778;S3.3;This control checks whether your S3 buckets allow public write access. It evaluates the block public access settings, the bucket policy, and the bucket access control list (ACL).;S3;;;S3;;PASS;S3 Bucket adnan-nooruddin-terraform-state-bucket does not have a bucket policy.;arn:aws:s3:::adnan-nooruddin-terraform-state-bucket;s3_bucket_policy_public_write_access;False;adnan-nooruddin-terraform-state-bucket;AWS-Foundational-Security-Best-Practices;AWS Foundational Security Best Practices;
aws;The AWS Foundational Security Best Practices standard is a set of controls that detect when your deployed accounts and resources deviate from security best practices.;128529977749;eu-north-1;2026-09-01 14:00:52.311778;S3.3;This control checks whether your S3 buckets allow public write access. It evaluates the block public access settings, the bucket policy, and the bucket access control list (ACL).;S3;;;S3;;PASS;S3 Bucket ce-bootcamp-tfstate-adnannooruddin does not have a bucket policy.;arn:aws:s3:::ce-bootcamp-tfstate-adnannooruddin;s3_bucket_policy_public_write_access;False;ce-bootcamp-tfstate-adnannooruddin;AWS-Foundational-Security-Best-Practices;AWS Foundational Security Best Practices;
aws;The AWS Foundational Security Best Practices standard is a set of controls that detect when your deployed accounts and resources deviate from security best practices.;128529977749;eu-north-1;2026-09-01 14:00:52.311778;S3.3;This control checks whether your S3 buckets allow public write access. It evaluates the block public access settings, the bucket policy, and the bucket access control list (ACL).;S3;;;S3;;PASS;S3 Bucket ce-capstone-artifacts-20260901081024819300000002 does not have a bucket policy.;arn:aws:s3:::ce-capstone-artifacts-20260901081024819300000002;s3_bucket_policy_public_write_access;False;ce-capstone-artifacts-20260901081024819300000002;AWS-Foundational-Security-Best-Practices;AWS Foundational Security Best Practices;
aws;The AWS Foundational Security Best Practices standard is a set of controls that detect when your deployed accounts and resources deviate from security best practices.;128529977749;eu-north-1;2026-09-01 14:00:52.311778;S3.3;This control checks whether your S3 buckets allow public write access. It evaluates the block public access settings, the bucket policy, and the bucket access control list (ACL).;S3;;;S3;;PASS;S3 public access blocked at bucket level for ce-capstone-config-128529977749.;arn:aws:s3:::ce-capstone-config-128529977749;s3_bucket_policy_public_write_access;False;ce-capstone-config-128529977749;AWS-Foundational-Security-Best-Practices;AWS Foundational Security Best Practices;
aws;The AWS Foundational Security Best Practices standard is a set of controls that detect when your deployed accounts and resources deviate from security best practices.;128529977749;eu-north-1;2026-09-01 14:00:52.311778;S3.3;This control checks whether your S3 buckets allow public write access. It evaluates the block public access settings, the bucket policy, and the bucket access control list (ACL).;S3;;;S3;;PASS;S3 Bucket ce-capstone-tfstate-128529977749 does not have a bucket policy.;arn:aws:s3:::ce-capstone-tfstate-128529977749;s3_bucket_policy_public_write_access;False;ce-capstone-tfstate-128529977749;AWS-Foundational-Security-Best-Practices;AWS Foundational Security Best Practices;
aws;The AWS Foundational Security Best Practices standard is a set of controls that detect when your deployed accounts and resources deviate from security best practices.;128529977749;eu-north-1;2026-09-01 14:00:52.311778;S3.3;This control checks whether your S3 buckets allow public write access. It evaluates the block public access settings, the bucket policy, and the bucket access control list (ACL).;S3;;;S3;;PASS;S3 public access blocked at bucket level for config-bucket-128529977749.;arn:aws:s3:::config-bucket-128529977749;s3_bucket_policy_public_write_access;False;config-bucket-128529977749;AWS-Foundational-Security-Best-Practices;AWS Foundational Security Best Practices;
aws;The AWS Foundational Security Best Practices standard is a set of controls that detect when your deployed accounts and resources deviate from security best practices.;128529977749;eu-north-1;2026-09-01 14:00:52.311778;S3.3;This control checks whether your S3 buckets allow public write access. It evaluates the block public access settings, the bucket policy, and the bucket access control list (ACL).;S3;;;S3;;PASS;S3 Bucket gitops-lab-prod-data-store-a8e372d9 does not have a bucket policy.;arn:aws:s3:::gitops-lab-prod-data-store-a8e372d9;s3_bucket_policy_public_write_access;False;gitops-lab-prod-data-store-a8e372d9;AWS-Foundational-Security-Best-Practices;AWS Foundational Security Best Practices;
aws;The AWS Foundational Security Best Practices standard is a set of controls that detect when your deployed accounts and resources deviate from security best practices.;128529977749;eu-north-1;2026-09-01 14:00:52.311778;S3.3;This control checks whether your S3 buckets allow public write access. It evaluates the block public access settings, the bucket policy, and the bucket access control list (ACL).;S3;;;S3;;PASS;S3 Bucket adnan-mpapp-prod-bucket is not publicly writable.;arn:aws:s3:::adnan-mpapp-prod-bucket;s3_bucket_public_write_acl;False;adnan-mpapp-prod-bucket;AWS-Foundational-Security-Best-Practices;AWS Foundational Security Best Practices;
aws;The AWS Foundational Security Best Practices standard is a set of controls that detect when your deployed accounts and resources deviate from security best practices.;128529977749;eu-north-1;2026-09-01 14:00:52.311778;S3.3;This control checks whether your S3 buckets allow public write access. It evaluates the block public access settings, the bucket policy, and the bucket access control list (ACL).;S3;;;S3;;PASS;S3 Bucket adnan-myapp-dev-bucket is not publicly writable.;arn:aws:s3:::adnan-myapp-dev-bucket;s3_bucket_public_write_acl;False;adnan-myapp-dev-bucket;AWS-Foundational-Security-Best-Practices;AWS Foundational Security Best Practices;
aws;The AWS Foundational Security Best Practices standard is a set of controls that detect when your deployed accounts and resources deviate from security best practices.;128529977749;eu-north-1;2026-09-01 14:00:52.311778;S3.3;This control checks whether your S3 buckets allow public write access. It evaluates the block public access settings, the bucket policy, and the bucket access control list (ACL).;S3;;;S3;;PASS;S3 Bucket adnan-nooruddin-state-ops-example2 is not publicly writable.;arn:aws:s3:::adnan-nooruddin-state-ops-example2;s3_bucket_public_write_acl;False;adnan-nooruddin-state-ops-example2;AWS-Foundational-Security-Best-Practices;AWS Foundational Security Best Practices;
aws;The AWS Foundational Security Best Practices standard is a set of controls that detect when your deployed accounts and resources deviate from security best practices.;128529977749;eu-north-1;2026-09-01 14:00:52.311778;S3.3;This control checks whether your S3 buckets allow public write access. It evaluates the block public access settings, the bucket policy, and the bucket access control list (ACL).;S3;;;S3;;PASS;S3 Bucket adnan-nooruddin-state-ops-imported is not publicly writable.;arn:aws:s3:::adnan-nooruddin-state-ops-imported;s3_bucket_public_write_acl;False;adnan-nooruddin-state-ops-imported;AWS-Foundational-Security-Best-Practices;AWS Foundational Security Best Practices;
aws;The AWS Foundational Security Best Practices standard is a set of controls that detect when your deployed accounts and resources deviate from security best practices.;128529977749;eu-north-1;2026-09-01 14:00:52.311778;S3.3;This control checks whether your S3 buckets allow public write access. It evaluates the block public access settings, the bucket policy, and the bucket access control list (ACL).;S3;;;S3;;PASS;S3 Bucket adnan-nooruddin-state-ops-managed-bucket is not publicly writable.;arn:aws:s3:::adnan-nooruddin-state-ops-managed-bucket;s3_bucket_public_write_acl;False;adnan-nooruddin-state-ops-managed-bucket;AWS-Foundational-Security-Best-Practices;AWS Foundational Security Best Practices;
aws;The AWS Foundational Security Best Practices standard is a set of controls that detect when your deployed accounts and resources deviate from security best practices.;128529977749;eu-north-1;2026-09-01 14:00:52.311778;S3.3;This control checks whether your S3 buckets allow public write access. It evaluates the block public access settings, the bucket policy, and the bucket access control list (ACL).;S3;;;S3;;PASS;S3 Bucket adnan-nooruddin-state-ops-primary is not publicly writable.;arn:aws:s3:::adnan-nooruddin-state-ops-primary;s3_bucket_public_write_acl;False;adnan-nooruddin-state-ops-primary;AWS-Foundational-Security-Best-Practices;AWS Foundational Security Best Practices;
aws;The AWS Foundational Security Best Practices standard is a set of controls that detect when your deployed accounts and resources deviate from security best practices.;128529977749;eu-north-1;2026-09-01 14:00:52.311778;S3.3;This control checks whether your S3 buckets allow public write access. It evaluates the block public access settings, the bucket policy, and the bucket access control list (ACL).;S3;;;S3;;PASS;S3 Bucket adnan-nooruddin-terraform-state-bucket is not publicly writable.;arn:aws:s3:::adnan-nooruddin-terraform-state-bucket;s3_bucket_public_write_acl;False;adnan-nooruddin-terraform-state-bucket;AWS-Foundational-Security-Best-Practices;AWS Foundational Security Best Practices;
aws;The AWS Foundational Security Best Practices standard is a set of controls that detect when your deployed accounts and resources deviate from security best practices.;128529977749;eu-north-1;2026-09-01 14:00:52.311778;S3.3;This control checks whether your S3 buckets allow public write access. It evaluates the block public access settings, the bucket policy, and the bucket access control list (ACL).;S3;;;S3;;PASS;S3 Bucket ce-bootcamp-tfstate-adnannooruddin is not publicly writable.;arn:aws:s3:::ce-bootcamp-tfstate-adnannooruddin;s3_bucket_public_write_acl;False;ce-bootcamp-tfstate-adnannooruddin;AWS-Foundational-Security-Best-Practices;AWS Foundational Security Best Practices;
aws;The AWS Foundational Security Best Practices standard is a set of controls that detect when your deployed accounts and resources deviate from security best practices.;128529977749;eu-north-1;2026-09-01 14:00:52.311778;S3.3;This control checks whether your S3 buckets allow public write access. It evaluates the block public access settings, the bucket policy, and the bucket access control list (ACL).;S3;;;S3;;PASS;S3 Bucket ce-capstone-artifacts-20260901081024819300000002 is not publicly writable.;arn:aws:s3:::ce-capstone-artifacts-20260901081024819300000002;s3_bucket_public_write_acl;False;ce-capstone-artifacts-20260901081024819300000002;AWS-Foundational-Security-Best-Practices;AWS Foundational Security Best Practices;
aws;The AWS Foundational Security Best Practices standard is a set of controls that detect when your deployed accounts and resources deviate from security best practices.;128529977749;eu-north-1;2026-09-01 14:00:52.311778;S3.3;This control checks whether your S3 buckets allow public write access. It evaluates the block public access settings, the bucket policy, and the bucket access control list (ACL).;S3;;;S3;;PASS;S3 Bucket ce-capstone-config-128529977749 is not publicly writable.;arn:aws:s3:::ce-capstone-config-128529977749;s3_bucket_public_write_acl;False;ce-capstone-config-128529977749;AWS-Foundational-Security-Best-Practices;AWS Foundational Security Best Practices;
aws;The AWS Foundational Security Best Practices standard is a set of controls that detect when your deployed accounts and resources deviate from security best practices.;128529977749;eu-north-1;2026-09-01 14:00:52.311778;S3.3;This control checks whether your S3 buckets allow public write access. It evaluates the block public access settings, the bucket policy, and the bucket access control list (ACL).;S3;;;S3;;PASS;S3 Bucket ce-capstone-tfstate-128529977749 is not publicly writable.;arn:aws:s3:::ce-capstone-tfstate-128529977749;s3_bucket_public_write_acl;False;ce-capstone-tfstate-128529977749;AWS-Foundational-Security-Best-Practices;AWS Foundational Security Best Practices;
aws;The AWS Foundational Security Best Practices standard is a set of controls that detect when your deployed accounts and resources deviate from security best practices.;128529977749;eu-north-1;2026-09-01 14:00:52.311778;S3.3;This control checks whether your S3 buckets allow public write access. It evaluates the block public access settings, the bucket policy, and the bucket access control list (ACL).;S3;;;S3;;PASS;S3 Bucket config-bucket-128529977749 is not publicly writable.;arn:aws:s3:::config-bucket-128529977749;s3_bucket_public_write_acl;False;config-bucket-128529977749;AWS-Foundational-Security-Best-Practices;AWS Foundational Security Best Practices;
aws;The AWS Foundational Security Best Practices standard is a set of controls that detect when your deployed accounts and resources deviate from security best practices.;128529977749;eu-north-1;2026-09-01 14:00:52.311778;S3.3;This control checks whether your S3 buckets allow public write access. It evaluates the block public access settings, the bucket policy, and the bucket access control list (ACL).;S3;;;S3;;PASS;S3 Bucket gitops-lab-prod-data-store-a8e372d9 is not publicly writable.;arn:aws:s3:::gitops-lab-prod-data-store-a8e372d9;s3_bucket_public_write_acl;False;gitops-lab-prod-data-store-a8e372d9;AWS-Foundational-Security-Best-Practices;AWS Foundational Security Best Practices;
aws;The AWS Foundational Security Best Practices standard is a set of controls that detect when your deployed accounts and resources deviate from security best practices.;128529977749;eu-north-1;2026-09-01 14:00:52.311778;S3.5;This control checks whether S3 buckets have policies that require requests to use Secure Socket Layer (SSL). S3 buckets should have policies that require all requests (Action: S3:*)to only accept transmission of data over HTTPS in the S3 resource policy, indicated by the condition key aws:SecureTransport.;S3;;;S3;;FAIL;S3 Bucket adnan-mpapp-prod-bucket does not have a bucket policy, thus it allows HTTP requests.;arn:aws:s3:::adnan-mpapp-prod-bucket;s3_bucket_secure_transport_policy;False;adnan-mpapp-prod-bucket;AWS-Foundational-Security-Best-Practices;AWS Foundational Security Best Practices;
aws;The AWS Foundational Security Best Practices standard is a set of controls that detect when your deployed accounts and resources deviate from security best practices.;128529977749;eu-north-1;2026-09-01 14:00:52.311778;S3.5;This control checks whether S3 buckets have policies that require requests to use Secure Socket Layer (SSL). S3 buckets should have policies that require all requests (Action: S3:*)to only accept transmission of data over HTTPS in the S3 resource policy, indicated by the condition key aws:SecureTransport.;S3;;;S3;;FAIL;S3 Bucket adnan-myapp-dev-bucket does not have a bucket policy, thus it allows HTTP requests.;arn:aws:s3:::adnan-myapp-dev-bucket;s3_bucket_secure_transport_policy;False;adnan-myapp-dev-bucket;AWS-Foundational-Security-Best-Practices;AWS Foundational Security Best Practices;
aws;The AWS Foundational Security Best Practices standard is a set of controls that detect when your deployed accounts and resources deviate from security best practices.;128529977749;eu-north-1;2026-09-01 14:00:52.311778;S3.5;This control checks whether S3 buckets have policies that require requests to use Secure Socket Layer (SSL). S3 buckets should have policies that require all requests (Action: S3:*)to only accept transmission of data over HTTPS in the S3 resource policy, indicated by the condition key aws:SecureTransport.;S3;;;S3;;FAIL;S3 Bucket adnan-nooruddin-state-ops-example2 does not have a bucket policy, thus it allows HTTP requests.;arn:aws:s3:::adnan-nooruddin-state-ops-example2;s3_bucket_secure_transport_policy;False;adnan-nooruddin-state-ops-example2;AWS-Foundational-Security-Best-Practices;AWS Foundational Security Best Practices;
aws;The AWS Foundational Security Best Practices standard is a set of controls that detect when your deployed accounts and resources deviate from security best practices.;128529977749;eu-north-1;2026-09-01 14:00:52.311778;S3.5;This control checks whether S3 buckets have policies that require requests to use Secure Socket Layer (SSL). S3 buckets should have policies that require all requests (Action: S3:*)to only accept transmission of data over HTTPS in the S3 resource policy, indicated by the condition key aws:SecureTransport.;S3;;;S3;;FAIL;S3 Bucket adnan-nooruddin-state-ops-imported does not have a bucket policy, thus it allows HTTP requests.;arn:aws:s3:::adnan-nooruddin-state-ops-imported;s3_bucket_secure_transport_policy;False;adnan-nooruddin-state-ops-imported;AWS-Foundational-Security-Best-Practices;AWS Foundational Security Best Practices;
aws;The AWS Foundational Security Best Practices standard is a set of controls that detect when your deployed accounts and resources deviate from security best practices.;128529977749;eu-north-1;2026-09-01 14:00:52.311778;S3.5;This control checks whether S3 buckets have policies that require requests to use Secure Socket Layer (SSL). S3 buckets should have policies that require all requests (Action: S3:*)to only accept transmission of data over HTTPS in the S3 resource policy, indicated by the condition key aws:SecureTransport.;S3;;;S3;;FAIL;S3 Bucket adnan-nooruddin-state-ops-managed-bucket does not have a bucket policy, thus it allows HTTP requests.;arn:aws:s3:::adnan-nooruddin-state-ops-managed-bucket;s3_bucket_secure_transport_policy;False;adnan-nooruddin-state-ops-managed-bucket;AWS-Foundational-Security-Best-Practices;AWS Foundational Security Best Practices;
aws;The AWS Foundational Security Best Practices standard is a set of controls that detect when your deployed accounts and resources deviate from security best practices.;128529977749;eu-north-1;2026-09-01 14:00:52.311778;S3.5;This control checks whether S3 buckets have policies that require requests to use Secure Socket Layer (SSL). S3 buckets should have policies that require all requests (Action: S3:*)to only accept transmission of data over HTTPS in the S3 resource policy, indicated by the condition key aws:SecureTransport.;S3;;;S3;;FAIL;S3 Bucket adnan-nooruddin-state-ops-primary does not have a bucket policy, thus it allows HTTP requests.;arn:aws:s3:::adnan-nooruddin-state-ops-primary;s3_bucket_secure_transport_policy;False;adnan-nooruddin-state-ops-primary;AWS-Foundational-Security-Best-Practices;AWS Foundational Security Best Practices;
aws;The AWS Foundational Security Best Practices standard is a set of controls that detect when your deployed accounts and resources deviate from security best practices.;128529977749;eu-north-1;2026-09-01 14:00:52.311778;S3.5;This control checks whether S3 buckets have policies that require requests to use Secure Socket Layer (SSL). S3 buckets should have policies that require all requests (Action: S3:*)to only accept transmission of data over HTTPS in the S3 resource policy, indicated by the condition key aws:SecureTransport.;S3;;;S3;;FAIL;S3 Bucket adnan-nooruddin-terraform-state-bucket does not have a bucket policy, thus it allows HTTP requests.;arn:aws:s3:::adnan-nooruddin-terraform-state-bucket;s3_bucket_secure_transport_policy;False;adnan-nooruddin-terraform-state-bucket;AWS-Foundational-Security-Best-Practices;AWS Foundational Security Best Practices;
aws;The AWS Foundational Security Best Practices standard is a set of controls that detect when your deployed accounts and resources deviate from security best practices.;128529977749;eu-north-1;2026-09-01 14:00:52.311778;S3.5;This control checks whether S3 buckets have policies that require requests to use Secure Socket Layer (SSL). S3 buckets should have policies that require all requests (Action: S3:*)to only accept transmission of data over HTTPS in the S3 resource policy, indicated by the condition key aws:SecureTransport.;S3;;;S3;;FAIL;S3 Bucket ce-bootcamp-tfstate-adnannooruddin does not have a bucket policy, thus it allows HTTP requests.;arn:aws:s3:::ce-bootcamp-tfstate-adnannooruddin;s3_bucket_secure_transport_policy;False;ce-bootcamp-tfstate-adnannooruddin;AWS-Foundational-Security-Best-Practices;AWS Foundational Security Best Practices;
aws;The AWS Foundational Security Best Practices standard is a set of controls that detect when your deployed accounts and resources deviate from security best practices.;128529977749;eu-north-1;2026-09-01 14:00:52.311778;S3.5;This control checks whether S3 buckets have policies that require requests to use Secure Socket Layer (SSL). S3 buckets should have policies that require all requests (Action: S3:*)to only accept transmission of data over HTTPS in the S3 resource policy, indicated by the condition key aws:SecureTransport.;S3;;;S3;;FAIL;S3 Bucket ce-capstone-artifacts-20260901081024819300000002 does not have a bucket policy, thus it allows HTTP requests.;arn:aws:s3:::ce-capstone-artifacts-20260901081024819300000002;s3_bucket_secure_transport_policy;False;ce-capstone-artifacts-20260901081024819300000002;AWS-Foundational-Security-Best-Practices;AWS Foundational Security Best Practices;
aws;The AWS Foundational Security Best Practices standard is a set of controls that detect when your deployed accounts and resources deviate from security best practices.;128529977749;eu-north-1;2026-09-01 14:00:52.311778;S3.5;This control checks whether S3 buckets have policies that require requests to use Secure Socket Layer (SSL). S3 buckets should have policies that require all requests (Action: S3:*)to only accept transmission of data over HTTPS in the S3 resource policy, indicated by the condition key aws:SecureTransport.;S3;;;S3;;FAIL;S3 Bucket ce-capstone-config-128529977749 allows requests over insecure transport in the bucket policy.;arn:aws:s3:::ce-capstone-config-128529977749;s3_bucket_secure_transport_policy;False;ce-capstone-config-128529977749;AWS-Foundational-Security-Best-Practices;AWS Foundational Security Best Practices;
aws;The AWS Foundational Security Best Practices standard is a set of controls that detect when your deployed accounts and resources deviate from security best practices.;128529977749;eu-north-1;2026-09-01 14:00:52.311778;S3.5;This control checks whether S3 buckets have policies that require requests to use Secure Socket Layer (SSL). S3 buckets should have policies that require all requests (Action: S3:*)to only accept transmission of data over HTTPS in the S3 resource policy, indicated by the condition key aws:SecureTransport.;S3;;;S3;;FAIL;S3 Bucket ce-capstone-tfstate-128529977749 does not have a bucket policy, thus it allows HTTP requests.;arn:aws:s3:::ce-capstone-tfstate-128529977749;s3_bucket_secure_transport_policy;False;ce-capstone-tfstate-128529977749;AWS-Foundational-Security-Best-Practices;AWS Foundational Security Best Practices;
aws;The AWS Foundational Security Best Practices standard is a set of controls that detect when your deployed accounts and resources deviate from security best practices.;128529977749;eu-north-1;2026-09-01 14:00:52.311778;S3.5;This control checks whether S3 buckets have policies that require requests to use Secure Socket Layer (SSL). S3 buckets should have policies that require all requests (Action: S3:*)to only accept transmission of data over HTTPS in the S3 resource policy, indicated by the condition key aws:SecureTransport.;S3;;;S3;;FAIL;S3 Bucket config-bucket-128529977749 allows requests over insecure transport in the bucket policy.;arn:aws:s3:::config-bucket-128529977749;s3_bucket_secure_transport_policy;False;config-bucket-128529977749;AWS-Foundational-Security-Best-Practices;AWS Foundational Security Best Practices;
aws;The AWS Foundational Security Best Practices standard is a set of controls that detect when your deployed accounts and resources deviate from security best practices.;128529977749;eu-north-1;2026-09-01 14:00:52.311778;S3.5;This control checks whether S3 buckets have policies that require requests to use Secure Socket Layer (SSL). S3 buckets should have policies that require all requests (Action: S3:*)to only accept transmission of data over HTTPS in the S3 resource policy, indicated by the condition key aws:SecureTransport.;S3;;;S3;;FAIL;S3 Bucket gitops-lab-prod-data-store-a8e372d9 does not have a bucket policy, thus it allows HTTP requests.;arn:aws:s3:::gitops-lab-prod-data-store-a8e372d9;s3_bucket_secure_transport_policy;False;gitops-lab-prod-data-store-a8e372d9;AWS-Foundational-Security-Best-Practices;AWS Foundational Security Best Practices;
aws;The AWS Foundational Security Best Practices standard is a set of controls that detect when your deployed accounts and resources deviate from security best practices.;128529977749;eu-north-1;2026-09-01 14:00:52.311778;S3.9;When logging is enabled, Amazon S3 delivers access logs for a source bucket to a chosen target bucket. The target bucket must be in the same AWS Region as the source bucket and must not have a default retention period configuration.;S3;;;S3;;FAIL;S3 Bucket adnan-mpapp-prod-bucket has server access logging disabled.;arn:aws:s3:::adnan-mpapp-prod-bucket;s3_bucket_server_access_logging_enabled;False;adnan-mpapp-prod-bucket;AWS-Foundational-Security-Best-Practices;AWS Foundational Security Best Practices;
aws;The AWS Foundational Security Best Practices standard is a set of controls that detect when your deployed accounts and resources deviate from security best practices.;128529977749;eu-north-1;2026-09-01 14:00:52.311778;S3.9;When logging is enabled, Amazon S3 delivers access logs for a source bucket to a chosen target bucket. The target bucket must be in the same AWS Region as the source bucket and must not have a default retention period configuration.;S3;;;S3;;FAIL;S3 Bucket adnan-myapp-dev-bucket has server access logging disabled.;arn:aws:s3:::adnan-myapp-dev-bucket;s3_bucket_server_access_logging_enabled;False;adnan-myapp-dev-bucket;AWS-Foundational-Security-Best-Practices;AWS Foundational Security Best Practices;
aws;The AWS Foundational Security Best Practices standard is a set of controls that detect when your deployed accounts and resources deviate from security best practices.;128529977749;eu-north-1;2026-09-01 14:00:52.311778;S3.9;When logging is enabled, Amazon S3 delivers access logs for a source bucket to a chosen target bucket. The target bucket must be in the same AWS Region as the source bucket and must not have a default retention period configuration.;S3;;;S3;;FAIL;S3 Bucket adnan-nooruddin-state-ops-example2 has server access logging disabled.;arn:aws:s3:::adnan-nooruddin-state-ops-example2;s3_bucket_server_access_logging_enabled;False;adnan-nooruddin-state-ops-example2;AWS-Foundational-Security-Best-Practices;AWS Foundational Security Best Practices;
aws;The AWS Foundational Security Best Practices standard is a set of controls that detect when your deployed accounts and resources deviate from security best practices.;128529977749;eu-north-1;2026-09-01 14:00:52.311778;S3.9;When logging is enabled, Amazon S3 delivers access logs for a source bucket to a chosen target bucket. The target bucket must be in the same AWS Region as the source bucket and must not have a default retention period configuration.;S3;;;S3;;FAIL;S3 Bucket adnan-nooruddin-state-ops-imported has server access logging disabled.;arn:aws:s3:::adnan-nooruddin-state-ops-imported;s3_bucket_server_access_logging_enabled;False;adnan-nooruddin-state-ops-imported;AWS-Foundational-Security-Best-Practices;AWS Foundational Security Best Practices;
aws;The AWS Foundational Security Best Practices standard is a set of controls that detect when your deployed accounts and resources deviate from security best practices.;128529977749;eu-north-1;2026-09-01 14:00:52.311778;S3.9;When logging is enabled, Amazon S3 delivers access logs for a source bucket to a chosen target bucket. The target bucket must be in the same AWS Region as the source bucket and must not have a default retention period configuration.;S3;;;S3;;FAIL;S3 Bucket adnan-nooruddin-state-ops-managed-bucket has server access logging disabled.;arn:aws:s3:::adnan-nooruddin-state-ops-managed-bucket;s3_bucket_server_access_logging_enabled;False;adnan-nooruddin-state-ops-managed-bucket;AWS-Foundational-Security-Best-Practices;AWS Foundational Security Best Practices;
aws;The AWS Foundational Security Best Practices standard is a set of controls that detect when your deployed accounts and resources deviate from security best practices.;128529977749;eu-north-1;2026-09-01 14:00:52.311778;S3.9;When logging is enabled, Amazon S3 delivers access logs for a source bucket to a chosen target bucket. The target bucket must be in the same AWS Region as the source bucket and must not have a default retention period configuration.;S3;;;S3;;FAIL;S3 Bucket adnan-nooruddin-state-ops-primary has server access logging disabled.;arn:aws:s3:::adnan-nooruddin-state-ops-primary;s3_bucket_server_access_logging_enabled;False;adnan-nooruddin-state-ops-primary;AWS-Foundational-Security-Best-Practices;AWS Foundational Security Best Practices;
aws;The AWS Foundational Security Best Practices standard is a set of controls that detect when your deployed accounts and resources deviate from security best practices.;128529977749;eu-north-1;2026-09-01 14:00:52.311778;S3.9;When logging is enabled, Amazon S3 delivers access logs for a source bucket to a chosen target bucket. The target bucket must be in the same AWS Region as the source bucket and must not have a default retention period configuration.;S3;;;S3;;FAIL;S3 Bucket adnan-nooruddin-terraform-state-bucket has server access logging disabled.;arn:aws:s3:::adnan-nooruddin-terraform-state-bucket;s3_bucket_server_access_logging_enabled;False;adnan-nooruddin-terraform-state-bucket;AWS-Foundational-Security-Best-Practices;AWS Foundational Security Best Practices;
aws;The AWS Foundational Security Best Practices standard is a set of controls that detect when your deployed accounts and resources deviate from security best practices.;128529977749;eu-north-1;2026-09-01 14:00:52.311778;S3.9;When logging is enabled, Amazon S3 delivers access logs for a source bucket to a chosen target bucket. The target bucket must be in the same AWS Region as the source bucket and must not have a default retention period configuration.;S3;;;S3;;FAIL;S3 Bucket ce-bootcamp-tfstate-adnannooruddin has server access logging disabled.;arn:aws:s3:::ce-bootcamp-tfstate-adnannooruddin;s3_bucket_server_access_logging_enabled;False;ce-bootcamp-tfstate-adnannooruddin;AWS-Foundational-Security-Best-Practices;AWS Foundational Security Best Practices;
aws;The AWS Foundational Security Best Practices standard is a set of controls that detect when your deployed accounts and resources deviate from security best practices.;128529977749;eu-north-1;2026-09-01 14:00:52.311778;S3.9;When logging is enabled, Amazon S3 delivers access logs for a source bucket to a chosen target bucket. The target bucket must be in the same AWS Region as the source bucket and must not have a default retention period configuration.;S3;;;S3;;FAIL;S3 Bucket ce-capstone-artifacts-20260901081024819300000002 has server access logging disabled.;arn:aws:s3:::ce-capstone-artifacts-20260901081024819300000002;s3_bucket_server_access_logging_enabled;False;ce-capstone-artifacts-20260901081024819300000002;AWS-Foundational-Security-Best-Practices;AWS Foundational Security Best Practices;
aws;The AWS Foundational Security Best Practices standard is a set of controls that detect when your deployed accounts and resources deviate from security best practices.;128529977749;eu-north-1;2026-09-01 14:00:52.311778;S3.9;When logging is enabled, Amazon S3 delivers access logs for a source bucket to a chosen target bucket. The target bucket must be in the same AWS Region as the source bucket and must not have a default retention period configuration.;S3;;;S3;;FAIL;S3 Bucket ce-capstone-config-128529977749 has server access logging disabled.;arn:aws:s3:::ce-capstone-config-128529977749;s3_bucket_server_access_logging_enabled;False;ce-capstone-config-128529977749;AWS-Foundational-Security-Best-Practices;AWS Foundational Security Best Practices;
aws;The AWS Foundational Security Best Practices standard is a set of controls that detect when your deployed accounts and resources deviate from security best practices.;128529977749;eu-north-1;2026-09-01 14:00:52.311778;S3.9;When logging is enabled, Amazon S3 delivers access logs for a source bucket to a chosen target bucket. The target bucket must be in the same AWS Region as the source bucket and must not have a default retention period configuration.;S3;;;S3;;FAIL;S3 Bucket ce-capstone-tfstate-128529977749 has server access logging disabled.;arn:aws:s3:::ce-capstone-tfstate-128529977749;s3_bucket_server_access_logging_enabled;False;ce-capstone-tfstate-128529977749;AWS-Foundational-Security-Best-Practices;AWS Foundational Security Best Practices;
aws;The AWS Foundational Security Best Practices standard is a set of controls that detect when your deployed accounts and resources deviate from security best practices.;128529977749;eu-north-1;2026-09-01 14:00:52.311778;S3.9;When logging is enabled, Amazon S3 delivers access logs for a source bucket to a chosen target bucket. The target bucket must be in the same AWS Region as the source bucket and must not have a default retention period configuration.;S3;;;S3;;FAIL;S3 Bucket config-bucket-128529977749 has server access logging disabled.;arn:aws:s3:::config-bucket-128529977749;s3_bucket_server_access_logging_enabled;False;config-bucket-128529977749;AWS-Foundational-Security-Best-Practices;AWS Foundational Security Best Practices;
aws;The AWS Foundational Security Best Practices standard is a set of controls that detect when your deployed accounts and resources deviate from security best practices.;128529977749;eu-north-1;2026-09-01 14:00:52.311778;S3.9;When logging is enabled, Amazon S3 delivers access logs for a source bucket to a chosen target bucket. The target bucket must be in the same AWS Region as the source bucket and must not have a default retention period configuration.;S3;;;S3;;FAIL;S3 Bucket gitops-lab-prod-data-store-a8e372d9 has server access logging disabled.;arn:aws:s3:::gitops-lab-prod-data-store-a8e372d9;s3_bucket_server_access_logging_enabled;False;gitops-lab-prod-data-store-a8e372d9;AWS-Foundational-Security-Best-Practices;AWS Foundational Security Best Practices;
aws;The AWS Foundational Security Best Practices standard is a set of controls that detect when your deployed accounts and resources deviate from security best practices.;128529977749;eu-north-1;2026-09-01 14:00:52.311778;SNS.1;This control checks whether an SNS topic is encrypted at rest using AWS KMS.;SNS;;;SNS;;FAIL;SNS topic budget-alerts is not encrypted.;arn:aws:sns:eu-north-1:128529977749:budget-alerts;sns_topics_kms_encryption_at_rest_enabled;False;budget-alerts;AWS-Foundational-Security-Best-Practices;AWS Foundational Security Best Practices;
aws;The AWS Foundational Security Best Practices standard is a set of controls that detect when your deployed accounts and resources deviate from security best practices.;128529977749;eu-north-1;2026-09-01 14:00:52.311778;SNS.1;This control checks whether an SNS topic is encrypted at rest using AWS KMS.;SNS;;;SNS;;FAIL;SNS topic cost-anomaly-alerts is not encrypted.;arn:aws:sns:eu-north-1:128529977749:cost-anomaly-alerts;sns_topics_kms_encryption_at_rest_enabled;False;cost-anomaly-alerts;AWS-Foundational-Security-Best-Practices;AWS Foundational Security Best Practices;
aws;The AWS Foundational Security Best Practices standard is a set of controls that detect when your deployed accounts and resources deviate from security best practices.;128529977749;eu-north-1;2026-09-01 14:00:52.311778;SNS.1;This control checks whether an SNS topic is encrypted at rest using AWS KMS.;SNS;;;SNS;;FAIL;SNS topic finops-daily-report is not encrypted.;arn:aws:sns:eu-north-1:128529977749:finops-daily-report;sns_topics_kms_encryption_at_rest_enabled;False;finops-daily-report;AWS-Foundational-Security-Best-Practices;AWS Foundational Security Best Practices;
aws;The AWS Foundational Security Best Practices standard is a set of controls that detect when your deployed accounts and resources deviate from security best practices.;128529977749;eu-north-1;2026-09-01 14:00:52.311778;EC2.10;This control checks whether a service endpoint for Amazon EC2 is created for each VPC. The control fails if a VPC does not have a VPC endpoint created for the Amazon EC2 service.;EC2;;;EC2;;FAIL;VPC vpc-0613bd89e2ccb2c67 has no EC2 endpoint.;arn:aws:ec2:eu-north-1:128529977749:vpc/vpc-0613bd89e2ccb2c67;vpc_endpoint_for_ec2_enabled;False;vpc-0613bd89e2ccb2c67;AWS-Foundational-Security-Best-Practices;AWS Foundational Security Best Practices;
aws;The AWS Foundational Security Best Practices standard is a set of controls that detect when your deployed accounts and resources deviate from security best practices.;128529977749;eu-north-1;2026-09-01 14:00:52.311778;EC2.6;This control checks whether Amazon VPC Flow Logs are found and enabled for VPCs. The traffic type is set to Reject. With the VPC Flow Logs feature, you can capture information about the IP address traffic going to and from network interfaces in your VPC. After you create a flow log, you can view and retrieve its data in CloudWatch Logs. To reduce cost, you can also send your flow logs to Amazon S3.;EC2;;;EC2;;PASS;VPC ce-capstone-vpc Flow logs are enabled.;arn:aws:ec2:eu-north-1:128529977749:vpc/vpc-0613bd89e2ccb2c67;vpc_flow_logs_enabled;False;vpc-0613bd89e2ccb2c67;AWS-Foundational-Security-Best-Practices;AWS Foundational Security Best Practices;
aws;The AWS Foundational Security Best Practices standard is a set of controls that detect when your deployed accounts and resources deviate from security best practices.;128529977749;eu-north-1;2026-09-01 14:00:52.311778;EC2.15;This control checks whether the assignment of public IPs in Amazon Virtual Private Cloud (Amazon VPC) subnets have MapPublicIpOnLaunch set to FALSE. The control passes if the flag is set to FALSE.;EC2;;;EC2;;PASS;VPC subnet ce-capstone-private-eu-north-1a does NOT assign public IP by default.;arn:aws:ec2:eu-north-1:128529977749:subnet/subnet-0e3579d9ec6f5f1f7;vpc_subnet_no_public_ip_by_default;False;subnet-0e3579d9ec6f5f1f7;AWS-Foundational-Security-Best-Practices;AWS Foundational Security Best Practices;
aws;The AWS Foundational Security Best Practices standard is a set of controls that detect when your deployed accounts and resources deviate from security best practices.;128529977749;eu-north-1;2026-09-01 14:00:52.311778;EC2.15;This control checks whether the assignment of public IPs in Amazon Virtual Private Cloud (Amazon VPC) subnets have MapPublicIpOnLaunch set to FALSE. The control passes if the flag is set to FALSE.;EC2;;;EC2;;FAIL;VPC subnet ce-capstone-public-eu-north-1a assigns public IP by default.;arn:aws:ec2:eu-north-1:128529977749:subnet/subnet-0a24544c8a9db37a0;vpc_subnet_no_public_ip_by_default;False;subnet-0a24544c8a9db37a0;AWS-Foundational-Security-Best-Practices;AWS Foundational Security Best Practices;
aws;The AWS Foundational Security Best Practices standard is a set of controls that detect when your deployed accounts and resources deviate from security best practices.;128529977749;eu-north-1;2026-09-01 14:00:52.311778;EC2.15;This control checks whether the assignment of public IPs in Amazon Virtual Private Cloud (Amazon VPC) subnets have MapPublicIpOnLaunch set to FALSE. The control passes if the flag is set to FALSE.;EC2;;;EC2;;PASS;VPC subnet ce-capstone-private-eu-north-1b does NOT assign public IP by default.;arn:aws:ec2:eu-north-1:128529977749:subnet/subnet-07c03d6c6e787da68;vpc_subnet_no_public_ip_by_default;False;subnet-07c03d6c6e787da68;AWS-Foundational-Security-Best-Practices;AWS Foundational Security Best Practices;
aws;The AWS Foundational Security Best Practices standard is a set of controls that detect when your deployed accounts and resources deviate from security best practices.;128529977749;eu-north-1;2026-09-01 14:00:52.311778;EC2.15;This control checks whether the assignment of public IPs in Amazon Virtual Private Cloud (Amazon VPC) subnets have MapPublicIpOnLaunch set to FALSE. The control passes if the flag is set to FALSE.;EC2;;;EC2;;FAIL;VPC subnet ce-capstone-public-eu-north-1b assigns public IP by default.;arn:aws:ec2:eu-north-1:128529977749:subnet/subnet-0fa7a69e8f248e9a4;vpc_subnet_no_public_ip_by_default;False;subnet-0fa7a69e8f248e9a4;AWS-Foundational-Security-Best-Practices;AWS Foundational Security Best Practices;
aws;The AWS Foundational Security Best Practices standard is a set of controls that detect when your deployed accounts and resources deviate from security best practices.;;;2026-09-01 14:00:52.311778;APIGateway.3;This control checks whether AWS X-Ray active tracing is enabled for your Amazon API Gateway REST API stages.;API Gateway;;;API Gateway;;MANUAL;Manual check;manual_check;manual;False;Manual check;AWS-Foundational-Security-Best-Practices;AWS Foundational Security Best Practices;
aws;The AWS Foundational Security Best Practices standard is a set of controls that detect when your deployed accounts and resources deviate from security best practices.;;;2026-09-01 14:00:52.311778;APIGateway.5;This control checks whether all methods in API Gateway REST API stages that have cache enabled are encrypted. The control fails if any method in an API Gateway REST API stage is configured to cache and the cache is not encrypted.;API Gateway;;;API Gateway;;MANUAL;Manual check;manual_check;manual;False;Manual check;AWS-Foundational-Security-Best-Practices;AWS Foundational Security Best Practices;
aws;The AWS Foundational Security Best Practices standard is a set of controls that detect when your deployed accounts and resources deviate from security best practices.;;;2026-09-01 14:00:52.311778;AppSync.1;This control checks whether an AWS AppSync API cache is encrypted at rest. The control fails if the API cache isn't encrypted at rest.;AppSync;;;AppSync;;MANUAL;Manual check;manual_check;manual;False;Manual check;AWS-Foundational-Security-Best-Practices;AWS Foundational Security Best Practices;
aws;The AWS Foundational Security Best Practices standard is a set of controls that detect when your deployed accounts and resources deviate from security best practices.;;;2026-09-01 14:00:52.311778;AppSync.2;This control checks whether an AWS AppSync API has field-level logging turned on. The control fails if the field resolver log level is set to None. Unless you provide custom parameter values to indicate that a specific log type should be enabled, Security Hub produces a passed finding if the field resolver log level is either ERROR or ALL.;AppSync;;;AppSync;;MANUAL;Manual check;manual_check;manual;False;Manual check;AWS-Foundational-Security-Best-Practices;AWS Foundational Security Best Practices;
aws;The AWS Foundational Security Best Practices standard is a set of controls that detect when your deployed accounts and resources deviate from security best practices.;;;2026-09-01 14:00:52.311778;AutoScaling.1;This control checks whether your Auto Scaling groups that are associated with a load balancer are using Elastic Load Balancing health checks. This ensures that the group can determine an instance's health based on additional tests provided by the load balancer. Using Elastic Load Balancing health checks can help support the availability of applications that use EC2 Auto Scaling groups.;AutoScaling;;;AutoScaling;;MANUAL;Manual check;manual_check;manual;False;Manual check;AWS-Foundational-Security-Best-Practices;AWS Foundational Security Best Practices;
aws;The AWS Foundational Security Best Practices standard is a set of controls that detect when your deployed accounts and resources deviate from security best practices.;;;2026-09-01 14:00:52.311778;AutoScaling.3;This control checks whether IMDSv2 is enabled on all instances launched by Amazon EC2 Auto Scaling groups. The control fails if the Instance Metadata Service (IMDS) version is not included in the launch configuration or if both IMDSv1 and IMDSv2 are enabled.;AutoScaling;;;AutoScaling;;MANUAL;Manual check;manual_check;manual;False;Manual check;AWS-Foundational-Security-Best-Practices;AWS Foundational Security Best Practices;
aws;The AWS Foundational Security Best Practices standard is a set of controls that detect when your deployed accounts and resources deviate from security best practices.;;;2026-09-01 14:00:52.311778;AutoScaling.4;This control checks the number of network hops that a metadata token can travel. The control fails if the metadata response hop limit is greater than 1.;AutoScaling;;;AutoScaling;;MANUAL;Manual check;manual_check;manual;False;Manual check;AWS-Foundational-Security-Best-Practices;AWS Foundational Security Best Practices;
aws;The AWS Foundational Security Best Practices standard is a set of controls that detect when your deployed accounts and resources deviate from security best practices.;;;2026-09-01 14:00:52.311778;AutoScaling.5;This control checks whether an Auto Scaling groups associated launch configuration assigns a public IP address to the group's instances.;AutoScaling;;;AutoScaling;;MANUAL;Manual check;manual_check;manual;False;Manual check;AWS-Foundational-Security-Best-Practices;AWS Foundational Security Best Practices;
aws;The AWS Foundational Security Best Practices standard is a set of controls that detect when your deployed accounts and resources deviate from security best practices.;;;2026-09-01 14:00:52.311778;AutoScaling.6;This control checks whether an Amazon EC2 Auto Scaling group uses multiple instance types. The control fails if the Auto Scaling group has only one instance type defined.;AutoScaling;;;AutoScaling;;MANUAL;Manual check;manual_check;manual;False;Manual check;AWS-Foundational-Security-Best-Practices;AWS Foundational Security Best Practices;
aws;The AWS Foundational Security Best Practices standard is a set of controls that detect when your deployed accounts and resources deviate from security best practices.;;;2026-09-01 14:00:52.311778;AutoScaling.9;This control checks whether an Amazon EC2 Auto Scaling group is created from an EC2 launch template. This control fails if an Amazon EC2 Auto Scaling group is not created with a launch template or if a launch template is not specified in a mixed instances policy.;AutoScaling;;;AutoScaling;;MANUAL;Manual check;manual_check;manual;False;Manual check;AWS-Foundational-Security-Best-Practices;AWS Foundational Security Best Practices;
aws;The AWS Foundational Security Best Practices standard is a set of controls that detect when your deployed accounts and resources deviate from security best practices.;;;2026-09-01 14:00:52.311778;Backup.1;This control checks if an AWS Backup recovery point is encrypted at rest. The control fails if the recovery point isn't encrypted at rest.;Backup;;;Backup;;MANUAL;Manual check;manual_check;manual;False;Manual check;AWS-Foundational-Security-Best-Practices;AWS Foundational Security Best Practices;
aws;The AWS Foundational Security Best Practices standard is a set of controls that detect when your deployed accounts and resources deviate from security best practices.;;;2026-09-01 14:00:52.311778;CloudFormation.1;This control checks whether an Amazon Simple Notification Service notification is integrated with a CloudFormation stack. The control fails for a CloudFormation stack if there is no SNS notification associated with it.;CloudFormation;;;CloudFormation;;MANUAL;Manual check;manual_check;manual;False;Manual check;AWS-Foundational-Security-Best-Practices;AWS Foundational Security Best Practices;
aws;The AWS Foundational Security Best Practices standard is a set of controls that detect when your deployed accounts and resources deviate from security best practices.;;;2026-09-01 14:00:52.311778;CloudFront.3;This control checks whether an Amazon CloudFront distribution requires viewers to use HTTPS directly or whether it uses redirection. The control fails if ViewerProtocolPolicy is set to allow-all for defaultCacheBehavior or for cacheBehaviors.;CloudFront;;;CloudFront;;MANUAL;Manual check;manual_check;manual;False;Manual check;AWS-Foundational-Security-Best-Practices;AWS Foundational Security Best Practices;
aws;The AWS Foundational Security Best Practices standard is a set of controls that detect when your deployed accounts and resources deviate from security best practices.;;;2026-09-01 14:00:52.311778;CloudTrail.3;This control checks whether an AWS CloudTrail trail is enabled in your AWS account. The control fails if your account doesn't have at least one CloudTrail trail enabled.;CloudTrail;;;CloudTrail;;MANUAL;Manual check;manual_check;manual;False;Manual check;AWS-Foundational-Security-Best-Practices;AWS Foundational Security Best Practices;
aws;The AWS Foundational Security Best Practices standard is a set of controls that detect when your deployed accounts and resources deviate from security best practices.;;;2026-09-01 14:00:52.311778;CodeBuild.3;This control checks if Amazon S3 logs for an AWS CodeBuild project are encrypted. The control fails if encryption is deactivated for S3 logs for a CodeBuild project.;CodeBuild;;;CodeBuild;;MANUAL;Manual check;manual_check;manual;False;Manual check;AWS-Foundational-Security-Best-Practices;AWS Foundational Security Best Practices;
aws;The AWS Foundational Security Best Practices standard is a set of controls that detect when your deployed accounts and resources deviate from security best practices.;;;2026-09-01 14:00:52.311778;CodeBuild.4;This control checks whether a CodeBuild project environment has at least one log option, either to S3 or CloudWatch logs enabled. This control fails if a CodeBuild project environment does not have at least one log option enabled.;CodeBuild;;;CodeBuild;;MANUAL;Manual check;manual_check;manual;False;Manual check;AWS-Foundational-Security-Best-Practices;AWS Foundational Security Best Practices;
aws;The AWS Foundational Security Best Practices standard is a set of controls that detect when your deployed accounts and resources deviate from security best practices.;;;2026-09-01 14:00:52.311778;CodeBuild.5;This control checks if an AWS CodeBuild project environment has privileged mode enabled. This control fails when an AWS CodeBuild project environment has privileged mode enabled.;CodeBuild;;;CodeBuild;;MANUAL;Manual check;manual_check;manual;False;Manual check;AWS-Foundational-Security-Best-Practices;AWS Foundational Security Best Practices;
aws;The AWS Foundational Security Best Practices standard is a set of controls that detect when your deployed accounts and resources deviate from security best practices.;;;2026-09-01 14:00:52.311778;CodeBuild.7;This control checks whether the test results of an AWS CodeBuild report group that are exported to an Amazon Simple Storage Service (Amazon S3) bucket are encrypted at rest. The control fails if the report group export isn't encrypted at rest.;CodeBuild;;;CodeBuild;;MANUAL;Manual check;manual_check;manual;False;Manual check;AWS-Foundational-Security-Best-Practices;AWS Foundational Security Best Practices;
aws;The AWS Foundational Security Best Practices standard is a set of controls that detect when your deployed accounts and resources deviate from security best practices.;;;2026-09-01 14:00:52.311778;DMS.7;This control checks whether logging is enabled with the minimum severity level of LOGGER_SEVERITY_DEFAULT for DMS replication tasks TARGET_APPLY and TARGET_LOAD. The control fails if logging isn't enabled for these tasks or if the minimum severity level is less than LOGGER_SEVERITY_DEFAULT.;DMS;;;DMS;;MANUAL;Manual check;manual_check;manual;False;Manual check;AWS-Foundational-Security-Best-Practices;AWS Foundational Security Best Practices;
aws;The AWS Foundational Security Best Practices standard is a set of controls that detect when your deployed accounts and resources deviate from security best practices.;;;2026-09-01 14:00:52.311778;DMS.8;This control checks whether logging is enabled with the minimum severity level of LOGGER_SEVERITY_DEFAULT for DMS replication tasks SOURCE_CAPTURE and SOURCE_UNLOAD. The control fails if logging isn't enabled for these tasks or if the minimum severity level is less than LOGGER_SEVERITY_DEFAULT.;DMS;;;DMS;;MANUAL;Manual check;manual_check;manual;False;Manual check;AWS-Foundational-Security-Best-Practices;AWS Foundational Security Best Practices;
aws;The AWS Foundational Security Best Practices standard is a set of controls that detect when your deployed accounts and resources deviate from security best practices.;;;2026-09-01 14:00:52.311778;DynamoDB.1;This control checks whether an Amazon DynamoDB table can scale its read and write capacity as needed. This control passes if the table uses either on-demand capacity mode or provisioned mode with auto scaling configured. Scaling capacity with demand avoids throttling exceptions, which helps to maintain availability of your applications.;DynamoDB;;;DynamoDB;;MANUAL;Manual check;manual_check;manual;False;Manual check;AWS-Foundational-Security-Best-Practices;AWS Foundational Security Best Practices;
aws;The AWS Foundational Security Best Practices standard is a set of controls that detect when your deployed accounts and resources deviate from security best practices.;;;2026-09-01 14:00:52.311778;EC2.18;This control checks whether the security groups that are in use allow unrestricted incoming traffic. Optionally the rule checks whether the port numbers are listed in the authorizedTcpPorts parameter. The default values for authorizedTcpPorts are 80 and 443.;EC2;;;EC2;;MANUAL;Manual check;manual_check;manual;False;Manual check;AWS-Foundational-Security-Best-Practices;AWS Foundational Security Best Practices;
aws;The AWS Foundational Security Best Practices standard is a set of controls that detect when your deployed accounts and resources deviate from security best practices.;;;2026-09-01 14:00:52.311778;ECS.10;This control checks if Amazon ECS Fargate services are running the latest Fargate platform version. This control fails if the platform version is not the latest.;ECS;;;ECS;;MANUAL;Manual check;manual_check;manual;False;Manual check;AWS-Foundational-Security-Best-Practices;AWS Foundational Security Best Practices;
aws;The AWS Foundational Security Best Practices standard is a set of controls that detect when your deployed accounts and resources deviate from security best practices.;;;2026-09-01 14:00:52.311778;ECS.12;This control checks if ECS clusters use Container Insights. This control fails if Container Insights are not set up for a cluster.;ECS;;;ECS;;MANUAL;Manual check;manual_check;manual;False;Manual check;AWS-Foundational-Security-Best-Practices;AWS Foundational Security Best Practices;
aws;The AWS Foundational Security Best Practices standard is a set of controls that detect when your deployed accounts and resources deviate from security best practices.;;;2026-09-01 14:00:52.311778;EFS.3;This control checks if Amazon EFS access points are configured to enforce a root directory. The control fails if the value of Path is set to / (the default root directory of the file system).;EFS;;;EFS;;MANUAL;Manual check;manual_check;manual;False;Manual check;AWS-Foundational-Security-Best-Practices;AWS Foundational Security Best Practices;
aws;The AWS Foundational Security Best Practices standard is a set of controls that detect when your deployed accounts and resources deviate from security best practices.;;;2026-09-01 14:00:52.311778;EFS.4;This control checks whether Amazon EFS access points are configured to enforce a user identity. This control fails if a POSIX user identity is not defined while creating the EFS access point.;EFS;;;EFS;;MANUAL;Manual check;manual_check;manual;False;Manual check;AWS-Foundational-Security-Best-Practices;AWS Foundational Security Best Practices;
aws;The AWS Foundational Security Best Practices standard is a set of controls that detect when your deployed accounts and resources deviate from security best practices.;;;2026-09-01 14:00:52.311778;ELB.2;This control checks whether the Classic Load Balancer uses HTTPS/SSL certificates provided by AWS Certificate Manager (ACM). The control fails if the Classic Load Balancer configured with HTTPS/SSL listener does not use a certificate provided by ACM.;ELB;;;ELB;;MANUAL;Manual check;manual_check;manual;False;Manual check;AWS-Foundational-Security-Best-Practices;AWS Foundational Security Best Practices;
aws;The AWS Foundational Security Best Practices standard is a set of controls that detect when your deployed accounts and resources deviate from security best practices.;;;2026-09-01 14:00:52.311778;ELB.7;This control checks whether Classic Load Balancers have connection draining enabled.;ELB;;;ELB;;MANUAL;Manual check;manual_check;manual;False;Manual check;AWS-Foundational-Security-Best-Practices;AWS Foundational Security Best Practices;
aws;The AWS Foundational Security Best Practices standard is a set of controls that detect when your deployed accounts and resources deviate from security best practices.;;;2026-09-01 14:00:52.311778;ELB.14;This control checks whether a Classic Load Balancer is configured with defensive or strictest desync mitigation mode. This control will fail if the Classic Load Balancer is not configured with defensive or strictest desync mitigation mode.;ELB;;;ELB;;MANUAL;Manual check;manual_check;manual;False;Manual check;AWS-Foundational-Security-Best-Practices;AWS Foundational Security Best Practices;
aws;The AWS Foundational Security Best Practices standard is a set of controls that detect when your deployed accounts and resources deviate from security best practices.;;;2026-09-01 14:00:52.311778;ES.6;This control checks whether Elasticsearch domains are configured with at least three data nodes and zoneAwarenessEnabled is true.;ES;;;ES;;MANUAL;Manual check;manual_check;manual;False;Manual check;AWS-Foundational-Security-Best-Practices;AWS Foundational Security Best Practices;
aws;The AWS Foundational Security Best Practices standard is a set of controls that detect when your deployed accounts and resources deviate from security best practices.;;;2026-09-01 14:00:52.311778;ES.7;This control checks whether Elasticsearch domains are configured with at least three dedicated master nodes. This control fails if the domain does not use dedicated master nodes. This control passes if Elasticsearch domains have five dedicated master nodes. However, using more than three master nodes might be unnecessary to mitigate the availability risk, and will result in additional cost.;ES;;;ES;;MANUAL;Manual check;manual_check;manual;False;Manual check;AWS-Foundational-Security-Best-Practices;AWS Foundational Security Best Practices;
aws;The AWS Foundational Security Best Practices standard is a set of controls that detect when your deployed accounts and resources deviate from security best practices.;;;2026-09-01 14:00:52.311778;ES.8;This controls checks whether an Elasticsearch domain endpoint is configured to use the latest TLS security policy. The control fails if the Elasticsearch domain endpoint isn't configured to use the latest supported policy or if HTTPs isn't enabled. The current latest supported TLS security policy is Policy-Min-TLS-1-2-PFS-2023-10.;ES;;;ES;;MANUAL;Manual check;manual_check;manual;False;Manual check;AWS-Foundational-Security-Best-Practices;AWS Foundational Security Best Practices;
aws;The AWS Foundational Security Best Practices standard is a set of controls that detect when your deployed accounts and resources deviate from security best practices.;;;2026-09-01 14:00:52.311778;ElastiCache.3;This control checks if ElastiCache for Redis replication groups have automatic failover enabled. This control fails if automatic failover isn't enabled for a Redis replication group.;ElastiCache;;;ElastiCache;;MANUAL;Manual check;manual_check;manual;False;Manual check;AWS-Foundational-Security-Best-Practices;AWS Foundational Security Best Practices;
aws;The AWS Foundational Security Best Practices standard is a set of controls that detect when your deployed accounts and resources deviate from security best practices.;;;2026-09-01 14:00:52.311778;ElastiCache.4;This control checks if ElastiCache for Redis replication groups are encrypted at rest. This control fails if an ElastiCache for Redis replication group isn't encrypted at rest.;ElastiCache;;;ElastiCache;;MANUAL;Manual check;manual_check;manual;False;Manual check;AWS-Foundational-Security-Best-Practices;AWS Foundational Security Best Practices;
aws;The AWS Foundational Security Best Practices standard is a set of controls that detect when your deployed accounts and resources deviate from security best practices.;;;2026-09-01 14:00:52.311778;ElastiCache.5;This control checks if ElastiCache for Redis replication groups are encrypted in transit. This control fails if an ElastiCache for Redis replication group isn't encrypted in transit.;ElastiCache;;;ElastiCache;;MANUAL;Manual check;manual_check;manual;False;Manual check;AWS-Foundational-Security-Best-Practices;AWS Foundational Security Best Practices;
aws;The AWS Foundational Security Best Practices standard is a set of controls that detect when your deployed accounts and resources deviate from security best practices.;;;2026-09-01 14:00:52.311778;ElastiCache.7;This control checks if ElastiCache clusters are configured with a custom subnet group. The control fails for an ElastiCache cluster if CacheSubnetGroupName has the value default.;ElastiCache;;;ElastiCache;;MANUAL;Manual check;manual_check;manual;False;Manual check;AWS-Foundational-Security-Best-Practices;AWS Foundational Security Best Practices;
aws;The AWS Foundational Security Best Practices standard is a set of controls that detect when your deployed accounts and resources deviate from security best practices.;;;2026-09-01 14:00:52.311778;ElasticBeanstalk.1;This control checks whether enhanced health reporting is enabled for your AWS Elastic Beanstalk environments.Elastic Beanstalk enhanced health reporting enables a more rapid response to changes in the health of the underlying infrastructure. These changes could result in a lack of availability of the application.;Elastic Beanstalk;;;Elastic Beanstalk;;MANUAL;Manual check;manual_check;manual;False;Manual check;AWS-Foundational-Security-Best-Practices;AWS Foundational Security Best Practices;
aws;The AWS Foundational Security Best Practices standard is a set of controls that detect when your deployed accounts and resources deviate from security best practices.;;;2026-09-01 14:00:52.311778;ElasticBeanstalk.3;This control checks whether an Elastic Beanstalk environment is configured to send logs to CloudWatch Logs. The control fails if an Elastic Beanstalk environment isn't configured to send logs to CloudWatch Logs. Optionally, you can provide a custom value for the RetentionInDays parameter if you want the control to pass only if logs are retained for the specified number of days before expiration.;Elastic Beanstalk;;;Elastic Beanstalk;;MANUAL;Manual check;manual_check;manual;False;Manual check;AWS-Foundational-Security-Best-Practices;AWS Foundational Security Best Practices;
aws;The AWS Foundational Security Best Practices standard is a set of controls that detect when your deployed accounts and resources deviate from security best practices.;;;2026-09-01 14:00:52.311778;EventBridge.3;This control checks if an Amazon EventBridge custom event bus has a resource-based policy attached. This control fails if the custom event bus doesn't have a resource-based policy.;EventBridge;;;EventBridge;;MANUAL;Manual check;manual_check;manual;False;Manual check;AWS-Foundational-Security-Best-Practices;AWS Foundational Security Best Practices;
aws;The AWS Foundational Security Best Practices standard is a set of controls that detect when your deployed accounts and resources deviate from security best practices.;;;2026-09-01 14:00:52.311778;FSx.1;This control checks if an Amazon FSx for OpenZFS file system is configured to copy tags to backups and volumes. The control fails if the OpenZFS file system isn't configured to copy tags to backups and volumes.;FSx;;;FSx;;MANUAL;Manual check;manual_check;manual;False;Manual check;AWS-Foundational-Security-Best-Practices;AWS Foundational Security Best Practices;
aws;The AWS Foundational Security Best Practices standard is a set of controls that detect when your deployed accounts and resources deviate from security best practices.;;;2026-09-01 14:00:52.311778;IAM.2;This control checks that none of your IAM users have policies attached. Instead, IAM users must inherit permissions from IAM groups or roles.;IAM;;;IAM;;MANUAL;Manual check;manual_check;manual;False;Manual check;AWS-Foundational-Security-Best-Practices;AWS Foundational Security Best Practices;
aws;The AWS Foundational Security Best Practices standard is a set of controls that detect when your deployed accounts and resources deviate from security best practices.;;;2026-09-01 14:00:52.311778;IAM.21;This control checks whether the IAM identity-based policies that you create have Allow statements that use the * wildcard to grant permissions for all actions on any service. The control fails if any policy statement includes 'Effect': 'Allow' with 'Action': 'Service:*'.;IAM;;;IAM;;MANUAL;Manual check;manual_check;manual;False;Manual check;AWS-Foundational-Security-Best-Practices;AWS Foundational Security Best Practices;
aws;The AWS Foundational Security Best Practices standard is a set of controls that detect when your deployed accounts and resources deviate from security best practices.;;;2026-09-01 14:00:52.311778;KMS.1;Checks whether the default version of IAM customer managed policies allow principals to use the AWS KMS decryption actions on all resources. This control uses Zelkova, an automated reasoning engine, to validate and warn you about policies that may grant broad access to your secrets across AWS accounts. This control fails if the kms:Decrypt or kms:ReEncryptFrom actions are allowed on all KMS keys. The control evaluates both attached and unattached customer managed policies. It does not check inline policies or AWS managed policies.;KMS;;;KMS;;MANUAL;Manual check;manual_check;manual;False;Manual check;AWS-Foundational-Security-Best-Practices;AWS Foundational Security Best Practices;
aws;The AWS Foundational Security Best Practices standard is a set of controls that detect when your deployed accounts and resources deviate from security best practices.;;;2026-09-01 14:00:52.311778;KMS.2;Checks whether the inline policies that are embedded in your IAM identities (role, user, or group) allow the AWS KMS decryption actions on all KMS keys. This control uses Zelkova, an automated reasoning engine, to validate and warn you about policies that may grant broad access to your secrets across AWS accounts. This control fails if kms:Decrypt or kms:ReEncryptFrom actions are allowed on all KMS keys in an inline policy.;KMS;;;KMS;;MANUAL;Manual check;manual_check;manual;False;Manual check;AWS-Foundational-Security-Best-Practices;AWS Foundational Security Best Practices;
aws;The AWS Foundational Security Best Practices standard is a set of controls that detect when your deployed accounts and resources deviate from security best practices.;;;2026-09-01 14:00:52.311778;Kinesis.1;This control checks if Kinesis Data Streams are encrypted at rest with server-side encryption. This control fails if a Kinesis stream is not encrypted at rest with server-side encryption.;Kinesis;;;Kinesis;;MANUAL;Manual check;manual_check;manual;False;Manual check;AWS-Foundational-Security-Best-Practices;AWS Foundational Security Best Practices;
aws;The AWS Foundational Security Best Practices standard is a set of controls that detect when your deployed accounts and resources deviate from security best practices.;;;2026-09-01 14:00:52.311778;Neptune.1;This control checks whether a Neptune DB cluster is encrypted at rest. The control fails if a Neptune DB cluster isn't encrypted at rest.;Neptune;;;Neptune;;MANUAL;Manual check;manual_check;manual;False;Manual check;AWS-Foundational-Security-Best-Practices;AWS Foundational Security Best Practices;
aws;The AWS Foundational Security Best Practices standard is a set of controls that detect when your deployed accounts and resources deviate from security best practices.;;;2026-09-01 14:00:52.311778;NetworkFirewall.2;This control checks whether logging is enabled for an AWS Network Firewall firewall. The control fails if logging isn't enabled for at least one log type or if the logging destination doesn't exist.;Network Firewall;;;Network Firewall;;MANUAL;Manual check;manual_check;manual;False;Manual check;AWS-Foundational-Security-Best-Practices;AWS Foundational Security Best Practices;
aws;The AWS Foundational Security Best Practices standard is a set of controls that detect when your deployed accounts and resources deviate from security best practices.;;;2026-09-01 14:00:52.311778;NetworkFirewall.4;A firewall policy defines how your firewall monitors and handles traffic in Amazon VPC. You configure stateless and stateful rule groups to filter packets and traffic flows. Defaulting to Pass can allow unintended traffic.;Network Firewall;;;Network Firewall;;MANUAL;Manual check;manual_check;manual;False;Manual check;AWS-Foundational-Security-Best-Practices;AWS Foundational Security Best Practices;
aws;The AWS Foundational Security Best Practices standard is a set of controls that detect when your deployed accounts and resources deviate from security best practices.;;;2026-09-01 14:00:52.311778;NetworkFirewall.5;This control checks whether the default stateless action for fragmented packets for a Network Firewall policy is drop or forward. The control passes if Drop or Forward is selected, and fails if Pass is selected.;Network Firewall;;;Network Firewall;;MANUAL;Manual check;manual_check;manual;False;Manual check;AWS-Foundational-Security-Best-Practices;AWS Foundational Security Best Practices;
aws;The AWS Foundational Security Best Practices standard is a set of controls that detect when your deployed accounts and resources deviate from security best practices.;;;2026-09-01 14:00:52.311778;NetworkFirewall.6;A rule group contains rules that define how your firewall processes traffic in your VPC. An empty stateless rule group when present in a firewall policy might give the impression that the rule group will process traffic. However, when the stateless rule group is empty, it does not process traffic.;Network Firewall;;;Network Firewall;;MANUAL;Manual check;manual_check;manual;False;Manual check;AWS-Foundational-Security-Best-Practices;AWS Foundational Security Best Practices;
aws;The AWS Foundational Security Best Practices standard is a set of controls that detect when your deployed accounts and resources deviate from security best practices.;;;2026-09-01 14:00:52.311778;OpenSearch.6;This control checks whether OpenSearch domains are configured with at least three data nodes and zoneAwarenessEnabled is true. This control fails for an OpenSearch domain if instanceCount is less than 3 or zoneAwarenessEnabled is false.;Opensearch;;;Opensearch;;MANUAL;Manual check;manual_check;manual;False;Manual check;AWS-Foundational-Security-Best-Practices;AWS Foundational Security Best Practices;
aws;The AWS Foundational Security Best Practices standard is a set of controls that detect when your deployed accounts and resources deviate from security best practices.;;;2026-09-01 14:00:52.311778;OpenSearch.8;TThis controls checks whether an Amazon OpenSearch Service domain endpoint is configured to use the latest TLS security policy. The control fails if the OpenSearch domain endpoint isn't configured to use the latest supported policy or if HTTPs isn't enabled.;Opensearch;;;Opensearch;;MANUAL;Manual check;manual_check;manual;False;Manual check;AWS-Foundational-Security-Best-Practices;AWS Foundational Security Best Practices;
aws;The AWS Foundational Security Best Practices standard is a set of controls that detect when your deployed accounts and resources deviate from security best practices.;;;2026-09-01 14:00:52.311778;PrivateCertificateAuthority.1;This control checks if AWS Private CA has a root certificate authority (CA) that is disabled. The control fails if the root CA is enabled.;Private Certificate Authority;;;Private Certificate Authority;;MANUAL;Manual check;manual_check;manual;False;Manual check;AWS-Foundational-Security-Best-Practices;AWS Foundational Security Best Practices;
aws;The AWS Foundational Security Best Practices standard is a set of controls that detect when your deployed accounts and resources deviate from security best practices.;;;2026-09-01 14:00:52.311778;RDS.26;This control evaluates if Amazon RDS DB instances are covered by a backup plan. This control fails if the RDS DB instance isn't covered by a backup plan. If you set the backupVaultLockCheck parameter equal to true, the control passes only if the instance is backed up in an AWS Backup locked vault.;RDS;;;RDS;;MANUAL;Manual check;manual_check;manual;False;Manual check;AWS-Foundational-Security-Best-Practices;AWS Foundational Security Best Practices;
aws;The AWS Foundational Security Best Practices standard is a set of controls that detect when your deployed accounts and resources deviate from security best practices.;;;2026-09-01 14:00:52.311778;RDS.34;This control checks whether an Amazon Aurora MySQL DB cluster is configured to publish audit logs to Amazon CloudWatch Logs. The control fails if the cluster isn't configured to publish audit logs to CloudWatch Logs.;RDS;;;RDS;;MANUAL;Manual check;manual_check;manual;False;Manual check;AWS-Foundational-Security-Best-Practices;AWS Foundational Security Best Practices;
aws;The AWS Foundational Security Best Practices standard is a set of controls that detect when your deployed accounts and resources deviate from security best practices.;;;2026-09-01 14:00:52.311778;RDS.36;This control checks whether an Amazon RDS for PostgreSQL DB instance is configured to publish logs to Amazon CloudWatch Logs. The control fails if the PostgreSQL DB instance isn't configured to publish the log types mentioned in the logTypes parameter to CloudWatch Logs.;RDS;;;RDS;;MANUAL;Manual check;manual_check;manual;False;Manual check;AWS-Foundational-Security-Best-Practices;AWS Foundational Security Best Practices;
aws;The AWS Foundational Security Best Practices standard is a set of controls that detect when your deployed accounts and resources deviate from security best practices.;;;2026-09-01 14:00:52.311778;Redshift.2;This control checks whether connections to Amazon Redshift clusters are required to use encryption in transit. The check fails if the Amazon Redshift cluster parameter require_SSL is not set to 1. TLS can be used to help prevent potential attackers from using person-in-the-middle or similar attacks to eavesdrop on or manipulate network traffic. Only encrypted connections over TLS should be allowed. Encrypting data in transit can affect performance. You should test your application with this feature to understand the performance profile and the impact of TLS.;Redshift;;;Redshift;;MANUAL;Manual check;manual_check;manual;False;Manual check;AWS-Foundational-Security-Best-Practices;AWS Foundational Security Best Practices;
aws;The AWS Foundational Security Best Practices standard is a set of controls that detect when your deployed accounts and resources deviate from security best practices.;;;2026-09-01 14:00:52.311778;Redshift.7;This control checks whether an Amazon Redshift cluster has EnhancedVpcRouting enabled.;Redshift;;;Redshift;;MANUAL;Manual check;manual_check;manual;False;Manual check;AWS-Foundational-Security-Best-Practices;AWS Foundational Security Best Practices;
aws;The AWS Foundational Security Best Practices standard is a set of controls that detect when your deployed accounts and resources deviate from security best practices.;;;2026-09-01 14:00:52.311778;Redshift.8;This control checks whether a Amazon Redshift cluster has changed the admin username from its default value. This control will fail if the admin username for a Redshift cluster is set to awsuser.;Redshift;;;Redshift;;MANUAL;Manual check;manual_check;manual;False;Manual check;AWS-Foundational-Security-Best-Practices;AWS Foundational Security Best Practices;
aws;The AWS Foundational Security Best Practices standard is a set of controls that detect when your deployed accounts and resources deviate from security best practices.;;;2026-09-01 14:00:52.311778;Redshift.9;This control checks whether an Amazon Redshift cluster has changed the database name from its default value. The control will fail if the database name for a Redshift cluster is set to dev.;Redshift;;;Redshift;;MANUAL;Manual check;manual_check;manual;False;Manual check;AWS-Foundational-Security-Best-Practices;AWS Foundational Security Best Practices;
aws;The AWS Foundational Security Best Practices standard is a set of controls that detect when your deployed accounts and resources deviate from security best practices.;;;2026-09-01 14:00:52.311778;Redshift.10;This control checks if Amazon Redshift clusters are encrypted at rest. The control fails if a Redshift cluster isn't encrypted at rest or if the encryption key is different from the provided key in the rule parameter.;Redshift;;;Redshift;;MANUAL;Manual check;manual_check;manual;False;Manual check;AWS-Foundational-Security-Best-Practices;AWS Foundational Security Best Practices;
aws;The AWS Foundational Security Best Practices standard is a set of controls that detect when your deployed accounts and resources deviate from security best practices.;;;2026-09-01 14:00:52.311778;Route53.2;This control checks if DNS query logging is enabled for an Amazon Route 53 public hosted zone. The control fails if DNS query logging isn't enabled for a Route 53 public hosted zone.;Route53;;;Route53;;MANUAL;Manual check;manual_check;manual;False;Manual check;AWS-Foundational-Security-Best-Practices;AWS Foundational Security Best Practices;
aws;The AWS Foundational Security Best Practices standard is a set of controls that detect when your deployed accounts and resources deviate from security best practices.;;;2026-09-01 14:00:52.311778;S3.2;This control checks whether your S3 buckets allow public read access. It evaluates the Block Public Access settings, the bucket policy, and the bucket access control list (ACL).;S3;;;S3;;MANUAL;Manual check;manual_check;manual;False;Manual check;AWS-Foundational-Security-Best-Practices;AWS Foundational Security Best Practices;
aws;The AWS Foundational Security Best Practices standard is a set of controls that detect when your deployed accounts and resources deviate from security best practices.;;;2026-09-01 14:00:52.311778;S3.10;This control checks if Amazon Simple Storage Service (Amazon S3) version enabled buckets have lifecycle policy configured. This rule fails if Amazon S3 lifecycle policy is not enabled.;S3;;;S3;;MANUAL;Manual check;manual_check;manual;False;Manual check;AWS-Foundational-Security-Best-Practices;AWS Foundational Security Best Practices;
aws;The AWS Foundational Security Best Practices standard is a set of controls that detect when your deployed accounts and resources deviate from security best practices.;;;2026-09-01 14:00:52.311778;S3.11;This control checks whether S3 Event Notifications are enabled on an Amazon S3 bucket. This control fails if S3 Event Notifications are not enabled on a bucket.;S3;;;S3;;MANUAL;Manual check;manual_check;manual;False;Manual check;AWS-Foundational-Security-Best-Practices;AWS Foundational Security Best Practices;
aws;The AWS Foundational Security Best Practices standard is a set of controls that detect when your deployed accounts and resources deviate from security best practices.;;;2026-09-01 14:00:52.311778;SNS.2;This control checks whether logging is enabled for the delivery status of notification messages sent to an Amazon SNS topic for the endpoints. This control fails if the delivery status notification for messages is not enabled.;SNS;;;SNS;;MANUAL;Manual check;manual_check;manual;False;Manual check;AWS-Foundational-Security-Best-Practices;AWS Foundational Security Best Practices;
aws;The AWS Foundational Security Best Practices standard is a set of controls that detect when your deployed accounts and resources deviate from security best practices.;;;2026-09-01 14:00:52.311778;SNS.4;This control checks if the Amazon SNS topic access policy allows public access. This control fails if the SNS topic access policy allows public access.;SNS;;;SNS;;MANUAL;Manual check;manual_check;manual;False;Manual check;AWS-Foundational-Security-Best-Practices;AWS Foundational Security Best Practices;
aws;The AWS Foundational Security Best Practices standard is a set of controls that detect when your deployed accounts and resources deviate from security best practices.;;;2026-09-01 14:00:52.311778;SecretsManager.2;This control checks whether an AWS Secrets Manager secret rotated successfully based on the rotation schedule. The control fails if RotationOccurringAsScheduled is false. The control does not evaluate secrets that do not have rotation configured.;Secrets Manager;;;Secrets Manager;;MANUAL;Manual check;manual_check;manual;False;Manual check;AWS-Foundational-Security-Best-Practices;AWS Foundational Security Best Practices;
aws;The AWS Foundational Security Best Practices standard is a set of controls that detect when your deployed accounts and resources deviate from security best practices.;;;2026-09-01 14:00:52.311778;SecretsManager.3;This control checks whether an AWS Secrets Manager secret has been accessed within the specified time frame. The control fails if a secret is unused beyond the specified time frame. Unless you provide a custom parameter value for the access period, Security Hub uses a default value of 90 days;Secrets Manager;;;Secrets Manager;;MANUAL;Manual check;manual_check;manual;False;Manual check;AWS-Foundational-Security-Best-Practices;AWS Foundational Security Best Practices;
aws;The AWS Foundational Security Best Practices standard is a set of controls that detect when your deployed accounts and resources deviate from security best practices.;;;2026-09-01 14:00:52.311778;SecretsManager.4;This control checks whether your secrets have been rotated at least once within 90 days. Rotating secrets can help you to reduce the risk of an unauthorized use of your secrets in your AWS account. Examples include database credentials, passwords, third-party API keys, and even arbitrary text. If you do not change your secrets for a long period of time, the secrets are more likely to be compromised.;Secrets Manager;;;Secrets Manager;;MANUAL;Manual check;manual_check;manual;False;Manual check;AWS-Foundational-Security-Best-Practices;AWS Foundational Security Best Practices;
aws;The AWS Foundational Security Best Practices standard is a set of controls that detect when your deployed accounts and resources deviate from security best practices.;;;2026-09-01 14:00:52.311778;StepFunctions.1;This controls checks whether an AWS Step Functions state machine has logging turned on. The control fails if a state machine doesn't have logging turned on. If you provide a custom value for the logLevel parameter, the control passes only if the state machine has the specified logging level turned on.;Step Functions;;;Step Functions;;MANUAL;Manual check;manual_check;manual;False;Manual check;AWS-Foundational-Security-Best-Practices;AWS Foundational Security Best Practices;
aws;The AWS Foundational Security Best Practices standard is a set of controls that detect when your deployed accounts and resources deviate from security best practices.;;;2026-09-01 14:00:52.311778;WAF.1;This control checks whether logging is enabled for an AWS WAF global web ACL. This control fails if logging is not enabled for the web ACL.;WAF;;;WAF;;MANUAL;Manual check;manual_check;manual;False;Manual check;AWS-Foundational-Security-Best-Practices;AWS Foundational Security Best Practices;
aws;The AWS Foundational Security Best Practices standard is a set of controls that detect when your deployed accounts and resources deviate from security best practices.;;;2026-09-01 14:00:52.311778;WAF.2;This control checks whether an AWS WAF Regional rule has at least one condition. The control fails if no conditions are present within a rule.;WAF;;;WAF;;MANUAL;Manual check;manual_check;manual;False;Manual check;AWS-Foundational-Security-Best-Practices;AWS Foundational Security Best Practices;
aws;The AWS Foundational Security Best Practices standard is a set of controls that detect when your deployed accounts and resources deviate from security best practices.;;;2026-09-01 14:00:52.311778;WAF.3;This control checks whether an AWS WAF Regional rule group has at least one rule. The control fails if no rules are present within a rule group.;WAF;;;WAF;;MANUAL;Manual check;manual_check;manual;False;Manual check;AWS-Foundational-Security-Best-Practices;AWS Foundational Security Best Practices;
aws;The AWS Foundational Security Best Practices standard is a set of controls that detect when your deployed accounts and resources deviate from security best practices.;;;2026-09-01 14:00:52.311778;WAF.4;This control checks whether an AWS WAF Classic Regional web ACL contains any WAF rules or WAF rule groups. This control fails if a web ACL does not contain any WAF rules or rule groups.;WAF;;;WAF;;MANUAL;Manual check;manual_check;manual;False;Manual check;AWS-Foundational-Security-Best-Practices;AWS Foundational Security Best Practices;
aws;The AWS Foundational Security Best Practices standard is a set of controls that detect when your deployed accounts and resources deviate from security best practices.;;;2026-09-01 14:00:52.311778;WAF.6;This control checks whether an AWS WAF global rule contains any conditions. The control fails if no conditions are present within a rule.;WAF;;;WAF;;MANUAL;Manual check;manual_check;manual;False;Manual check;AWS-Foundational-Security-Best-Practices;AWS Foundational Security Best Practices;
aws;The AWS Foundational Security Best Practices standard is a set of controls that detect when your deployed accounts and resources deviate from security best practices.;;;2026-09-01 14:00:52.311778;WAF.7;This control checks whether an AWS WAF global rule group has at least one rule. The control fails if no rules are present within a rule group.;WAF;;;WAF;;MANUAL;Manual check;manual_check;manual;False;Manual check;AWS-Foundational-Security-Best-Practices;AWS Foundational Security Best Practices;
aws;The AWS Foundational Security Best Practices standard is a set of controls that detect when your deployed accounts and resources deviate from security best practices.;;;2026-09-01 14:00:52.311778;WAF.8;This control checks whether an AWS WAF global web ACL contains at least one WAF rule or WAF rule group. The control fails if a web ACL does not contain any WAF rules or rule groups.;WAF;;;WAF;;MANUAL;Manual check;manual_check;manual;False;Manual check;AWS-Foundational-Security-Best-Practices;AWS Foundational Security Best Practices;
aws;The AWS Foundational Security Best Practices standard is a set of controls that detect when your deployed accounts and resources deviate from security best practices.;;;2026-09-01 14:00:52.311778;WAF.10;This control checks whether a WAFV2 web access control list (web ACL) contains at least one WAF rule or WAF rule group. The control fails if a web ACL does not contain any WAF rules or rule groups.;WAF;;;WAF;;MANUAL;Manual check;manual_check;manual;False;Manual check;AWS-Foundational-Security-Best-Practices;AWS Foundational Security Best Practices;
aws;The AWS Foundational Security Best Practices standard is a set of controls that detect when your deployed accounts and resources deviate from security best practices.;;;2026-09-01 14:00:52.311778;WAF.12;This control checks whether an AWS WAF rule or rule group has Amazon CloudWatch metrics enabled. The control fails if the rule or rule group doesn't have CloudWatch metrics enabled.;WAF;;;WAF;;MANUAL;Manual check;manual_check;manual;False;Manual check;AWS-Foundational-Security-Best-Practices;AWS Foundational Security Best Practices;
