AUTH_METHOD;TIMESTAMP;ACCOUNT_UID;ACCOUNT_NAME;ACCOUNT_EMAIL;ACCOUNT_ORGANIZATION_UID;ACCOUNT_ORGANIZATION_NAME;ACCOUNT_TAGS;FINDING_UID;PROVIDER;CHECK_ID;CHECK_TITLE;CHECK_TYPE;STATUS;STATUS_EXTENDED;MUTED;SERVICE_NAME;SUBSERVICE_NAME;SEVERITY;RESOURCE_TYPE;RESOURCE_UID;RESOURCE_NAME;RESOURCE_DETAILS;RESOURCE_TAGS;PARTITION;REGION;DESCRIPTION;RISK;RELATED_URL;REMEDIATION_RECOMMENDATION_TEXT;REMEDIATION_RECOMMENDATION_URL;REMEDIATION_CODE_NATIVEIAC;REMEDIATION_CODE_TERRAFORM;REMEDIATION_CODE_CLI;REMEDIATION_CODE_OTHER;COMPLIANCE;CATEGORIES;DEPENDS_ON;RELATED_TO;NOTES;PROWLER_VERSION;ADDITIONAL_URLS;ACCOUNT_OU_UID;ACCOUNT_OU_NAME
profile: None;2026-09-01 14:23:41.589109;128529977749;;;;;;prowler-aws-cloudwatch_changes_to_network_route_tables_alarm_configured-128529977749-eu-north-1-128529977749;aws;cloudwatch_changes_to_network_route_tables_alarm_configured;Account monitors VPC route table changes with a CloudWatch Logs metric filter and alarm;Software and Configuration Checks/Industry and Regulatory Standards/CIS AWS Foundations Benchmark | Software and Configuration Checks/AWS Security Best Practices | TTPs/Defense Evasion | Effects/Data Exfiltration;FAIL;No CloudWatch log groups found with metric filters or alarms associated.;False;cloudwatch;;medium;AwsCloudWatchAlarm;arn:aws:logs:eu-north-1:128529977749:log-group;128529977749;;;aws;eu-north-1;**VPC route table changes** are captured from **CloudTrail logs** by a **CloudWatch Logs metric filter** with an associated **alarm** for events like `CreateRoute`, `CreateRouteTable`, `ReplaceRoute`, `ReplaceRouteTableAssociation`, `DeleteRoute`, `DeleteRouteTable`, and `DisassociateRouteTable`.;Without monitoring of **route table changes**, unauthorized or accidental edits can redirect traffic, bypass inspection, or blackhole routes, impacting **confidentiality** (exfiltration), **integrity** (tampered paths), and **availability** (outages from misrouted traffic).;;Implement a **CloudWatch Logs metric filter and alarm** on CloudTrail for these route table events and notify responders. Enforce **least privilege** for route modifications, require **change control**, and apply **defense in depth** with VPC Flow Logs and guardrails to prevent and quickly contain unsafe routing changes.;https://hub.prowler.com/check/cloudwatch_changes_to_network_route_tables_alarm_configured;"```yaml
# CloudFormation: Metric filter + alarm for VPC route table changes
Resources:
  RouteTableChangeMetricFilter:
    Type: AWS::Logs::MetricFilter
    Properties:
      LogGroupName: ""<example_resource_name>""
      # CRITICAL: Detect EC2 route table change events in CloudTrail logs
      # Includes eventSource and the required eventNames
      FilterPattern: '{($.eventSource = ec2.amazonaws.com) && (($.eventName = CreateRoute) || ($.eventName = CreateRouteTable) || ($.eventName = ReplaceRoute) || ($.eventName = ReplaceRouteTableAssociation) || ($.eventName = DeleteRouteTable) || ($.eventName = DeleteRoute) || ($.eventName = DisassociateRouteTable))}'
      MetricTransformations:
        - MetricValue: ""1""
          MetricNamespace: ""<example_resource_name>""
          MetricName: ""<example_resource_name>""

  RouteTableChangeAlarm:
    Type: AWS::CloudWatch::Alarm
    Properties:
      # CRITICAL: Alarm on the metric from the filter above
      Namespace: ""<example_resource_name>""
      MetricName: ""<example_resource_name>""
      ComparisonOperator: GreaterThanOrEqualToThreshold
      EvaluationPeriods: 1
      Period: 300
      Statistic: Sum
      Threshold: 1
```";"```hcl
# Metric filter + alarm for VPC route table changes
resource ""aws_cloudwatch_log_metric_filter"" ""routes"" {
  name           = ""<example_resource_name>""
  log_group_name = ""<example_resource_name>""
  # CRITICAL: Detect EC2 route table change events in CloudTrail logs
  pattern = ""{($.eventSource = ec2.amazonaws.com) && (($.eventName = CreateRoute) || ($.eventName = CreateRouteTable) || ($.eventName = ReplaceRoute) || ($.eventName = ReplaceRouteTableAssociation) || ($.eventName = DeleteRouteTable) || ($.eventName = DeleteRoute) || ($.eventName = DisassociateRouteTable))}""

  metric_transformation {
    name      = ""<example_resource_name>""
    namespace = ""<example_resource_name>""
    value     = ""1""
  }
}

resource ""aws_cloudwatch_metric_alarm"" ""routes"" {
  alarm_name          = ""<example_resource_name>""
  # CRITICAL: Alarm targets the metric from the filter above
  metric_name         = ""<example_resource_name>""
  namespace           = ""<example_resource_name>""
  comparison_operator = ""GreaterThanOrEqualToThreshold""
  evaluation_periods  = 1
  period              = 300
  statistic           = ""Sum""
  threshold           = 1
}
```";;"1. In the AWS console, open CloudWatch > Log groups and select your CloudTrail log group
2. Go to Metric filters > Create metric filter
3. Set Filter pattern to:
   {($.eventSource = ec2.amazonaws.com) && (($.eventName = CreateRoute) || ($.eventName = CreateRouteTable) || ($.eventName = ReplaceRoute) || ($.eventName = ReplaceRouteTableAssociation) || ($.eventName = DeleteRouteTable) || ($.eventName = DeleteRoute) || ($.eventName = DisassociateRouteTable))}
4. Name the metric and set Metric value to 1; choose any namespace/name
5. Create the filter
6. From the filter, click Create alarm
7. Set Statistic: Sum, Period: 5 minutes, Threshold type: Static, Threshold: 1, Whenever: Greater/Equal
8. Create the alarm (notifications optional)";CIS-7.0: 5.13 | SOC2: cc_5_2, cc_7_2, cc_7_3, cc_7_4 | CIS-1.4: 4.13 | CIS-1.5: 4.13 | MITRE-ATTACK: T1496 | ISO27001-2013: A.12.4.B | KISA-ISMS-P-2023: 2.9.4, 2.10.1, 2.10.2, 2.11.3 | C5-2025: OIS-04.03B, OIS-04.01AC, OIS-04.02AC, HR-03.02AC, AM-09.03AC, OPS-13.03AC, OPS-26.06B, COS-03.02B, PSS-04.01B | HIPAA: 164_308_a_6_i | CIS-2.0: 4.13 | KISA-ISMS-P-2023-korean: 2.9.4, 2.10.1, 2.10.2, 2.11.3 | AWS-Well-Architected-Framework-Security-Pillar: SEC04-BP04 | NIST-CSF-2.0: ae_2, ae_3, cm_1, dp_4 | CIS-5.0: 4.13 | NIST-800-171-Revision-2: 3_6_1, 3_6_2, 3_12_4 | NIST-800-53-Revision-4: ac_2_4, au_6_1, au_6_3, au_7_1, ca_7, ir_4_1, si_4_2, si_4_4, si_4_5, si_4 | NIST-800-53-Revision-5: au_6_1, au_6_5, au_12_3, au_14_a, au_14_b, ca_2_2, ca_7, ca_7_b, pm_14_a_1, pm_14_b, pm_31, sc_36_1_a, si_2_a, si_4_12, si_5_1, si_5_b | CIS-3.0: 4.13 | CIS-6.0: 5.13 | NIST-CSF-1.1: ae_5, cm_2, cm_5, cp_4, ra_5 | CCC-v2025.10: CCC.Core.CN09.AR03, CCC.Core.CN04.AR01 | SecNumCloud-3.2: 12.9 | FFIEC: d5-dr-de-b-1, d5-dr-de-b-3 | ProwlerThreatScore-1.0: 3.3.14 | FedRamp-Moderate-Revision-4: ac-2-4, au-6-1-3, au-7-1, ca-7-a-b, ir-4-1, ir-4-1, si-4-2, si-4-4, si-4-5, si-4-a-b-c | FedRAMP-Low-Revision-4: ir-4 | CIS-4.0.1: 4.13 | NIS2: 2.2.3, 3.2.3.a, 3.2.3.f, 3.2.4, 6.4.1 | FedRAMP-20x-KSI-Low-25.05C: ksi-cmt;logging;;;Logging and Monitoring;5.40.0;https://docs.aws.amazon.com/awscloudtrail/latest/userguide/cloudwatch-alarms-for-cloudtrail.html;;
profile: None;2026-09-01 14:23:41.589109;128529977749;;;;;;prowler-aws-cloudwatch_changes_to_vpcs_alarm_configured-128529977749-eu-north-1-128529977749;aws;cloudwatch_changes_to_vpcs_alarm_configured;AWS account has a CloudWatch Logs metric filter and alarm for VPC changes;Software and Configuration Checks/Industry and Regulatory Standards/CIS AWS Foundations Benchmark;FAIL;No CloudWatch log groups found with metric filters or alarms associated.;False;cloudwatch;;medium;AwsCloudWatchAlarm;arn:aws:logs:eu-north-1:128529977749:log-group;128529977749;;;aws;eu-north-1;**CloudTrail events** for **VPC configuration changes** are captured in CloudWatch Logs with a metric filter and an associated alarm. The filter targets actions like `CreateVpc`, `DeleteVpc`, `ModifyVpcAttribute`, and VPC peering operations to surface when network topology is altered.;Without alerting on VPC changes, unauthorized or accidental edits to routes, peering, or attributes can go unnoticed, exposing private networks and enabling data exfiltration (C), lateral movement and traffic tampering (I), and outages from misrouted or bridged networks (A).;;Create a CloudWatch Logs metric filter and alarm on CloudTrail for critical **VPC change events**, and notify responders. Apply **least privilege** to network changes, require change approvals, and use **defense in depth** (segmentation, route controls) to prevent and contain unauthorized modifications.;https://hub.prowler.com/check/cloudwatch_changes_to_vpcs_alarm_configured;"```yaml
# CloudFormation: Create a metric filter and alarm for VPC changes
Resources:
  VPCChangesMetricFilter:
    Type: AWS::Logs::MetricFilter
    Properties:
      LogGroupName: <example_log_group_name>
      FilterPattern: '{ ($.eventName = CreateVpc) || ($.eventName = DeleteVpc) || ($.eventName = ModifyVpcAttribute) || ($.eventName = AcceptVpcPeeringConnection) || ($.eventName = CreateVpcPeeringConnection) || ($.eventName = DeleteVpcPeeringConnection) || ($.eventName = RejectVpcPeeringConnection) || ($.eventName = AttachClassicLinkVpc) || ($.eventName = DetachClassicLinkVpc) || ($.eventName = DisableVpcClassicLink) || ($.eventName = EnableVpcClassicLink) }' # Critical: matches VPC change events
      MetricTransformations:
        - MetricName: vpc_changes_metric
          MetricNamespace: CISBenchmark
          MetricValue: ""1""  # Critical: emits a metric on matching events

  VPCChangesAlarm:
    Type: AWS::CloudWatch::Alarm
    Properties:
      MetricName: vpc_changes_metric  # Critical: alarm monitors the metric above
      Namespace: CISBenchmark
      Statistic: Sum
      Period: 300
      EvaluationPeriods: 1
      Threshold: 1
      ComparisonOperator: GreaterThanOrEqualToThreshold
```";"```hcl
# Metric filter for VPC changes
resource ""aws_cloudwatch_log_metric_filter"" ""<example_resource_name>"" {
  name           = ""<example_resource_name>""
  log_group_name = ""<example_log_group_name>""
  pattern        = ""{ ($.eventName = CreateVpc) || ($.eventName = DeleteVpc) || ($.eventName = ModifyVpcAttribute) || ($.eventName = AcceptVpcPeeringConnection) || ($.eventName = CreateVpcPeeringConnection) || ($.eventName = DeleteVpcPeeringConnection) || ($.eventName = RejectVpcPeeringConnection) || ($.eventName = AttachClassicLinkVpc) || ($.eventName = DetachClassicLinkVpc) || ($.eventName = DisableVpcClassicLink) || ($.eventName = EnableVpcClassicLink) }"" # Critical: matches VPC change events

  metric_transformation {
    name      = ""<example_resource_name>""   # Critical: metric created by the filter
    namespace = ""CISBenchmark""
    value     = ""1""
  }
}

# Alarm on the VPC changes metric
resource ""aws_cloudwatch_metric_alarm"" ""<example_resource_name>"" {
  metric_name        = ""<example_resource_name>""  # Critical: alarm monitors the filter's metric
  namespace          = ""CISBenchmark""
  statistic          = ""Sum""
  period             = 300
  evaluation_periods = 1
  threshold          = 1
  comparison_operator = ""GreaterThanOrEqualToThreshold""
}
```";;"1. In the AWS Console, go to CloudWatch > Log groups and open the CloudTrail log group
2. Choose Create metric filter
3. For Filter pattern, paste:
   { ($.eventName = CreateVpc) || ($.eventName = DeleteVpc) || ($.eventName = ModifyVpcAttribute) || ($.eventName = AcceptVpcPeeringConnection) || ($.eventName = CreateVpcPeeringConnection) || ($.eventName = DeleteVpcPeeringConnection) || ($.eventName = RejectVpcPeeringConnection) || ($.eventName = AttachClassicLinkVpc) || ($.eventName = DetachClassicLinkVpc) || ($.eventName = DisableVpcClassicLink) || ($.eventName = EnableVpcClassicLink) }
4. Name the filter and set Metric namespace to CISBenchmark, Metric name to vpc_changes_metric, Metric value to 1; create the filter
5. Select the new filter and choose Create alarm
6. Set Statistic to Sum, Period 5 minutes, Threshold type Static, Whenever Greater/Equal 1, Evaluation periods 1
7. Create the alarm (actions/notifications are optional and not required for pass)
";CIS-7.0: 5.14 | SOC2: cc_5_2, cc_7_2, cc_7_3, cc_7_4 | CIS-1.4: 4.14 | CIS-1.5: 4.14 | MITRE-ATTACK: T1496 | ISO27001-2013: A.12.4.A | KISA-ISMS-P-2023: 2.9.4, 2.10.1, 2.10.2, 2.11.3 | C5-2025: OIS-04.03B, OIS-04.01AC, OIS-04.02AC, HR-03.02AC, AM-09.03AC, OPS-11.02AC, OPS-13.03AC, OPS-26.05B, OPS-26.01AS, OPS-26.06B, COS-03.02B, PSS-04.01B | HIPAA: 164_308_a_6_i | CIS-2.0: 4.14 | KISA-ISMS-P-2023-korean: 2.9.4, 2.10.1, 2.10.2, 2.11.3 | AWS-Well-Architected-Framework-Security-Pillar: SEC04-BP04 | NIST-CSF-2.0: ra_5, ae_2, cm_1 | CIS-5.0: 4.14 | NIST-800-171-Revision-2: 3_6_1, 3_6_2, 3_12_4 | NIST-800-53-Revision-4: ac_2_4, au_6_1, au_6_3, au_7_1, ca_7, ir_4_1, si_4_2, si_4_4, si_4_5, si_4 | NIST-800-53-Revision-5: au_6_1, au_6_5, au_12_3, au_14_a, au_14_b, ca_2_2, ca_7, ca_7_b, pm_14_a_1, pm_14_b, pm_31, sc_36_1_a, si_2_a, si_4_12, si_5_1, si_5_b | CIS-3.0: 4.14 | CIS-6.0: 5.14 | NIST-CSF-1.1: ae_5, cm_2, cm_5, cp_4, ra_5 | CCC-v2025.10: CCC.Core.CN09.AR03, CCC.Core.CN04.AR01 | SecNumCloud-3.2: 12.9 | FFIEC: d5-dr-de-b-1, d5-dr-de-b-3 | ProwlerThreatScore-1.0: 3.3.15 | ISO27001-2022: A.8.15, A.8.16, A.8.20, A.8.21, A.8.22 | AWS-AI-Security-Framework-1.0: AISF-DETECT-05 | FedRamp-Moderate-Revision-4: ac-2-4, au-6-1-3, au-7-1, ca-7-a-b, ir-4-1, ir-4-1, si-4-2, si-4-4, si-4-5, si-4-a-b-c | FedRAMP-Low-Revision-4: ir-4 | CIS-4.0.1: 4.14 | NIS2: 2.2.3, 3.2.3.c, 3.2.3.f, 3.2.4, 6.4.1 | FedRAMP-20x-KSI-Low-25.05C: ksi-cmt;logging;;;Logging and Monitoring;5.40.0;https://docs.aws.amazon.com/awscloudtrail/latest/userguide/cloudwatch-alarms-for-cloudtrail.html;;
profile: None;2026-09-01 14:23:41.589109;128529977749;;;;;;prowler-aws-cloudwatch_log_metric_filter_for_s3_bucket_policy_changes-128529977749-eu-north-1-128529977749;aws;cloudwatch_log_metric_filter_for_s3_bucket_policy_changes;CloudWatch log metric filter and alarm exist for S3 bucket policy changes;Software and Configuration Checks/Industry and Regulatory Standards/CIS AWS Foundations Benchmark | Software and Configuration Checks/AWS Security Best Practices/Runtime Behavior Analysis;FAIL;No CloudWatch log groups found with metric filters or alarms associated.;False;cloudwatch;;medium;AwsCloudWatchAlarm;arn:aws:logs:eu-north-1:128529977749:log-group;128529977749;;;aws;eu-north-1;"**CloudTrail** logs are assessed for a **CloudWatch metric filter** matching S3 bucket configuration changes (ACL, policy, CORS, lifecycle, replication; e.g., `PutBucketPolicy`, `DeleteBucketPolicy`) and for an associated **CloudWatch alarm**.";Without alerting on S3 policy and ACL changes, unauthorized modifications can go unnoticed, weakening **confidentiality** and **integrity**. Misuse could expose buckets publicly, grant write/delete access, or alter replication paths, enabling data exfiltration and destructive actions.;;Establish and maintain **metric filters** and **alarms** for S3 bucket policy, ACL, CORS, lifecycle, and replication changes. Route alerts to monitored channels and integrate with SIEM. Enforce **least privilege**, require change reviews, and use **defense in depth** to prevent and quickly detect unsafe bucket policy changes.;https://hub.prowler.com/check/cloudwatch_log_metric_filter_for_s3_bucket_policy_changes;"```yaml
# CloudFormation: CloudWatch metric filter and alarm for S3 bucket policy changes
Resources:
  <example_resource_name>MetricFilter:
    Type: AWS::Logs::MetricFilter
    Properties:
      LogGroupName: <example_resource_name>  # Critical: CloudTrail log group to monitor
      FilterPattern: '{($.eventSource=s3.amazonaws.com) && (($.eventName=PutBucketAcl) || ($.eventName=PutBucketPolicy) || ($.eventName=PutBucketCors) || ($.eventName=PutBucketLifecycle) || ($.eventName=PutBucketReplication) || ($.eventName=DeleteBucketPolicy) || ($.eventName=DeleteBucketCors) || ($.eventName=DeleteBucketLifecycle) || ($.eventName=DeleteBucketReplication))}'  # Critical: detects S3 bucket policy changes
      MetricTransformations:
        - MetricName: <example_resource_name>
          MetricNamespace: <example_resource_name>
          MetricValue: ""1""

  <example_resource_name>Alarm:
    Type: AWS::CloudWatch::Alarm
    Properties:
      AlarmName: <example_resource_name>
      Namespace: <example_resource_name>   # Critical: must match metric filter
      MetricName: <example_resource_name>  # Critical: must match metric filter
      ComparisonOperator: GreaterThanOrEqualToThreshold
      EvaluationPeriods: 1
      Period: 300
      Statistic: Sum
      Threshold: 1
```";"```hcl
# CloudWatch metric filter for S3 bucket policy changes
resource ""aws_cloudwatch_log_metric_filter"" ""<example_resource_name>"" {
  name           = ""<example_resource_name>""
  log_group_name = ""<example_resource_name>""
  # Critical: detects S3 bucket policy changes from CloudTrail logs
  pattern = ""{($.eventSource=s3.amazonaws.com) && (($.eventName=PutBucketAcl) || ($.eventName=PutBucketPolicy) || ($.eventName=PutBucketCors) || ($.eventName=PutBucketLifecycle) || ($.eventName=PutBucketReplication) || ($.eventName=DeleteBucketPolicy) || ($.eventName=DeleteBucketCors) || ($.eventName=DeleteBucketLifecycle) || ($.eventName=DeleteBucketReplication))}""

  metric_transformation {
    name      = ""<example_resource_name>""
    namespace = ""<example_resource_name>""
    value     = ""1""
  }
}

# Alarm on the metric filter
resource ""aws_cloudwatch_metric_alarm"" ""<example_resource_name>"" {
  alarm_name          = ""<example_resource_name>""
  metric_name         = ""<example_resource_name>""  # Critical: matches metric filter
  namespace           = ""<example_resource_name>""  # Critical: matches metric filter
  comparison_operator = ""GreaterThanOrEqualToThreshold""
  evaluation_periods  = 1
  period              = 300
  statistic           = ""Sum""
  threshold           = 1
}
```";;"1. Open the CloudWatch console and go to Logs > Log groups.
2. Select the CloudTrail log group that receives your trail events.
3. Create metric filter:
   - Choose Create metric filter.
   - Filter pattern:
     ```
     {($.eventSource=s3.amazonaws.com) && (($.eventName=PutBucketAcl) || ($.eventName=PutBucketPolicy) || ($.eventName=PutBucketCors) || ($.eventName=PutBucketLifecycle) || ($.eventName=PutBucketReplication) || ($.eventName=DeleteBucketPolicy) || ($.eventName=DeleteBucketCors) || ($.eventName=DeleteBucketLifecycle) || ($.eventName=DeleteBucketReplication))}
     ```
   - Set Metric name and Namespace (any values) and Metric value = 1. Save.
4. From the Metric filters tab, select the new filter and choose Create alarm.
5. Set: Statistic = Sum, Period = 5 minutes, Threshold type = Static, Condition = Greater/Equal, Threshold = 1, Evaluation periods = 1. Create alarm.";CIS-7.0: 5.8 | SOC2: cc_5_2 | CIS-1.4: 4.8 | CIS-1.5: 4.8 | MITRE-ATTACK: T1496 | GDPR: article_25 | ISO27001-2013: A.12.4.G | KISA-ISMS-P-2023: 2.10.1, 2.10.2, 2.11.3 | C5-2025: OIS-04.03B, OIS-04.01AC, OIS-04.02AC, HR-03.02AC, AM-01.01AC, AM-09.03AC, OPS-11.02AC, OPS-26.05B, OPS-26.01AS, OPS-26.06B, PSS-04.01B | CIS-2.0: 4.8 | KISA-ISMS-P-2023-korean: 2.10.1, 2.10.2, 2.11.3 | AWS-Well-Architected-Framework-Security-Pillar: SEC04-BP04 | NIST-CSF-2.0: pt_1, ae_1, ae_2, cm_7 | CIS-5.0: 4.8 | CIS-3.0: 4.8 | CIS-6.0: 5.8 | NIST-CSF-1.1: cm_2, ra_5, sc_4 | CCC-v2025.10: CCC.Core.CN04.AR01, CCC.AuditLog.CN03.AR02 | SecNumCloud-3.2: 12.9 | ProwlerThreatScore-1.0: 3.3.9 | ISO27001-2022: A.8.15, A.8.16 | CIS-4.0.1: 4.8 | NIS2: 2.2.3, 3.2.3.b, 3.2.3.c, 3.2.3.f, 3.2.3.g, 3.5.4, 7.2.b | FedRAMP-20x-KSI-Low-25.05C: ksi-cmt;logging;;;Logging and Monitoring;5.40.0;https://docs.aws.amazon.com/awscloudtrail/latest/userguide/cloudwatch-alarms-for-cloudtrail.html | https://support.icompaas.com/support/solutions/articles/62000086674-ensure-a-log-metric-filter-and-alarm-exist-for-s3-bucket-policy-changes;;
profile: None;2026-09-01 14:23:41.589109;128529977749;;;;;;prowler-aws-ec2_instance_account_imdsv2_enabled-128529977749-eu-north-1-128529977749;aws;ec2_instance_account_imdsv2_enabled;IMDSv2 is required by default for EC2 instances at the account level;Software and Configuration Checks/AWS Security Best Practices | Software and Configuration Checks/Industry and Regulatory Standards/AWS Foundational Security Best Practices | TTPs/Credential Access;FAIL;IMDSv2 is not enabled by default for EC2 instances.;False;ec2;;high;AwsEc2Instance;arn:aws:ec2:eu-north-1:128529977749:account;128529977749;;;aws;eu-north-1;**EC2 account IMDS defaults** with `http_tokens`=`required` ensure new instances in the Region use **IMDSv2** by default and disable IMDSv1. *Existing instances keep their current setting.*;Without a default of **IMDSv2**, new instances may enable **IMDSv1**, exposing metadata via simple HTTP. SSRF or proxy misconfigs can steal **temporary IAM credentials**, enabling data exfiltration (confidentiality), unauthorized API changes (integrity), and lateral movement that can disrupt services (availability).;;Enforce **IMDSv2** at the account level in every Region by setting `http_tokens` to `required`. Add guardrails with **SCP/IAM conditions**. Standardize AMIs and launch templates to require tokens, validate workload compatibility, and apply **least privilege** to instance roles for defense in depth. *For containers*, prefer hop limit `2`.;https://hub.prowler.com/check/ec2_instance_account_imdsv2_enabled;;;aws ec2 modify-instance-metadata-defaults --region <region> --http-tokens required;"1. In the AWS Console, open EC2 and select the target Region
2. Go to EC2 Dashboard > Account attributes > Data protection and security
3. Next to IMDS defaults, click Manage
4. Set Metadata version to V2 only (token required)
5. Click Update";KISA-ISMS-P-2023: 2.6.2, 2.10.2 | C5-2025: OPS-25.01B | CIS-2.0: 5.6 | KISA-ISMS-P-2023-korean: 2.6.2, 2.10.2 | ISO27001-2022: A.8.20, A.8.21, A.8.22 | NIS2: 6.7.2.i;secrets | ec2-imdsv1;;;;5.40.0;https://docs.aws.amazon.com/AWSEC2/latest/UserGuide/configuring-IMDS-new-instances.html#set-imdsv2-account-defaults | https://docs.aws.amazon.com/AWSEC2/latest/UserGuide/configuring-IMDS-new-instances.html | https://www.trendmicro.com/trendaivisiononecloudriskmanagement/knowledge-base/aws/EC2/require-imds-v2.html;;
profile: None;2026-09-01 14:23:41.589109;128529977749;;;;;;prowler-aws-ec2_instance_detailed_monitoring_enabled-128529977749-eu-north-1-i-0a1a91d21f2f18c72;aws;ec2_instance_detailed_monitoring_enabled;EC2 instance has detailed monitoring enabled;Software and Configuration Checks/AWS Security Best Practices;FAIL;EC2 Instance i-0a1a91d21f2f18c72 does not have detailed monitoring enabled.;False;ec2;;low;AwsEc2Instance;arn:aws:ec2:eu-north-1:128529977749:instance/i-0a1a91d21f2f18c72;i-0a1a91d21f2f18c72;;ManagedBy=terraform | Environment=prod | Name=ce-capstone-nat | Project=ce-capstone | Owner=OWNER;aws;eu-north-1;"**EC2 instances** are assessed for **CloudWatch detailed monitoring**, indicating whether 1-minute metrics collection is enabled.

Instances lacking this setting provide only 5-minute metrics.";"Without 1-minute metrics, visibility drops, delaying detection of:
- Sudden CPU/network/disk spikes affecting **availability**
- **Malicious workloads** (crypto-mining, brute force)
- **Data exfiltration** patterns
Slower detection expands blast radius, raising incident impact and response cost.";;Enable **detailed monitoring** to collect `1-minute` metrics on critical instances. Use **defense in depth**: baseline normal behavior, create alerts for anomalies, and correlate metrics with logs and traces. Review dashboards regularly. *If costs matter*, prioritize production, internet-facing, and autoscaling fleets.;https://hub.prowler.com/check/ec2_instance_detailed_monitoring_enabled;"```yaml
# CloudFormation: Enable detailed monitoring on an EC2 instance
Resources:
  <example_resource_name>:
    Type: AWS::EC2::Instance
    Properties:
      ImageId: ""<example_ami_id>""
      InstanceType: ""<example_instance_type>""
      Monitoring: true  # Critical: enables detailed (1-minute) CloudWatch monitoring
```";"```hcl
# Enable detailed monitoring on an EC2 instance
resource ""aws_instance"" ""<example_resource_name>"" {
  ami           = ""<example_ami_id>""
  instance_type = ""<example_instance_type>""
  monitoring    = true  # Critical: enables detailed (1-minute) CloudWatch monitoring
}
```";aws ec2 monitor-instances --instance-ids <EC2_INSTANCE_ID>;"1. Open the AWS Console and go to EC2 > Instances
2. Select the instance
3. Choose Actions > Monitor and troubleshoot > Manage detailed monitoring
4. Check Enable detailed monitoring and click Save";KISA-ISMS-P-2023: 2.9.2 | KISA-ISMS-P-2023-korean: 2.9.2 | PCI-4.0: 10.2.1.1.15, 10.4.1.1.4, 10.4.1.3, 10.4.2.4, 10.6.3.15, 10.7.1.5, 10.7.2.5, A3.3.1.7, A3.5.1.7 | NIS2: 3.2.3.h;logging | forensics-ready;;;;5.40.0;https://docs.aws.amazon.com/AWSEC2/latest/UserGuide/using-cloudwatch-new.html | https://www.trendmicro.com/trendaivisiononecloudriskmanagement/knowledge-base/aws/EC2/instance-detailed-monitoring.html | https://docs.aws.amazon.com/AWSEC2/latest/UserGuide/using-cloudwatch-new.html#enable-detailed-monitoring-instance;;
profile: None;2026-09-01 14:23:41.589109;128529977749;;;;;;prowler-aws-ec2_instance_imdsv2_enabled-128529977749-eu-north-1-i-0a1a91d21f2f18c72;aws;ec2_instance_imdsv2_enabled;EC2 instance requires IMDSv2 or has the instance metadata service disabled;Software and Configuration Checks/AWS Security Best Practices | Software and Configuration Checks/Industry and Regulatory Standards/AWS Foundational Security Best Practices | Software and Configuration Checks/Industry and Regulatory Standards/CIS AWS Foundations Benchmark | TTPs/Credential Access;PASS;EC2 Instance i-0a1a91d21f2f18c72 has IMDSv2 enabled and required.;False;ec2;;high;AwsEc2Instance;arn:aws:ec2:eu-north-1:128529977749:instance/i-0a1a91d21f2f18c72;i-0a1a91d21f2f18c72;;ManagedBy=terraform | Environment=prod | Name=ce-capstone-nat | Project=ce-capstone | Owner=OWNER;aws;eu-north-1;**EC2 instances** are evaluated for **IMDSv2 enforcement**: metadata endpoint enabled with `http_tokens: required`, or metadata service fully disabled (`http_endpoint: disabled`).;Permitting **IMDSv1** or optional tokens lets SSRF or compromised workloads retrieve **temporary IAM credentials**, impacting confidentiality and integrity. Stolen role creds can drive **privilege escalation**, unauthorized data access, and lateral movement across AWS resources.;;"Apply defense in depth:
- Require **IMDSv2** tokens on all instances (`http_tokens: required`)
- Disable metadata where not needed (`http_endpoint: disabled`)
- Minimize hop limit to `1` when feasible
- Update SDKs/apps for IMDSv2
- Restrict instance profile permissions (least privilege)
- Block metadata access from untrusted workloads";https://hub.prowler.com/check/ec2_instance_imdsv2_enabled;"```yaml
# CloudFormation: enforce IMDSv2 on an EC2 instance
Resources:
  <example_resource_name>:
    Type: AWS::EC2::Instance
    Properties:
      ImageId: ""<example_resource_id>""
      InstanceType: ""<example_resource_name>""
      MetadataOptions:
        HttpTokens: required  # Critical: Require IMDSv2 tokens (blocks IMDSv1)
```";"```hcl
# Enforce IMDSv2 on an EC2 instance
resource ""aws_instance"" ""<example_resource_name>"" {
  ami           = ""<example_resource_id>""
  instance_type = ""<example_resource_name>""

  metadata_options {
    http_tokens = ""required""  # Critical: Require IMDSv2 tokens (blocks IMDSv1)
  }
}
```";aws ec2 modify-instance-metadata-options --instance-id <instance-id> --http-tokens required --http-endpoint enabled;"1. In AWS Console, go to EC2 > Instances
2. Select the instance > Actions > Instance settings > Modify instance metadata options
3. Set Metadata version to IMDSv2 only (HTTP tokens: Required)
4. Ensure Instance metadata service is Enabled (or set to Disabled to turn off IMDS entirely)
5. Click Save";CIS-7.0: 6.7 | SOC2: cc_7_2 | MITRE-ATTACK: T1552 | AWS-Foundational-Security-Best-Practices: EC2.8 | KISA-ISMS-P-2023: 2.6.2, 2.10.2 | CIS-2.0: 5.6 | KISA-ISMS-P-2023-korean: 2.6.2, 2.10.2 | GxP-21-CFR-Part-11: 11.10-d, 11.10-g | AWS-Well-Architected-Framework-Security-Pillar: SEC03-BP01, SEC06-BP01 | NIST-CSF-2.0: ac_3 | CIS-5.0: 5.7 | NIST-800-171-Revision-2: 3_12_4 | PCI-4.0: 8.2.8.4 | NIST-800-53-Revision-4: ac_6, ca_7, si_4_2, si_4 | NIST-800-53-Revision-5: ac_2_6, ac_3, ac_3_3, ac_3_3_a, ac_3_3_b_1, ac_3_3_b_2, ac_3_3_b_3, ac_3_3_b_4, ac_3_3_b_5, ac_3_3_c, ac_3_4, ac_3_4_a, ac_3_4_b, ac_3_4_c, ac_3_4_d, ac_3_4_e, ac_3_7, ac_3_8, ac_3_12_a, ac_3_13, ac_3_15_a, ac_3_15_b, ac_4_28, ac_6, ac_24, cm_5_1_a, mp_2, sc_23_3 | CIS-3.0: 5.6 | CIS-6.0: 6.7 | NIST-CSF-1.1: cm_2, cm_5, cp_4, cp_5, ra_5, sc_4 | ProwlerThreatScore-1.0: 4.1.2 | ISO27001-2022: A.8.20, A.8.21, A.8.22 | FedRamp-Moderate-Revision-4: ac-3, ac-6, ca-7-a-b, si-4-2, si-4-4, si-4-5, si-4-a-b-c | FedRAMP-Low-Revision-4: ac-3, ca-7 | CIS-4.0.1: 5.7 | NIS2: 6.7.2.i | FedRAMP-20x-KSI-Low-25.05C: ksi-cna;identity-access | secrets | ec2-imdsv1;;;;5.40.0;https://www.trendmicro.com/trendaivisiononecloudriskmanagement/knowledge-base/aws/EC2/require-imds-v2.html | https://support.icompaas.com/support/solutions/articles/62000234166-5-7-ensure-that-the-ec2-metadata-service-only-allows-imdsv2-automated- | https://docs.aws.amazon.com/AWSEC2/latest/UserGuide/configuring-instance-metadata-service.html#configuring-instance-metadata-options;;
profile: None;2026-09-01 14:23:41.589109;128529977749;;;;;;prowler-aws-ec2_instance_internet_facing_with_instance_profile-128529977749-eu-north-1-i-0a1a91d21f2f18c72;aws;ec2_instance_internet_facing_with_instance_profile;EC2 instance is not internet-facing with an instance profile attached;Software and Configuration Checks/AWS Security Best Practices/Network Reachability | TTPs/Initial Access | TTPs/Credential Access;PASS;EC2 Instance i-0a1a91d21f2f18c72 is not internet facing with an instance profile.;False;ec2;;high;AwsEc2Instance;arn:aws:ec2:eu-north-1:128529977749:instance/i-0a1a91d21f2f18c72;i-0a1a91d21f2f18c72;;ManagedBy=terraform | Environment=prod | Name=ce-capstone-nat | Project=ce-capstone | Owner=OWNER;aws;eu-north-1;"**EC2 instances** with a public IP address and an attached **instance profile** (IAM role) are identified.

Instances lacking public exposure or without an instance profile are excluded.";Publicly reachable instances with **IAM role credentials** expand the blast radius. Remote exploits or misconfigurations can steal credentials via the **instance metadata service**, enabling unauthorized API calls, data exfiltration, and lateral movement, impacting confidentiality, integrity, and availability.;;Avoid direct Internet exposure. Place workloads behind an **Application Load Balancer** and protect HTTP apps with **WAF**. Remove public IPs or restrict ingress to trusted sources. Apply **least privilege** to instance profiles and enforce **IMDSv2**. Use **bastion hosts** or **Session Manager** for admin access.;https://hub.prowler.com/check/ec2_instance_internet_facing_with_instance_profile;"```yaml
# CloudFormation: EC2 instance without a public IP to avoid being internet-facing
Resources:
  <example_resource_name>:
    Type: AWS::EC2::Instance
    Properties:
      ImageId: <example_ami_id>
      InstanceType: t3.micro
      NetworkInterfaces:
        - DeviceIndex: 0
          SubnetId: <example_resource_id>
          AssociatePublicIpAddress: false  # Critical: disables public IPv4 so the instance is not internet-facing
```";"```hcl
# EC2 instance without a public IP to avoid being internet-facing
resource ""aws_instance"" ""<example_resource_name>"" {
  ami           = ""<example_ami_id>""
  instance_type = ""t3.micro""
  associate_public_ip_address = false  # Critical: disables public IPv4 so the instance is not internet-facing
}
```";aws ec2 disassociate-iam-instance-profile --association-id <ASSOCIATION_ID>;"1. In the AWS Console, go to EC2 > Instances and select the instance
2. Choose Actions > Security > Modify IAM role
3. Set IAM role to None and click Update IAM role
4. Verify the instance no longer lists an IAM role (instance profile)

Alternative (if you need the role): remove internet exposure
1. Select the instance > Networking tab
2. If an Elastic IP is attached, choose Disassociate Elastic IP
3. For auto-assigned public IPv4, stop the instance and relaunch without a public IP or in a subnet without auto-assign public IPv4";KISA-ISMS-P-2023: 2.5.6, 2.6.1, 2.6.2, 2.10.2 | KISA-ISMS-P-2023-korean: 2.5.6, 2.6.1, 2.6.2, 2.10.2 | AWS-Well-Architected-Framework-Security-Pillar: SEC06-BP01 | ENS-RD2022: mp.com.4.aws.vpc.2 | ISO27001-2022: A.8.20, A.8.21, A.8.22;internet-exposed | identity-access;;;;5.40.0;https://docs.aws.amazon.com/IAM/latest/UserGuide/id_roles_use_switch-role-ec2_instance-profiles.html | https://aws.amazon.com/blogs/aws/aws-web-application-firewall-waf-for-application-load-balancers/ | https://support.icompaas.com/support/solutions/articles/62000127121-ensure-instance-profile-is-attached-for-internet-facing-ec2-instances;;
profile: None;2026-09-01 14:23:41.589109;128529977749;;;;;;prowler-aws-ec2_instance_managed_by_ssm-128529977749-eu-north-1-i-0a1a91d21f2f18c72;aws;ec2_instance_managed_by_ssm;EC2 instance is managed by AWS Systems Manager or not running;Software and Configuration Checks/AWS Security Best Practices | Software and Configuration Checks/Industry and Regulatory Standards/AWS Foundational Security Best Practices | Software and Configuration Checks/Patch Management;FAIL;EC2 Instance i-0a1a91d21f2f18c72 is not managed by Systems Manager.;False;ec2;;medium;AwsEc2Instance;arn:aws:ec2:eu-north-1:128529977749:instance/i-0a1a91d21f2f18c72;i-0a1a91d21f2f18c72;;ManagedBy=terraform | Environment=prod | Name=ce-capstone-nat | Project=ce-capstone | Owner=OWNER;aws;eu-north-1;"**EC2 instances** are assessed for enrollment as **Systems Manager managed nodes**. Running instances lacking Systems Manager registration are marked as unmanaged; instances in `stopped`, `terminated`, or `pending` states are noted separately.";Unmanaged instances lack centralized patching, inventory, and secure remote access. This increases exposure to brute force on SSH/RDP, delayed patching, and poor visibility. Exploits can enable lateral movement and persistence, degrading confidentiality, integrity, and availability.;;Enroll all instances as **Systems Manager managed nodes**. Prefer **Session Manager** over SSH/RDP, restrict inbound admin ports, and use **least privilege** roles. Ensure connectivity to SSM endpoints (or private endpoints), automate patching and inventory, and monitor activity for defense-in-depth.;https://hub.prowler.com/check/ec2_instance_managed_by_ssm;"```yaml
# CloudFormation: make the instance SSM-managed by attaching the required IAM role
Resources:
  <example_resource_name>Role:
    Type: AWS::IAM::Role
    Properties:
      AssumeRolePolicyDocument:
        Version: '2012-10-17'
        Statement:
          - Effect: Allow
            Principal:
              Service: ec2.amazonaws.com
            Action: sts:AssumeRole
      ManagedPolicyArns:
        - arn:aws:iam::aws:policy/AmazonSSMManagedInstanceCore  # CRITICAL: grants SSM permissions required for management

  <example_resource_name>InstanceProfile:
    Type: AWS::IAM::InstanceProfile
    Properties:
      Roles:
        - !Ref <example_resource_name>Role

  <example_resource_name>Instance:
    Type: AWS::EC2::Instance
    Properties:
      ImageId: ami-<example_resource_id>
      InstanceType: t3.micro
      IamInstanceProfile: !Ref <example_resource_name>InstanceProfile  # CRITICAL: attaches the SSM-enabled role to the instance
```";"```hcl
# Terraform: make the instance SSM-managed by attaching the required IAM role
resource ""aws_iam_role"" ""<example_resource_name>"" {
  name               = ""<example_resource_name>""
  assume_role_policy = jsonencode({
    Version = ""2012-10-17""
    Statement = [{
      Effect = ""Allow""
      Principal = { Service = ""ec2.amazonaws.com"" }
      Action   = ""sts:AssumeRole""
    }]
  })
}

resource ""aws_iam_role_policy_attachment"" ""<example_resource_name>_ssm"" {
  role       = aws_iam_role.<example_resource_name>.name
  policy_arn = ""arn:aws:iam::aws:policy/AmazonSSMManagedInstanceCore""  # CRITICAL: grants SSM permissions required for management
}

resource ""aws_iam_instance_profile"" ""<example_resource_name>"" {
  name = ""<example_resource_name>""
  role = aws_iam_role.<example_resource_name>.name
}

resource ""aws_instance"" ""<example_resource_name>"" {
  ami                  = ""ami-<example_resource_id>""
  instance_type        = ""t3.micro""
  iam_instance_profile = aws_iam_instance_profile.<example_resource_name>.name  # CRITICAL: attaches the SSM-enabled role to the instance
}
```";aws ec2 stop-instances --instance-ids <INSTANCE_ID>;"1. In IAM console: Create role > AWS service > EC2 > Next; attach policy ""AmazonSSMManagedInstanceCore""; Create role
2. In EC2 console: Instances > select the instance > Actions > Security > Modify IAM role > choose the role created above > Update IAM role
3. Wait a few minutes; in Systems Manager console: Managed nodes, verify the instance shows as Online
4. If the instance OS does not include SSM Agent by default, install the SSM Agent for that OS, then verify again";CISA: your-systems-1 | SOC2: cc_3_2, cc_7_1 | AWS-Foundational-Security-Best-Practices: SSM.1 | KISA-ISMS-P-2023: 2.6.2, 2.10.2 | HIPAA: 164_308_a_5_ii_b | KISA-ISMS-P-2023-korean: 2.6.2, 2.10.2 | GxP-21-CFR-Part-11: 11.10-a, 11.10-h | AWS-Well-Architected-Framework-Security-Pillar: SEC01-BP06, SEC06-BP04, SEC06-BP05 | NIST-CSF-2.0: ac_3 | NIST-800-171-Revision-2: 3_4_1, 3_4_2, 3_4_6, 3_4_9, 3_14_2 | ASD-Essential-Eight-Nov 2023: E8-1.1, E8-2.1, E8-2.6, E8-2.7 | NIST-800-53-Revision-4: cm_2, cm_7, cm_8_1, cm_8_3, sa_3, sa_10, si_2_2, si_7_1 | NIST-800-53-Revision-5: cm_2_a, cm_2_b, cm_2_b_1, cm_2_b_2, cm_2_b_3, cm_2_2, cm_3_3, cm_6, cm_8_1, cm_8_2, cm_8_3_a, cm_8_6, cm_8_a, cm_8_a_1, cm_8_a_2, cm_8_a_3, cm_8_a_4, cm_8_a_5, cm_8_b, si_3_c_2 | ENS-RD2022: op.acc.4.aws.iam.6, op.acc.4.aws.sys.1, op.exp.1.aws.sys.1, op.exp.4.aws.sys.2, op.exp.4.r2.aws.sys.1, op.exp.9.aws.img.1, op.acc.4.aws.iam.3 | NIST-CSF-1.1: am_1, am_2, ds_3, ds_7, ds_8, ip_1, ip_2, ip_12 | SecNumCloud-3.2: 8.1, 12.10, 12.12 | RBI-Cyber-Security-Framework: annex_i_1_1 | FFIEC: d1-g-it-b-1, d3-pc-im-b-5 | ISO27001-2022: A.5.26 | FedRamp-Moderate-Revision-4: cm-2, cm-7-a, cm-8-1, cm-8-3-a, sa-3-a, sa-10, si-2-2, si-7-1 | FedRAMP-Low-Revision-4: cm-8, sa-3 | FedRAMP-20x-KSI-Low-25.05C: ksi-cmt, ksi-piy;node-security;;;;5.40.0;https://www.trendmicro.com/trendaivisiononecloudriskmanagement/knowledge-base/aws/SSM/ssm-managed-instances.html | https://docs.aws.amazon.com/systems-manager/latest/userguide/managed_instances.html;;
profile: None;2026-09-01 14:23:41.589109;128529977749;;;;;;prowler-aws-ec2_instance_older_than_specific_days-128529977749-eu-north-1-i-0a1a91d21f2f18c72;aws;ec2_instance_older_than_specific_days;EC2 instance is not older than the configured maximum age or is not running;Software and Configuration Checks/AWS Security Best Practices | Software and Configuration Checks/Patch Management;PASS;EC2 Instance i-0a1a91d21f2f18c72 is not older than 180 days (0 days).;False;ec2;;medium;AwsEc2Instance;arn:aws:ec2:eu-north-1:128529977749:instance/i-0a1a91d21f2f18c72;i-0a1a91d21f2f18c72;;ManagedBy=terraform | Environment=prod | Name=ce-capstone-nat | Project=ce-capstone | Owner=OWNER;aws;eu-north-1;**EC2 instances** are evaluated for age while in `running` state. Instances launched beyond the configurable limit (`max_ec2_instance_age_in_days`, default `180`) are flagged as older than the allowed lifetime. Stopped instances are ignored.;"Long-lived instances often run **unpatched OS and agents**, enabling:
- Exploitation of known CVEs  loss of confidentiality
- Privilege escalation and tampering  integrity compromise
- Malware/crypto-mining and instability  reduced availability

Aged hosts also drift from baselines and impede response.";;"Adopt **short-lived, patched workloads**:
- Rebuild regularly from hardened, updated images; rotate AMIs
- Use centralized patch management and vulnerability scanning
- Retire or modernize legacy hosts; tag for lifecycle
- Apply **least privilege** and **defense in depth** to limit blast radius

Adjust `max_ec2_instance_age_in_days` to match policy.";https://hub.prowler.com/check/ec2_instance_older_than_specific_days;;;aws ec2 stop-instances --instance-ids <example_resource_id>;"1. Sign in to the AWS Management Console and open EC2
2. Go to Instances and select the noncompliant instance
3. Choose Instance state > Stop instance
4. Confirm Stop
5. Verify the instance state is Stopped (the check passes when the instance is not running)";CISA: your-systems-1 | AWS-Foundational-Security-Best-Practices: EC2.4 | KISA-ISMS-P-2023: 2.9.2 | HIPAA: 164_308_a_1_ii_b | KISA-ISMS-P-2023-korean: 2.9.2 | GxP-21-CFR-Part-11: 11.10-a | NIST-800-171-Revision-2: 3_4_1, 3_4_2 | ASD-Essential-Eight-Nov 2023: E8-2.8 | NIST-800-53-Revision-4: cm_2 | NIST-800-53-Revision-5: cm_2_a, cm_2_b, cm_2_b_1, cm_2_b_2, cm_2_b_3, cm_2_2, cm_3_3, cm_8_6 | NIST-CSF-1.1: ds_7, ip_1 | FFIEC: d1-g-it-b-1 | ISO27001-2022: A.8.10 | FedRamp-Moderate-Revision-4: cm-2 | FedRAMP-Low-Revision-4: cm-2 | FedRAMP-20x-KSI-Low-25.05C: ksi-cmt;;;;;5.40.0;https://docs.aws.amazon.com/systems-manager/latest/userguide/viewing-patch-compliance-results.html | https://www.trendmicro.com/trendaivisiononecloudriskmanagement/knowledge-base/aws/EC2/ec2-instance-too-old.html;;
profile: None;2026-09-01 14:23:41.589109;128529977749;;;;;;prowler-aws-ec2_instance_paravirtual_type-128529977749-eu-north-1-i-0a1a91d21f2f18c72;aws;ec2_instance_paravirtual_type;EC2 instance virtualization type is HVM;Software and Configuration Checks/AWS Security Best Practices;PASS;EC2 Instance i-0a1a91d21f2f18c72 virtualization type is set to HVM.;False;ec2;;medium;AwsEc2Instance;arn:aws:ec2:eu-north-1:128529977749:instance/i-0a1a91d21f2f18c72;i-0a1a91d21f2f18c72;;ManagedBy=terraform | Environment=prod | Name=ce-capstone-nat | Project=ce-capstone | Owner=OWNER;aws;eu-north-1;"**EC2 instances** are evaluated for their virtualization mode. Instances with `virtualization_type` set to `paravirtual` are identified; those using **HVM** are recognized as hardware-assisted virtualization.";"Using **paravirtual (PV)** weakens isolation versus **HVM/Nitro** and blocks features like `ENA` and `NVMe`. Confidentiality and integrity can suffer due to reliance on legacy hypercalls/drivers; availability and performance may degrade under load, increasing exposure to kernel/driver exploits and noisy-neighbor impacts.";;"Standardize on **HVM/Nitro**. Migrate PV workloads to HVM AMIs and current instance families; ensure support for `ENA` and `NVMe`, current kernels, and hardened configs. Apply **defense in depth** and **least privilege**. Use immutable images with staged testing, then retire PV images to prevent drift and regressions.";https://hub.prowler.com/check/ec2_instance_paravirtual_type;"```yaml
# Launch an EC2 instance using an HVM-based AMI
Resources:
  <example_resource_name>:
    Type: AWS::EC2::Instance
    Properties:
      ImageId: <HVM_AMI_ID>  # Critical: Using an HVM AMI ensures virtualization type is HVM
      InstanceType: t3.micro
```";"```hcl
# EC2 instance launched from an HVM AMI
resource ""aws_instance"" ""<example_resource_name>"" {
  ami           = ""<HVM_AMI_ID>""  # Critical: AMI must be HVM to pass the check
  instance_type = ""t3.micro""
}
```";aws ec2 terminate-instances --instance-ids <INSTANCE_ID>;"1. In the AWS Console, go to EC2 > Instances and select the instance with Virtualization type = paravirtual
2. Launch a replacement instance using any HVM-based AMI (e.g., Amazon Linux 2)
3. Verify the new instance is running
4. Back in EC2 > Instances, select the paravirtual instance, choose Instance state > Terminate instance, and confirm";AWS-Foundational-Security-Best-Practices: EC2.24 | KISA-ISMS-P-2023: 2.9.2 | KISA-ISMS-P-2023-korean: 2.9.2 | ISO27001-2022: A.8.20, A.8.21, A.8.22;node-security;;;;5.40.0;https://docs.aws.amazon.com/securityhub/latest/userguide/ec2-controls.html#ec2-24 | https://docs.aws.amazon.com/AWSEC2/latest/UserGuide/ec2-instance-resize.html | https://docs.aws.amazon.com/config/latest/developerguide/ec2-paravirtual-instance-check.html;;
profile: None;2026-09-01 14:23:41.589109;128529977749;;;;;;prowler-aws-ec2_instance_port_cassandra_exposed_to_internet-128529977749-eu-north-1-i-0a1a91d21f2f18c72;aws;ec2_instance_port_cassandra_exposed_to_internet;EC2 instance does not have Cassandra ports (TCP 7000, 7001, 7199, 9042, 9160) open to the Internet;Software and Configuration Checks/AWS Security Best Practices/Network Reachability | TTPs/Initial Access | Effects/Data Exposure;PASS;Instance i-0a1a91d21f2f18c72 does not have Cassandra ports open to the Internet.;False;ec2;;critical;AwsEc2Instance;arn:aws:ec2:eu-north-1:128529977749:instance/i-0a1a91d21f2f18c72;i-0a1a91d21f2f18c72;;ManagedBy=terraform | Environment=prod | Name=ce-capstone-nat | Project=ce-capstone | Owner=OWNER;aws;eu-north-1;"**EC2 instances** have **Cassandra service ports** (`7000`, `7001`, `7199`, `9042`, `9160`) reachable from the Internet through security group ingress.

Public IP presence and subnet exposure are considered to assess external reachability.";"Internet-exposed Cassandra enables unauthorized queries on `9042`, remote management via `7199` (JMX), and tampering with inter-node channels on `7000/7001` and `9160`.

Attackers can read/modify data (**confidentiality, integrity**), disrupt or take over the cluster (**availability**), and pivot within the VPC.";;"Apply **least privilege network access**:
- Remove `0.0.0.0/0` and `::/0` to Cassandra ports
- Allow only trusted subnets or VPN/bastion
- Keep nodes in private subnets; segment inter-node traffic
- Enforce **authentication** and **TLS/mTLS** for clients and JMX
- Add **defense in depth** with NACLs and monitoring";https://hub.prowler.com/check/ec2_instance_port_cassandra_exposed_to_internet;"```yaml
# Restrict Cassandra ports so they are not open to the Internet
Resources:
  <example_resource_name>:
    Type: AWS::EC2::SecurityGroup
    Properties:
      GroupDescription: Restrict Cassandra ports
      VpcId: <example_resource_id>
      SecurityGroupIngress:
        - IpProtocol: tcp
          FromPort: 7000
          ToPort: 7000
          CidrIp: 10.0.0.0/8  # FIX: not 0.0.0.0/0; restricts Internet access
        - IpProtocol: tcp
          FromPort: 7001
          ToPort: 7001
          CidrIp: 10.0.0.0/8  # FIX
        - IpProtocol: tcp
          FromPort: 7199
          ToPort: 7199
          CidrIp: 10.0.0.0/8  # FIX
        - IpProtocol: tcp
          FromPort: 9042
          ToPort: 9042
          CidrIp: 10.0.0.0/8  # FIX
        - IpProtocol: tcp
          FromPort: 9160
          ToPort: 9160
          CidrIp: 10.0.0.0/8  # FIX
```";"```hcl
# Security group with Cassandra ports not open to the Internet
resource ""aws_security_group"" ""<example_resource_name>"" {
  name   = ""<example_resource_name>""
  vpc_id = ""<example_resource_id>""

  # FIX: restrict these ports; do not use 0.0.0.0/0
  ingress { from_port = 7000 to_port = 7000 protocol = ""tcp"" cidr_blocks = [""10.0.0.0/8""] }
  ingress { from_port = 7001 to_port = 7001 protocol = ""tcp"" cidr_blocks = [""10.0.0.0/8""] }
  ingress { from_port = 7199 to_port = 7199 protocol = ""tcp"" cidr_blocks = [""10.0.0.0/8""] }
  ingress { from_port = 9042 to_port = 9042 protocol = ""tcp"" cidr_blocks = [""10.0.0.0/8""] }
  ingress { from_port = 9160 to_port = 9160 protocol = ""tcp"" cidr_blocks = [""10.0.0.0/8""] }
}
```";"aws ec2 revoke-security-group-ingress --group-id <SECURITY_GROUP_ID> --ip-permissions '[{""IpProtocol"":""tcp"",""FromPort"":7000,""ToPort"":7000,""IpRanges"":[{""CidrIp"":""0.0.0.0/0""}]},{""IpProtocol"":""tcp"",""FromPort"":7001,""ToPort"":7001,""IpRanges"":[{""CidrIp"":""0.0.0.0/0""}]},{""IpProtocol"":""tcp"",""FromPort"":7199,""ToPort"":7199,""IpRanges"":[{""CidrIp"":""0.0.0.0/0""}]},{""IpProtocol"":""tcp"",""FromPort"":9042,""ToPort"":9042,""IpRanges"":[{""CidrIp"":""0.0.0.0/0""}]},{""IpProtocol"":""tcp"",""FromPort"":9160,""ToPort"":9160,""IpRanges"":[{""CidrIp"":""0.0.0.0/0""}]]'";"1. Open the AWS Console > EC2 > Instances and select the instance
2. In the Security tab, click the attached Security Group(s)
3. Click Edit inbound rules
4. Remove or change any rule allowing TCP 7000, 7001, 7199, 9042, or 9160 from Anywhere (0.0.0.0/0 or ::/0)
5. If needed, re-add those ports with a specific trusted source CIDR or security group
6. Save rules";SOC2: cc_6_6 | KISA-ISMS-P-2023: 2.6.1, 2.6.4, 2.10.2 | C5-2025: PI-01.01AC | KISA-ISMS-P-2023-korean: 2.6.1, 2.6.4, 2.10.2 | ProwlerThreatScore-1.0: 2.1.6 | ISO27001-2022: A.8.20, A.8.21, A.8.22 | NIS2: 6.7.2.g;internet-exposed;;;;5.40.0;https://docs.aws.amazon.com/vpc/latest/userguide/VPC_SecurityGroups.html | https://support.icompaas.com/support/solutions/articles/62000127020-ensure-security-groups-do-not-allow-unrestricted-ingress-access-to-cassandra-ports-7199-or-9160-or-88;;
profile: None;2026-09-01 14:23:41.589109;128529977749;;;;;;prowler-aws-ec2_instance_port_cifs_exposed_to_internet-128529977749-eu-north-1-i-0a1a91d21f2f18c72;aws;ec2_instance_port_cifs_exposed_to_internet;EC2 instance does not allow Internet ingress to TCP ports 139 or 445 (CIFS);Software and Configuration Checks/AWS Security Best Practices/Network Reachability | Software and Configuration Checks/Industry and Regulatory Standards/AWS Foundational Security Best Practices | TTPs/Initial Access | Effects/Data Exposure;PASS;Instance i-0a1a91d21f2f18c72 does not have CIFS ports open to the Internet.;False;ec2;;critical;AwsEc2Instance;arn:aws:ec2:eu-north-1:128529977749:instance/i-0a1a91d21f2f18c72;i-0a1a91d21f2f18c72;;ManagedBy=terraform | Environment=prod | Name=ce-capstone-nat | Project=ce-capstone | Owner=OWNER;aws;eu-north-1;"**EC2 instances** with security groups permitting **inbound** TCP `139` or `445` (**CIFS/SMB**) from `0.0.0.0/0` are identified.

Exposure level reflects whether the instance has a **public IP** and the subnet's Internet reachability.";Publicly reachable **SMB** allows unauthorized access and **remote code execution**, enabling credential theft, NTLM relay, and share enumeration. Attackers can exfiltrate files, tamper or delete data, and spread **ransomware**, degrading **confidentiality**, **integrity**, and **availability**.;;"Restrict **CIFS/SMB** to trusted internal sources using **least privilege**; do not allow `0.0.0.0/0`.

Adopt **defense in depth**: place hosts in private subnets, require **VPN** or controlled jump paths, and enforce **segmentation**. Disable SMB if unnecessary or use alternatives (e.g., SFTP). Require strong auth and SMB signing.";https://hub.prowler.com/check/ec2_instance_port_cifs_exposed_to_internet;"```yaml
# CloudFormation: Security group without CIFS open to the Internet
Resources:
  <example_resource_name>:
    Type: AWS::EC2::SecurityGroup
    Properties:
      GroupDescription: SG without CIFS open to Internet
      VpcId: <example_resource_id>
      SecurityGroupIngress:
        - IpProtocol: tcp
          FromPort: 139
          ToPort: 139
          CidrIp: 10.0.0.0/8  # CRITICAL: restrict CIFS (139) to a non-Internet CIDR to avoid 0.0.0.0/0
        - IpProtocol: tcp
          FromPort: 445
          ToPort: 445
          CidrIp: 10.0.0.0/8  # CRITICAL: restrict CIFS (445) to a non-Internet CIDR to avoid 0.0.0.0/0
```";"```hcl
# Security group without CIFS open to the Internet
resource ""aws_security_group"" ""<example_resource_name>"" {
  name   = ""<example_resource_name>""
  vpc_id = ""<example_resource_id>""

  ingress {
    from_port   = 139
    to_port     = 139
    protocol    = ""tcp""
    cidr_blocks = [""10.0.0.0/8""] # CRITICAL: restrict CIFS (139); do not use 0.0.0.0/0
  }

  ingress {
    from_port   = 445
    to_port     = 445
    protocol    = ""tcp""
    cidr_blocks = [""10.0.0.0/8""] # CRITICAL: restrict CIFS (445); do not use 0.0.0.0/0
  }
}
```";"aws ec2 revoke-security-group-ingress --group-id <SECURITY_GROUP_ID> --ip-permissions '[{""IpProtocol"":""tcp"",""FromPort"":139,""ToPort"":139,""IpRanges"":[{""CidrIp"":""0.0.0.0/0""}]},{""IpProtocol"":""tcp"",""FromPort"":445,""ToPort"":445,""IpRanges"":[{""CidrIp"":""0.0.0.0/0""}]}]'";"1. In AWS Console, go to EC2 > Security Groups
2. Select the security group attached to the affected instance
3. Edit Inbound rules
4. Delete any rule allowing TCP port 139 or 445 from 0.0.0.0/0 or ::/0, or change the source to a specific trusted CIDR
5. Save rules";CIS-7.0: 6.1.2 | SOC2: cc_6_6 | KISA-ISMS-P-2023: 2.6.1, 2.6.2, 2.6.6, 2.10.2 | C5-2025: PI-01.01AC | KISA-ISMS-P-2023-korean: 2.6.1, 2.6.2, 2.6.6, 2.10.2 | CIS-5.0: 5.1.2 | CIS-6.0: 6.1.2 | ProwlerThreatScore-1.0: 2.1.6 | ISO27001-2022: A.8.20, A.8.21, A.8.22 | CIS-4.0.1: 5.1.2 | NIS2: 6.7.2.g;internet-exposed;;;;5.40.0;https://docs.aws.amazon.com/vpc/latest/userguide/VPC_SecurityGroups.html | https://www.trendmicro.com/trendaivisiononecloudriskmanagement/knowledge-base/aws/EC2/unrestricted-cifs-access.html;;
profile: None;2026-09-01 14:23:41.589109;128529977749;;;;;;prowler-aws-ec2_instance_port_elasticsearch_kibana_exposed_to_internet-128529977749-eu-north-1-i-0a1a91d21f2f18c72;aws;ec2_instance_port_elasticsearch_kibana_exposed_to_internet;EC2 instance does not allow ingress from the Internet to Elasticsearch and Kibana ports (TCP 9200, 9300, 5601);Software and Configuration Checks/AWS Security Best Practices/Network Reachability | Software and Configuration Checks/Industry and Regulatory Standards/AWS Foundational Security Best Practices | TTPs/Initial Access/Unauthorized Access | Effects/Data Exposure;PASS;Instance i-0a1a91d21f2f18c72 does not have Elasticsearch/Kibana ports open to the Internet.;False;ec2;;critical;AwsEc2Instance;arn:aws:ec2:eu-north-1:128529977749:instance/i-0a1a91d21f2f18c72;i-0a1a91d21f2f18c72;;ManagedBy=terraform | Environment=prod | Name=ce-capstone-nat | Project=ce-capstone | Owner=OWNER;aws;eu-north-1;"**EC2 instances** with **Elasticsearch/Kibana ports** (`9200`, `9300`, `5601`) exposed to the Internet through inbound security group rules.

Assesses reachability considering instance public IP and subnet to reflect real exposure.";"Public access to Elasticsearch/Kibana can lead to:
- Unauthorized queries or dashboard viewing  confidentiality loss
- Index changes or cluster control via `9300`  integrity impact
- Scans and bulk queries  availability degradation

Enables data exfiltration and lateral movement.";;"Apply **least privilege** to network exposure:
- Restrict `9200`, `9300`, `5601` to trusted sources or keep them private
- Use **private subnets**, **VPN/peering**, or **bastion/SSM** for admin access
- Enforce **authentication** and **TLS** on Elasticsearch/Kibana
- Avoid public IPs unless strictly required";https://hub.prowler.com/check/ec2_instance_port_elasticsearch_kibana_exposed_to_internet;"```yaml
# CloudFormation: restrict Elasticsearch/Kibana ports to a private CIDR (not the Internet)
Resources:
  <example_resource_name>:
    Type: AWS::EC2::SecurityGroup
    Properties:
      GroupDescription: Restrict Elasticsearch/Kibana ports
      VpcId: <example_resource_id>
      SecurityGroupIngress:
        - IpProtocol: tcp
          FromPort: 9200
          ToPort: 9200
          CidrIp: 10.0.0.0/8  # CRITICAL: do not use 0.0.0.0/0 or ::/0; restrict to internal CIDR
        - IpProtocol: tcp
          FromPort: 9300
          ToPort: 9300
          CidrIp: 10.0.0.0/8  # CRITICAL: restrict source to stop Internet exposure
        - IpProtocol: tcp
          FromPort: 5601
          ToPort: 5601
          CidrIp: 10.0.0.0/8  # CRITICAL: restrict source to stop Internet exposure
```";"```hcl
# Terraform: restrict Elasticsearch/Kibana ports to a private CIDR (not the Internet)
resource ""aws_security_group"" ""<example_resource_name>"" {
  name   = ""<example_resource_name>""
  vpc_id = ""<example_resource_id>""

  # CRITICAL: restrict sources; do NOT use 0.0.0.0/0 or ::/0
  ingress {
    from_port   = 9200
    to_port     = 9200
    protocol    = ""tcp""
    cidr_blocks = [""10.0.0.0/8""]
  }
  ingress {
    from_port   = 9300
    to_port     = 9300
    protocol    = ""tcp""
    cidr_blocks = [""10.0.0.0/8""]
  }
  ingress {
    from_port   = 5601
    to_port     = 5601
    protocol    = ""tcp""
    cidr_blocks = [""10.0.0.0/8""]
  }
}
```";"aws ec2 revoke-security-group-ingress --group-id <SECURITY_GROUP_ID> --ip-permissions '[{""IpProtocol"":""tcp"",""FromPort"":9200,""ToPort"":9200,""IpRanges"":[{""CidrIp"":""0.0.0.0/0""}]},{""IpProtocol"":""tcp"",""FromPort"":9300,""ToPort"":9300,""IpRanges"":[{""CidrIp"":""0.0.0.0/0""}]},{""IpProtocol"":""tcp"",""FromPort"":5601,""ToPort"":5601,""IpRanges"":[{""CidrIp"":""0.0.0.0/0""}]}]'";"1. Open the AWS Console and go to EC2 > Security Groups
2. Select the security group attached to the instance
3. In Inbound rules, find any rule allowing TCP 9200, 9300, or 5601 from 0.0.0.0/0 or ::/0
4. Edit inbound rules and either delete those rules or change the source to a restricted CIDR (e.g., your internal network)
5. Save rules";SOC2: cc_6_6 | KISA-ISMS-P-2023: 2.6.1, 2.6.2, 2.6.3, 2.10.2 | C5-2025: PI-01.01AC | KISA-ISMS-P-2023-korean: 2.6.1, 2.6.2, 2.6.3, 2.10.2 | ProwlerThreatScore-1.0: 2.1.6 | ISO27001-2022: A.8.20, A.8.21, A.8.22 | NIS2: 6.7.2.g;internet-exposed;;;;5.40.0;https://docs.aws.amazon.com/vpc/latest/userguide/VPC_SecurityGroups.html | https://support.icompaas.com/support/solutions/articles/62000233821-ensure-no-ec2-instances-allow-ingress-from-the-internet-to-elasticsearch-and-kibana-ports-tcp-9200-;;
profile: None;2026-09-01 14:23:41.589109;128529977749;;;;;;prowler-aws-ec2_instance_port_ftp_exposed_to_internet-128529977749-eu-north-1-i-0a1a91d21f2f18c72;aws;ec2_instance_port_ftp_exposed_to_internet;EC2 instance does not allow ingress from the Internet to TCP ports 20 or 21 (FTP);Software and Configuration Checks/AWS Security Best Practices/Network Reachability | Software and Configuration Checks/Industry and Regulatory Standards/AWS Foundational Security Best Practices | TTPs/Initial Access | Effects/Data Exposure;PASS;Instance i-0a1a91d21f2f18c72 does not have FTP ports open to the Internet.;False;ec2;;critical;AwsEc2Instance;arn:aws:ec2:eu-north-1:128529977749:instance/i-0a1a91d21f2f18c72;i-0a1a91d21f2f18c72;;ManagedBy=terraform | Environment=prod | Name=ce-capstone-nat | Project=ce-capstone | Owner=OWNER;aws;eu-north-1;"**EC2 instances** with security groups permitting inbound **FTP** on `TCP 20-21` from any address (e.g., `0.0.0.0/0` or `::/0`) are identified.

Exposure is contextualized by the instance's public reachability (public IP and subnet).";"Exposed **FTP** invites Internet brute force and transmits in cleartext, enabling credential theft and packet sniffing (**confidentiality**).

Attackers can upload/alter files (**integrity**) and abuse services for malware staging or DoS (**availability**). Publicly reachable hosts are rapidly probed by scanners.";;"Deny public ingress to **FTP** ports `20-21` following **least privilege**. Prefer **SFTP** or **FTPS**; if transfers are required, restrict to trusted sources and use private access (VPN or dedicated network). Apply **defense in depth** with tightened security groups and network ACLs, and monitor authentication and access.";https://hub.prowler.com/check/ec2_instance_port_ftp_exposed_to_internet;"```yaml
# CloudFormation: restrict FTP (ports 20-21) from Internet
Resources:
  <example_resource_name>:
    Type: AWS::EC2::SecurityGroup
    Properties:
      GroupDescription: Restrict FTP access
      VpcId: <example_resource_id>
      SecurityGroupIngress:
        - IpProtocol: tcp
          FromPort: 20
          ToPort: 21
          CidrIp: 10.0.0.0/8  # CRITICAL: restrict source; not 0.0.0.0/0. Fixes Internet exposure.
```";"```hcl
# Security group with FTP restricted
resource ""aws_security_group"" ""<example_resource_name>"" {
  vpc_id = ""<example_resource_id>""

  ingress {
    from_port   = 20
    to_port     = 21
    protocol    = ""tcp""
    cidr_blocks = [""10.0.0.0/8""] # CRITICAL: restrict source; not 0.0.0.0/0. Fixes Internet exposure.
  }
}
```";aws ec2 revoke-security-group-ingress --group-id <SECURITY_GROUP_ID> --ip-permissions 'IpProtocol=tcp,FromPort=20,ToPort=21,IpRanges=[{CidrIp=0.0.0.0/0}]';"1. In the AWS Console, go to EC2 > Security Groups
2. Select the security group attached to the instance
3. Open the Inbound rules tab and click Edit inbound rules
4. Find any rule allowing TCP ports 20-21 from 0.0.0.0/0 or ::/0
5. Delete the rule, or change Source to a trusted CIDR (e.g., your office IP)
6. Click Save rules";SOC2: cc_6_6 | KISA-ISMS-P-2023: 2.6.1, 2.6.2, 2.6.6, 2.10.2 | C5-2025: PI-01.01AC | KISA-ISMS-P-2023-korean: 2.6.1, 2.6.2, 2.6.6, 2.10.2 | ProwlerThreatScore-1.0: 2.1.6 | ISO27001-2022: A.8.20, A.8.21, A.8.22 | NIS2: 6.7.2.g;internet-exposed;;;;5.40.0;https://www.trendmicro.com/trendaivisiononecloudriskmanagement/knowledge-base/aws/EC2/unrestricted-ftp-access.html | https://docs.aws.amazon.com/vpc/latest/userguide/VPC_SecurityGroups.html;;
profile: None;2026-09-01 14:23:41.589109;128529977749;;;;;;prowler-aws-ec2_instance_port_kafka_exposed_to_internet-128529977749-eu-north-1-i-0a1a91d21f2f18c72;aws;ec2_instance_port_kafka_exposed_to_internet;EC2 instance does not allow ingress from the Internet to TCP port 9092 (Kafka);Software and Configuration Checks/AWS Security Best Practices/Network Reachability | Software and Configuration Checks/Industry and Regulatory Standards/AWS Foundational Security Best Practices | Software and Configuration Checks/Industry and Regulatory Standards/CIS AWS Foundations Benchmark | TTPs/Initial Access | Effects/Data Exposure;PASS;Instance i-0a1a91d21f2f18c72 does not have Kafka port 9092 open to the Internet.;False;ec2;;critical;AwsEc2Instance;arn:aws:ec2:eu-north-1:128529977749:instance/i-0a1a91d21f2f18c72;i-0a1a91d21f2f18c72;;ManagedBy=terraform | Environment=prod | Name=ce-capstone-nat | Project=ce-capstone | Owner=OWNER;aws;eu-north-1;**EC2 instances** with security group rules that allow inbound `TCP 9092` (Kafka) from the Internet are reported. The evaluation inspects ingress rules to detect broad sources (for example `0.0.0.0/0` or `::/0`) that expose Kafka brokers.;Public Kafka access undermines CIA: adversaries can read topics and metadata (**confidentiality**), publish or alter events (**integrity**), and overwhelm brokers (**availability**). Exposure also eases reconnaissance and lateral movement from the broker host.;;Apply **least privilege**: restrict `TCP 9092` to trusted networks, not `0.0.0.0/0` or `::/0`. Keep brokers in private subnets and use private connectivity (VPN/peering). Enforce **TLS** and authenticated clients with granular ACLs, and add **defense in depth** via NACLs or proxies.;https://hub.prowler.com/check/ec2_instance_port_kafka_exposed_to_internet;"```yaml
# CloudFormation: restrict Kafka (9092) from Internet
Resources:
  <example_resource_name>:
    Type: AWS::EC2::SecurityGroup
    Properties:
      GroupDescription: Restrict Kafka port
      VpcId: <example_resource_id>
      SecurityGroupIngress:
        - IpProtocol: tcp
          FromPort: 9092
          ToPort: 9092
          CidrIp: 10.0.0.0/8  # Critical: do NOT use 0.0.0.0/0; restrict to trusted CIDR to close Internet access
```";"```hcl
# Restrict Kafka (9092) from Internet
resource ""aws_security_group"" ""<example_resource_name>"" {
  name   = ""<example_resource_name>""
  vpc_id = ""<example_resource_id>""

  ingress {
    from_port   = 9092
    to_port     = 9092
    protocol    = ""tcp""
    cidr_blocks = [""10.0.0.0/8""]  # Critical: restrict source; not 0.0.0.0/0
  }
}
```";aws ec2 revoke-security-group-ingress --group-id <SECURITY_GROUP_ID> --protocol tcp --port 9092 --cidr 0.0.0.0/0;"1. In the AWS Console, go to EC2 > Security Groups
2. Select the security group attached to the instance
3. Open the Inbound rules tab and click Edit inbound rules
4. Remove the rule allowing TCP 9092 from 0.0.0.0/0 or ::/0 (Internet)
5. If needed, add TCP 9092 with a restricted source (e.g., your VPC CIDR)
6. Click Save rules";SOC2: cc_6_6 | KISA-ISMS-P-2023: 2.6.1, 2.6.2, 2.10.2 | C5-2025: PI-01.01AC | KISA-ISMS-P-2023-korean: 2.6.1, 2.6.2, 2.10.2 | ProwlerThreatScore-1.0: 2.1.6 | ISO27001-2022: A.8.20, A.8.21, A.8.22 | NIS2: 6.7.2.g;internet-exposed;;;;5.40.0;https://docs.aws.amazon.com/vpc/latest/userguide/VPC_SecurityGroups.html | https://support.icompaas.com/support/solutions/articles/62000233794-ensure-no-ec2-instances-allow-ingress-from-the-internet-to-tcp-port-9092-kafka-;;
profile: None;2026-09-01 14:23:41.589109;128529977749;;;;;;prowler-aws-ec2_instance_port_kerberos_exposed_to_internet-128529977749-eu-north-1-i-0a1a91d21f2f18c72;aws;ec2_instance_port_kerberos_exposed_to_internet;EC2 instance does not allow ingress from the Internet to TCP ports 88, 464, 749, or 750 (Kerberos);Software and Configuration Checks/AWS Security Best Practices/Network Reachability | TTPs/Initial Access/Unauthorized Access;PASS;Instance i-0a1a91d21f2f18c72 does not have Kerberos ports open to the Internet.;False;ec2;;critical;AwsEc2Instance;arn:aws:ec2:eu-north-1:128529977749:instance/i-0a1a91d21f2f18c72;i-0a1a91d21f2f18c72;;ManagedBy=terraform | Environment=prod | Name=ce-capstone-nat | Project=ce-capstone | Owner=OWNER;aws;eu-north-1;"**EC2 instances** whose security groups allow public **inbound TCP** access to Kerberos ports `88`, `464`, `749`, or `750` (authentication, password change, admin).

Rules permitting `0.0.0.0/0` or `::/0` are treated as Internet-exposed.";"Public Kerberos exposure risks CIA:
- **Password spraying**/AS-REP roasting against accounts
- Unauthorized password changes on `464`
- Realm/user enumeration and DoS of KDC/services

Stolen tickets enable **lateral movement** and privilege escalation in Active Directory or the Kerberos realm.";;"Restrict Kerberos ports to trusted sources only.
- Prefer **private connectivity** (VPN, peering) over public exposure
- Place KDCs/services in private subnets without public IPs
- Apply **least privilege** with narrowly scoped security group rules and NACLs
- Add defense-in-depth: host firewalls and monitor authentication activity";https://hub.prowler.com/check/ec2_instance_port_kerberos_exposed_to_internet;"```yaml
# CloudFormation: restrict Kerberos ports from Internet
Resources:
  <example_resource_name>:
    Type: AWS::EC2::SecurityGroup
    Properties:
      GroupDescription: Restrict Kerberos ports
      VpcId: <example_resource_id>
      SecurityGroupIngress:
        - IpProtocol: tcp
          FromPort: 88
          ToPort: 88
          CidrIp: 10.0.0.0/8  # CRITICAL: not 0.0.0.0/0; restrict access to trusted CIDR
        - IpProtocol: tcp
          FromPort: 464
          ToPort: 464
          CidrIp: 10.0.0.0/8  # CRITICAL: blocks Internet exposure
        - IpProtocol: tcp
          FromPort: 749
          ToPort: 749
          CidrIp: 10.0.0.0/8  # CRITICAL: blocks Internet exposure
        - IpProtocol: tcp
          FromPort: 750
          ToPort: 750
          CidrIp: 10.0.0.0/8  # CRITICAL: blocks Internet exposure
```";"```hcl
# Terraform: restrict Kerberos ports from Internet
resource ""aws_security_group"" ""<example_resource_name>"" {
  name   = ""<example_resource_name>""
  vpc_id = ""<example_resource_id>""

  ingress {
    from_port   = 88
    to_port     = 88
    protocol    = ""tcp""
    cidr_blocks = [""10.0.0.0/8""]  # CRITICAL: not 0.0.0.0/0; restrict to trusted CIDR
  }

  ingress {
    from_port   = 464
    to_port     = 464
    protocol    = ""tcp""
    cidr_blocks = [""10.0.0.0/8""]  # CRITICAL: blocks Internet exposure
  }

  ingress {
    from_port   = 749
    to_port     = 749
    protocol    = ""tcp""
    cidr_blocks = [""10.0.0.0/8""]  # CRITICAL: blocks Internet exposure
  }

  ingress {
    from_port   = 750
    to_port     = 750
    protocol    = ""tcp""
    cidr_blocks = [""10.0.0.0/8""]  # CRITICAL: blocks Internet exposure
  }
}
```";"aws ec2 revoke-security-group-ingress --group-id <SECURITY_GROUP_ID> --ip-permissions '[{""IpProtocol"":""tcp"",""FromPort"":88,""ToPort"":88,""IpRanges"":[{""CidrIp"":""0.0.0.0/0""}],""Ipv6Ranges"":[{""CidrIpv6"":""::/0""}]},{""IpProtocol"":""tcp"",""FromPort"":464,""ToPort"":464,""IpRanges"":[{""CidrIp"":""0.0.0.0/0""}],""Ipv6Ranges"":[{""CidrIpv6"":""::/0""}]},{""IpProtocol"":""tcp"",""FromPort"":749,""ToPort"":749,""IpRanges"":[{""CidrIp"":""0.0.0.0/0""}],""Ipv6Ranges"":[{""CidrIpv6"":""::/0""}]},{""IpProtocol"":""tcp"",""FromPort"":750,""ToPort"":750,""IpRanges"":[{""CidrIp"":""0.0.0.0/0""}],""Ipv6Ranges"":[{""CidrIpv6"":""::/0""}]}]'";"1. In the AWS console, go to EC2 > Security Groups
2. Select the security group attached to the affected instance
3. Edit inbound rules
4. Remove any rule allowing TCP ports 88, 464, 749, or 750 from 0.0.0.0/0 or ::/0
5. If access is required, re-add these ports only from trusted CIDR(s) (e.g., your internal network)
6. Save rules";SOC2: cc_6_6 | KISA-ISMS-P-2023: 2.6.1, 2.6.2, 2.10.2 | C5-2025: PI-01.01AC | KISA-ISMS-P-2023-korean: 2.6.1, 2.6.2, 2.10.2 | ProwlerThreatScore-1.0: 2.1.6 | ISO27001-2022: A.8.20, A.8.21, A.8.22 | NIS2: 6.7.2.g;internet-exposed;;;;5.40.0;https://docs.aws.amazon.com/vpc/latest/userguide/VPC_SecurityGroups.html | https://support.icompaas.com/support/solutions/articles/62000233825-ensure-no-ec2-instances-allow-ingress-from-the-internet-to-tcp-port-88-464-749-or-750-kerberos-;;
profile: None;2026-09-01 14:23:41.589109;128529977749;;;;;;prowler-aws-ec2_instance_port_ldap_exposed_to_internet-128529977749-eu-north-1-i-0a1a91d21f2f18c72;aws;ec2_instance_port_ldap_exposed_to_internet;EC2 instance does not allow ingress from the Internet to TCP ports 389 or 636 (LDAP/LDAPS);Software and Configuration Checks/AWS Security Best Practices/Network Reachability | Software and Configuration Checks/Industry and Regulatory Standards/AWS Foundational Security Best Practices | TTPs/Initial Access/Unauthorized Access;PASS;Instance i-0a1a91d21f2f18c72 does not have LDAP ports open to the Internet.;False;ec2;;critical;AwsEc2Instance;arn:aws:ec2:eu-north-1:128529977749:instance/i-0a1a91d21f2f18c72;i-0a1a91d21f2f18c72;;ManagedBy=terraform | Environment=prod | Name=ce-capstone-nat | Project=ce-capstone | Owner=OWNER;aws;eu-north-1;"**EC2 instances** with security groups permitting Internet-sourced access to **LDAP** on `TCP 389` or **LDAPS** on `TCP 636` are identified.

Public exposure context (presence of public IP and subnet reachability) is considered to gauge how broadly these ports can be accessed.";"Publicly reachable **LDAP/LDAPS** enables:
- Directory enumeration and weak/anonymous bind attempts
- **Password spraying** and credential theft (cleartext on `389`)
- Unauthorized queries causing **data exfiltration**

Abuse may lead to **privilege escalation** and availability impact via account lockouts.";;"Limit LDAP to trusted networks:
- Allowlist specific source CIDRs in security groups (*least privilege*)
- Use **private connectivity** (peering/VPN) instead of Internet
- Require **LDAPS**, strong certificates, and disable insecure binds
- Add NACLs and monitoring for defense in depth

*If external access is required*, place a proxy and enforce rate limits.";https://hub.prowler.com/check/ec2_instance_port_ldap_exposed_to_internet;"```yaml
# CloudFormation: restrict LDAP/LDAPS from the Internet
Resources:
  <example_resource_name>:
    Type: AWS::EC2::SecurityGroup
    Properties:
      GroupDescription: Restricted LDAP access
      VpcId: ""<example_resource_id>""
      SecurityGroupIngress:
        - IpProtocol: tcp
          FromPort: 389
          ToPort: 389
          CidrIp: 10.0.0.0/8   # CRITICAL: not 0.0.0.0/0; restricts LDAP (389) to internal range
        - IpProtocol: tcp
          FromPort: 636
          ToPort: 636
          CidrIp: 10.0.0.0/8   # CRITICAL: not 0.0.0.0/0; restricts LDAPS (636) to internal range
```";"```hcl
# Restrict LDAP/LDAPS from the Internet
resource ""aws_security_group"" ""<example_resource_name>"" {
  name   = ""restricted-ldap""
  vpc_id = ""<example_resource_id>""

  ingress {
    from_port   = 389
    to_port     = 389
    protocol    = ""tcp""
    cidr_blocks = [""10.0.0.0/8""]  # CRITICAL: not 0.0.0.0/0; restricts LDAP (389)
  }

  ingress {
    from_port   = 636
    to_port     = 636
    protocol    = ""tcp""
    cidr_blocks = [""10.0.0.0/8""]  # CRITICAL: not 0.0.0.0/0; restricts LDAPS (636)
  }
}
```";"aws ec2 revoke-security-group-ingress --group-id <SECURITY_GROUP_ID> --ip-permissions '[{""IpProtocol"":""tcp"",""FromPort"":389,""ToPort"":389,""IpRanges"":[{""CidrIp"":""0.0.0.0/0""}]},{""IpProtocol"":""tcp"",""FromPort"":636,""ToPort"":636,""IpRanges"":[{""CidrIp"":""0.0.0.0/0""}]}]'";"1. In the AWS Console, go to EC2 > Security Groups
2. Select the security group attached to the affected instance
3. In Inbound rules, find rules for TCP 389 or 636 with Source set to Anywhere (0.0.0.0/0 or ::/0)
4. Delete those rule(s)
5. (If access is required) Add inbound rules for TCP 389 and/or 636 scoped to specific trusted CIDR(s) only
6. Save rules";SOC2: cc_6_6 | KISA-ISMS-P-2023: 2.6.1, 2.6.2, 2.10.2 | C5-2025: PI-01.01AC | KISA-ISMS-P-2023-korean: 2.6.1, 2.6.2, 2.10.2 | ProwlerThreatScore-1.0: 2.1.6 | ISO27001-2022: A.8.20, A.8.21, A.8.22 | NIS2: 6.7.2.g;internet-exposed;;;;5.40.0;https://docs.aws.amazon.com/vpc/latest/userguide/VPC_SecurityGroups.html;;
profile: None;2026-09-01 14:23:41.589109;128529977749;;;;;;prowler-aws-ec2_instance_port_memcached_exposed_to_internet-128529977749-eu-north-1-i-0a1a91d21f2f18c72;aws;ec2_instance_port_memcached_exposed_to_internet;EC2 instance does not allow ingress from the Internet to TCP port 11211 (Memcached);Software and Configuration Checks/AWS Security Best Practices/Network Reachability | TTPs/Initial Access;PASS;Instance i-0a1a91d21f2f18c72 does not have Memcached port 11211 open to the Internet.;False;ec2;;critical;AwsEc2Instance;arn:aws:ec2:eu-north-1:128529977749:instance/i-0a1a91d21f2f18c72;i-0a1a91d21f2f18c72;;ManagedBy=terraform | Environment=prod | Name=ce-capstone-nat | Project=ce-capstone | Owner=OWNER;aws;eu-north-1;**EC2 instances** are evaluated for **open Memcached access**: inbound `TCP 11211` allowed from any address (`0.0.0.0/0` or `::/0`) via their security groups, considering the instance's public exposure.;"Internet-exposed **Memcached** weakens:
- **Availability**: abuse for reflection/amplification and resource exhaustion
- **Confidentiality**: unauthorized reads of cached objects and metadata
- **Integrity**: manipulation of cache entries influencing app behavior

Public reachability also aids reconnaissance and lateral movement.";;"Apply **least privilege** on network access:
- Restrict `TCP 11211` to trusted sources or internal subnets only
- Place instances in private subnets; avoid public IPs
- Layer **defense in depth** with NACLs and routing to block Internet paths
- Prefer private connectivity (peering/VPN) and implement service-level authentication where available";https://hub.prowler.com/check/ec2_instance_port_memcached_exposed_to_internet;"```yaml
# CloudFormation: restrict Memcached (11211) from Internet
Resources:
  <example_resource_name>:
    Type: AWS::EC2::SecurityGroup
    Properties:
      GroupDescription: Restrict Memcached access
      VpcId: <example_resource_id>
      SecurityGroupIngress:
        - IpProtocol: tcp
          FromPort: 11211
          ToPort: 11211
          CidrIp: 10.0.0.0/8  # FIX: not 0.0.0.0/0; limits access to internal range to avoid Internet exposure
```";"```hcl
# Security group with Memcached (11211) not exposed to the Internet
resource ""aws_security_group"" ""<example_resource_name>"" {
  vpc_id = ""<example_resource_id>""

  ingress {
    from_port   = 11211
    to_port     = 11211
    protocol    = ""tcp""
    cidr_blocks = [""10.0.0.0/8""] # FIX: not 0.0.0.0/0; restricts access to internal range
  }
}
```";aws ec2 revoke-security-group-ingress --group-id <SECURITY_GROUP_ID> --protocol tcp --port 11211 --cidr 0.0.0.0/0;"1. In the AWS Console, go to EC2 > Security Groups
2. Select the security group attached to the affected instance
3. In Inbound rules, find the rule allowing TCP 11211 from 0.0.0.0/0 or ::/0
4. Delete the rule or edit the Source to a restricted range (e.g., a private CIDR or a specific security group)
5. Save rules";SOC2: cc_6_6 | KISA-ISMS-P-2023: 2.6.1, 2.6.4, 2.10.2 | C5-2025: PI-01.01AC | KISA-ISMS-P-2023-korean: 2.6.1, 2.6.4, 2.10.2 | ProwlerThreatScore-1.0: 2.1.6 | ISO27001-2022: A.8.20, A.8.21, A.8.22 | NIS2: 6.7.2.g;internet-exposed;;;;5.40.0;https://docs.aws.amazon.com/vpc/latest/userguide/VPC_SecurityGroups.html | https://support.icompaas.com/support/solutions/articles/62000127021-ensure-security-groups-do-not-allow-unrestricted-ingress-access-to-memcached-port-11211;;
profile: None;2026-09-01 14:23:41.589109;128529977749;;;;;;prowler-aws-ec2_instance_port_mongodb_exposed_to_internet-128529977749-eu-north-1-i-0a1a91d21f2f18c72;aws;ec2_instance_port_mongodb_exposed_to_internet;EC2 instance does not allow ingress from the Internet to TCP ports 27017 or 27018 (MongoDB);Software and Configuration Checks/AWS Security Best Practices/Network Reachability | Software and Configuration Checks/Industry and Regulatory Standards/AWS Foundational Security Best Practices | Software and Configuration Checks/Industry and Regulatory Standards/CIS AWS Foundations Benchmark | TTPs/Initial Access | Effects/Data Exposure;PASS;Instance i-0a1a91d21f2f18c72 does not have MongoDB ports open to the Internet.;False;ec2;;critical;AwsEc2Instance;arn:aws:ec2:eu-north-1:128529977749:instance/i-0a1a91d21f2f18c72;i-0a1a91d21f2f18c72;;ManagedBy=terraform | Environment=prod | Name=ce-capstone-nat | Project=ce-capstone | Owner=OWNER;aws;eu-north-1;**EC2 instances** with security groups permitting inbound `TCP 27017` or `27018` (MongoDB) from `0.0.0.0/0` or `::/0` are identified, factoring the instance's public reachability to gauge exposure.;"Internet-exposed MongoDB invites scanning, brute force, and exploits leading to:
- Data extraction (**confidentiality**)
- Collection tampering or deletion (**integrity**)
- DoS or ransomware disruptions (**availability**)
A compromised DB host can also enable lateral movement within the environment.";;"Apply **least privilege** to MongoDB access:
- Remove Internet-wide rules; allow only trusted sources
- Keep DBs on **private subnets** without public IPs; use private connectivity or proxies
- Enforce strong auth and **TLS**
- Add segmentation and monitoring for **defense in depth**";https://hub.prowler.com/check/ec2_instance_port_mongodb_exposed_to_internet;"```yaml
# CloudFormation: restrict MongoDB ports from Internet
Resources:
  <example_resource_name>:
    Type: AWS::EC2::SecurityGroup
    Properties:
      GroupDescription: Restrict MongoDB ports
      VpcId: <example_resource_id>
      SecurityGroupIngress:
        - IpProtocol: tcp
          FromPort: 27017
          ToPort: 27017
          CidrIp: 10.0.0.0/8  # Critical: restricts 27017 to internal CIDR (not 0.0.0.0/0)
        - IpProtocol: tcp
          FromPort: 27018
          ToPort: 27018
          CidrIp: 10.0.0.0/8  # Critical: restricts 27018 to internal CIDR (not 0.0.0.0/0)
```";"```hcl
resource ""aws_security_group"" ""<example_resource_name>"" {
  vpc_id = ""<example_resource_id>""

  # Critical: restrict MongoDB ports to internal CIDR, not 0.0.0.0/0 or ::/0
  ingress {
    from_port   = 27017
    to_port     = 27017
    protocol    = ""tcp""
    cidr_blocks = [""10.0.0.0/8""]
  }

  ingress {
    from_port   = 27018
    to_port     = 27018
    protocol    = ""tcp""
    cidr_blocks = [""10.0.0.0/8""]
  }
}
```";"aws ec2 revoke-security-group-ingress --group-id <SECURITY_GROUP_ID> --ip-permissions '[{""IpProtocol"":""tcp"",""FromPort"":27017,""ToPort"":27017,""IpRanges"":[{""CidrIp"":""0.0.0.0/0""}],""Ipv6Ranges"":[{""CidrIpv6"":""::/0""}]},{""IpProtocol"":""tcp"",""FromPort"":27018,""ToPort"":27018,""IpRanges"":[{""CidrIp"":""0.0.0.0/0""}],""Ipv6Ranges"":[{""CidrIpv6"":""::/0""}]}]'";"1. In the AWS Console, go to EC2 > Security Groups
2. Select the security group attached to the affected instance
3. Open the Inbound rules tab and click Edit inbound rules
4. Delete any rule allowing TCP port 27017 or 27018 from 0.0.0.0/0 or ::/0
5. If access is required, add a rule for those ports limited to a specific trusted CIDR (e.g., your VPC CIDR)
6. Click Save rules";SOC2: cc_6_6 | KISA-ISMS-P-2023: 2.6.1, 2.6.4, 2.10.2 | C5-2025: PI-01.01AC | KISA-ISMS-P-2023-korean: 2.6.1, 2.6.4, 2.10.2 | ProwlerThreatScore-1.0: 2.1.6 | ISO27001-2022: A.8.20, A.8.21, A.8.22 | NIS2: 6.7.2.g;internet-exposed;;;;5.40.0;https://docs.aws.amazon.com/vpc/latest/userguide/VPC_SecurityGroups.html | https://support.icompaas.com/support/solutions/articles/62000233752-ensure-no-ec2-instances-allow-ingress-from-the-internet-to-tcp-port-27017-or-27018-mongodb-;;
profile: None;2026-09-01 14:23:41.589109;128529977749;;;;;;prowler-aws-ec2_instance_port_mysql_exposed_to_internet-128529977749-eu-north-1-i-0a1a91d21f2f18c72;aws;ec2_instance_port_mysql_exposed_to_internet;EC2 instance does not allow ingress from the Internet to TCP port 3306 (MySQL);Software and Configuration Checks/AWS Security Best Practices/Network Reachability | Software and Configuration Checks/Industry and Regulatory Standards/AWS Foundational Security Best Practices | TTPs/Initial Access/Unauthorized Access | Effects/Data Exposure;PASS;Instance i-0a1a91d21f2f18c72 does not have MySQL port 3306 open to the Internet.;False;ec2;;critical;AwsEc2Instance;arn:aws:ec2:eu-north-1:128529977749:instance/i-0a1a91d21f2f18c72;i-0a1a91d21f2f18c72;;ManagedBy=terraform | Environment=prod | Name=ce-capstone-nat | Project=ce-capstone | Owner=OWNER;aws;eu-north-1;**EC2 instances** with security groups that expose **MySQL** on `TCP 3306` to the Internet (`0.0.0.0/0` or `::/0`) are identified, with context on public IP and subnet exposure.;Publicly reachable **MySQL** enables Internet scanning, brute force, and credential stuffing, leading to unauthorized queries and data dumps (**confidentiality**). Attackers can alter or delete data (**integrity**), overload the service with query floods (**availability**), and pivot from the DB host into adjacent workloads.;;"Restrict `TCP 3306` to trusted sources per **least privilege**:
- Allow DB access only from specific application subnets or security groups
- Place database hosts in private subnets without public IPs
- Apply **defense in depth** with VPN/peering for admin access, TLS for connections, and host firewalls; optionally reinforce with NACLs";https://hub.prowler.com/check/ec2_instance_port_mysql_exposed_to_internet;"```yaml
# CloudFormation: restrict MySQL (3306) from Internet
Resources:
  <example_resource_name>:
    Type: AWS::EC2::SecurityGroup
    Properties:
      GroupDescription: Restrict MySQL access
      VpcId: <example_resource_id>
      SecurityGroupIngress:
        - IpProtocol: tcp
          FromPort: 3306
          ToPort: 3306
          CidrIp: 10.0.0.0/8  # Critical: do NOT use 0.0.0.0/0; restrict 3306 to a private range
```";"```hcl
# Restrict MySQL (3306) from Internet
resource ""aws_security_group"" ""<example_resource_name>"" {
  name   = ""<example_resource_name>""
  vpc_id = ""<example_resource_id>""

  ingress {
    from_port   = 3306
    to_port     = 3306
    protocol    = ""tcp""
    cidr_blocks = [""10.0.0.0/8""] # Critical: do NOT use 0.0.0.0/0; restrict 3306 to a private CIDR
  }
}
```";aws ec2 revoke-security-group-ingress --group-id <SECURITY_GROUP_ID> --protocol tcp --port 3306 --cidr 0.0.0.0/0;"1. In the AWS Console, go to EC2 > Security Groups
2. Select the security group attached to the affected instance
3. Click Inbound rules > Edit inbound rules
4. Find the rule allowing TCP 3306 from 0.0.0.0/0 or ::/0 and delete it
5. (If access is required) Add a rule for TCP 3306 from a specific private CIDR or trusted IP range only
6. Save rules";SOC2: cc_6_6 | KISA-ISMS-P-2023: 2.6.1, 2.6.4, 2.10.2 | C5-2025: PI-01.01AC | KISA-ISMS-P-2023-korean: 2.6.1, 2.6.4, 2.10.2 | ProwlerThreatScore-1.0: 2.1.6 | ISO27001-2022: A.8.20, A.8.21, A.8.22 | NIS2: 6.7.2.g;internet-exposed;;;;5.40.0;https://docs.aws.amazon.com/vpc/latest/userguide/VPC_SecurityGroups.html | https://www.trendmicro.com/trendaivisiononecloudriskmanagement/knowledge-base/aws/EC2/unrestricted-mysql-access.html;;
profile: None;2026-09-01 14:23:41.589109;128529977749;;;;;;prowler-aws-ec2_instance_port_oracle_exposed_to_internet-128529977749-eu-north-1-i-0a1a91d21f2f18c72;aws;ec2_instance_port_oracle_exposed_to_internet;EC2 instance does not allow ingress from the Internet to TCP ports 1521, 2483, or 2484 (Oracle);Software and Configuration Checks/AWS Security Best Practices/Network Reachability | Software and Configuration Checks/Industry and Regulatory Standards/AWS Foundational Security Best Practices | Software and Configuration Checks/Industry and Regulatory Standards/CIS AWS Foundations Benchmark | TTPs/Initial Access | Effects/Data Exposure;PASS;Instance i-0a1a91d21f2f18c72 does not have Oracle ports open to the Internet.;False;ec2;;critical;AwsEc2Instance;arn:aws:ec2:eu-north-1:128529977749:instance/i-0a1a91d21f2f18c72;i-0a1a91d21f2f18c72;;ManagedBy=terraform | Environment=prod | Name=ce-capstone-nat | Project=ce-capstone | Owner=OWNER;aws;eu-north-1;**EC2 instances** with security groups allowing inbound `TCP` from any address to Oracle listener ports `1521`, `2483`, or `2484`;Exposed Oracle listener ports enable SID enumeration, credential brute force, and TNS abuse. A successful intrusion can grant database access, causing data exfiltration (C), unauthorized changes (I), and outages via exploits or DoS (A). Internet scanning quickly finds these endpoints, enlarging the attack surface.;;"Restrict Oracle ports to trusted sources; remove `0.0.0.0/0` and `::/0`. Place databases in private subnets without public IPs. Use VPN/Direct Connect or bastions for access. Enable TLS on `2484`, strong auth, and apply **least privilege** rules with **defense in depth** using NACLs and monitoring.";https://hub.prowler.com/check/ec2_instance_port_oracle_exposed_to_internet;"```yaml
# CloudFormation: Restrict Oracle port from Internet
Resources:
  <example_resource_name>:
    Type: AWS::EC2::SecurityGroup
    Properties:
      GroupDescription: Restrict Oracle port access
      VpcId: <example_resource_id>
      SecurityGroupIngress:
        - IpProtocol: tcp
          FromPort: 1521
          ToPort: 1521
          CidrIp: 10.0.0.0/16  # FIX: do not use 0.0.0.0/0 or ::/0; limits access to a trusted CIDR to block Internet
```";"```hcl
# Security group with Oracle port restricted from Internet
resource ""aws_security_group"" ""<example_resource_name>"" {
  vpc_id = ""<example_resource_id>""

  ingress {
    from_port   = 1521
    to_port     = 1521
    protocol    = ""tcp""
    cidr_blocks = [""10.0.0.0/16""] # FIX: restrict source; do not use 0.0.0.0/0 or ::/0
  }
}
```";aws ec2 revoke-security-group-ingress --group-id <SECURITY_GROUP_ID> --protocol tcp --port 1521 --cidr 0.0.0.0/0;"1. In the AWS Console, go to EC2 > Security Groups
2. Select the security group attached to the instance
3. Open the Inbound rules tab and click Edit inbound rules
4. For TCP ports 1521, 2483, and 2484, delete any rule with Source 0.0.0.0/0 or ::/0
5. If access is required, change the Source to a specific trusted CIDR only
6. Click Save rules";SOC2: cc_6_6 | KISA-ISMS-P-2023: 2.6.1, 2.6.4, 2.10.2 | C5-2025: PI-01.01AC | KISA-ISMS-P-2023-korean: 2.6.1, 2.6.4, 2.10.2 | ProwlerThreatScore-1.0: 2.1.6 | ISO27001-2022: A.8.20, A.8.21, A.8.22 | NIS2: 6.7.2.g;internet-exposed;;;;5.40.0;https://docs.aws.amazon.com/vpc/latest/userguide/VPC_SecurityGroups.html | https://www.trendmicro.com/trendaivisiononecloudriskmanagement/knowledge-base/aws/EC2/unrestricted-oracle-access.html;;
profile: None;2026-09-01 14:23:41.589109;128529977749;;;;;;prowler-aws-ec2_instance_port_postgresql_exposed_to_internet-128529977749-eu-north-1-i-0a1a91d21f2f18c72;aws;ec2_instance_port_postgresql_exposed_to_internet;EC2 instance does not allow ingress from the Internet to TCP port 5432 (PostgreSQL);Software and Configuration Checks/AWS Security Best Practices/Network Reachability | Software and Configuration Checks/Industry and Regulatory Standards/AWS Foundational Security Best Practices | Software and Configuration Checks/Industry and Regulatory Standards/CIS AWS Foundations Benchmark | TTPs/Initial Access | Effects/Data Exposure;PASS;Instance i-0a1a91d21f2f18c72 does not have PostgreSQL port 5432 open to the Internet.;False;ec2;;critical;AwsEc2Instance;arn:aws:ec2:eu-north-1:128529977749:instance/i-0a1a91d21f2f18c72;i-0a1a91d21f2f18c72;;ManagedBy=terraform | Environment=prod | Name=ce-capstone-nat | Project=ce-capstone | Owner=OWNER;aws;eu-north-1;**EC2 instances** with security group rules allowing inbound **PostgreSQL** on `TCP 5432` from the Internet (`0.0.0.0/0` or `::/0`) are identified, considering the instance's public reachability via IP and subnet.;Exposed `TCP 5432` enables unauthenticated Internet probes and **brute-force** attempts against PostgreSQL, risking database **confidentiality**, **integrity**, and **availability**. Attackers could dump data, alter schemas, create backdoor accounts, pivot within the VPC, or exploit unpatched flaws at scale.;;"Restrict PostgreSQL to trusted sources only:
- Remove `0.0.0.0/0` and `::/0` rules
- Apply **least privilege** security groups (allow from app tier or VPN)
- Place instances in private subnets without public IPs
- Enforce **TLS** and strong auth; disable unused listeners
- Layer with NACLs and monitoring for **defense in depth**";https://hub.prowler.com/check/ec2_instance_port_postgresql_exposed_to_internet;"```yaml
# CloudFormation: restrict PostgreSQL (5432) from Internet
Resources:
  <example_resource_name>:
    Type: AWS::EC2::SecurityGroup
    Properties:
      GroupDescription: Restrict PostgreSQL
      VpcId: <example_resource_id>
      SecurityGroupIngress:
        - IpProtocol: tcp
          FromPort: 5432
          ToPort: 5432
          CidrIp: 10.0.0.0/8  # CRITICAL: not 0.0.0.0/0; limits access to internal range
```";"```hcl
# Restrict PostgreSQL (5432) from Internet
resource ""aws_security_group"" ""<example_resource_name>"" {
  vpc_id = ""<example_resource_id>""

  ingress {
    from_port   = 5432
    to_port     = 5432
    protocol    = ""tcp""
    cidr_blocks = [""10.0.0.0/8""]  # CRITICAL: not 0.0.0.0/0; prevents Internet exposure
  }
}
```";aws ec2 revoke-security-group-ingress --group-id <SECURITY_GROUP_ID> --protocol tcp --port 5432 --cidr 0.0.0.0/0;"1. In AWS Console, go to EC2 > Security Groups
2. Select the group attached to the instance
3. In Inbound rules, find any rule for PostgreSQL (TCP 5432) with source 0.0.0.0/0 or ::/0
4. Delete the rule or change the source to a specific trusted CIDR only
5. Save rules";SOC2: cc_6_6 | KISA-ISMS-P-2023: 2.6.1, 2.6.4, 2.10.2 | C5-2025: PI-01.01AC | KISA-ISMS-P-2023-korean: 2.6.1, 2.6.4, 2.10.2 | ProwlerThreatScore-1.0: 2.1.6 | ISO27001-2022: A.8.20, A.8.21, A.8.22 | NIS2: 6.7.2.g;internet-exposed;;;;5.40.0;https://docs.aws.amazon.com/vpc/latest/userguide/VPC_SecurityGroups.html | https://www.trendmicro.com/trendaivisiononecloudriskmanagement/knowledge-base/aws/EC2/unrestricted-postgresql-access.html;;
profile: None;2026-09-01 14:23:41.589109;128529977749;;;;;;prowler-aws-ec2_instance_port_rdp_exposed_to_internet-128529977749-eu-north-1-i-0a1a91d21f2f18c72;aws;ec2_instance_port_rdp_exposed_to_internet;EC2 instance does not allow ingress from the Internet to TCP port 3389 (RDP);Software and Configuration Checks/AWS Security Best Practices/Network Reachability | Software and Configuration Checks/Industry and Regulatory Standards/AWS Foundational Security Best Practices | Software and Configuration Checks/Industry and Regulatory Standards/CIS AWS Foundations Benchmark | TTPs/Initial Access/External Remote Services;PASS;Instance i-0a1a91d21f2f18c72 does not have RDP port 3389 open to the Internet.;False;ec2;;critical;AwsEc2Instance;arn:aws:ec2:eu-north-1:128529977749:instance/i-0a1a91d21f2f18c72;i-0a1a91d21f2f18c72;;ManagedBy=terraform | Environment=prod | Name=ce-capstone-nat | Project=ce-capstone | Owner=OWNER;aws;eu-north-1;**EC2 instances** whose security groups allow Internet-wide inbound **RDP** on `TCP 3389` (`0.0.0.0/0` or `::/0`). The instance's public IP and subnet routing are considered to determine external reachability.;"Internet-exposed **RDP** allows:
- **Brute force** and credential reuse on Windows logons
- Exploitation of RDP flaws for remote code execution
- **Lateral movement** and data exfiltration
This threatens **confidentiality**, **integrity**, and **availability** through data theft, tampering, account lockouts, or ransomware.";;"Remove Internet-wide RDP. Apply **least privilege**:
- Restrict `TCP 3389` to trusted IPs
- Prefer private access via **VPN** or a hardened **bastion**; consider **Session Manager**
- Use **just-in-time** access and short-lived rules
- Enforce strong auth (e.g., NLA) and monitor logs
Adopt **defense in depth** with layered network controls.";https://hub.prowler.com/check/ec2_instance_port_rdp_exposed_to_internet;"```yaml
# CloudFormation: restrict RDP so it's not open to the Internet
Resources:
  <example_resource_name>:
    Type: AWS::EC2::SecurityGroup
    Properties:
      GroupDescription: Restrict RDP access
      VpcId: <example_resource_id>
      SecurityGroupIngress:
        - IpProtocol: tcp
          FromPort: 3389
          ToPort: 3389
          CidrIp: <TRUSTED_CIDR>  # CRITICAL: limit RDP to a specific CIDR to avoid 0.0.0.0/0 (::/0)
```";"```hcl
# Restrict RDP so it's not open to the Internet
resource ""aws_security_group"" ""<example_resource_name>"" {
  vpc_id = ""<example_resource_id>""

  ingress {
    from_port   = 3389
    to_port     = 3389
    protocol    = ""tcp""
    cidr_blocks = [""<TRUSTED_CIDR>""]  # CRITICAL: restrict RDP to a specific CIDR; not 0.0.0.0/0 or ::/0
  }
}
```";aws ec2 revoke-security-group-ingress --group-id <SECURITY_GROUP_ID> --protocol tcp --port 3389 --cidr 0.0.0.0/0;"1. In AWS Console, go to EC2 > Security Groups
2. Open each security group attached to the affected instance
3. In Inbound rules, find any rule allowing TCP 3389 from 0.0.0.0/0 or ::/0
4. Delete the rule, or edit Source to a specific trusted IP/CIDR only
5. Click Save rules";SOC2: cc_6_6 | KISA-ISMS-P-2023: 2.6.1, 2.6.2, 2.6.6, 2.10.2 | C5-2025: PI-01.01AC | KISA-ISMS-P-2023-korean: 2.6.1, 2.6.2, 2.6.6, 2.10.2 | NIST-CSF-2.0: ac_3 | ProwlerThreatScore-1.0: 2.1.6 | ISO27001-2022: A.8.20, A.8.21, A.8.22 | NIS2: 6.7.2.g;internet-exposed;;;;5.40.0;https://docs.aws.amazon.com/vpc/latest/userguide/VPC_SecurityGroups.html | https://support.icompaas.com/support/solutions/articles/62000233789-ensure-no-ec2-instances-allow-ingress-from-the-internet-to-tcp-port-3389-rdp- | https://www.trendmicro.com/trendaivisiononecloudriskmanagement/knowledge-base/aws/EC2/unrestricted-rdp-access.html;;
profile: None;2026-09-01 14:23:41.589109;128529977749;;;;;;prowler-aws-ec2_instance_port_redis_exposed_to_internet-128529977749-eu-north-1-i-0a1a91d21f2f18c72;aws;ec2_instance_port_redis_exposed_to_internet;EC2 instance does not allow ingress from the Internet to TCP port 6379 (Redis);Software and Configuration Checks/AWS Security Best Practices/Network Reachability | TTPs/Initial Access/Unauthorized Access | Effects/Data Exposure;PASS;Instance i-0a1a91d21f2f18c72 does not have Redis port 6379 open to the Internet.;False;ec2;;critical;AwsEc2Instance;arn:aws:ec2:eu-north-1:128529977749:instance/i-0a1a91d21f2f18c72;i-0a1a91d21f2f18c72;;ManagedBy=terraform | Environment=prod | Name=ce-capstone-nat | Project=ce-capstone | Owner=OWNER;aws;eu-north-1;"**EC2 instances** with security groups permitting Internet access to **Redis** on `TCP 6379` are identified.

Exposure is assessed using public IP assignment and subnet reachability to reflect how broadly the service can be contacted.";Exposed **Redis** allows remote access to cached data and secrets, reducing **confidentiality**. Unauthorized commands (`SET`, `DEL`, `FLUSHALL`, config changes) can corrupt or erase data, harming **integrity**. Internet scanning and abuse can exhaust memory and disrupt service, degrading **availability** and enabling lateral movement.;;"Apply **least privilege** network access: restrict Redis to trusted sources or VPC-only, place instances in private subnets, and avoid public IPs.

Layer controls with **NACLs** and host firewalls, enforce **authentication and TLS** on Redis, and use **VPN/bastion** or proxies to broker access.";https://hub.prowler.com/check/ec2_instance_port_redis_exposed_to_internet;"```yaml
# CloudFormation: restrict Redis (6379) from Internet
Resources:
  <example_resource_name>:
    Type: AWS::EC2::SecurityGroup
    Properties:
      GroupDescription: Restrict Redis ingress
      VpcId: <example_resource_id>
      SecurityGroupIngress:
        - IpProtocol: tcp
          FromPort: 6379
          ToPort: 6379
          CidrIp: 10.0.0.0/8  # Critical: restrict source CIDR (not 0.0.0.0/0 or ::/0) to block Internet access
```";"```hcl
# Terraform: restrict Redis (6379) from Internet
resource ""aws_security_group"" ""<example_resource_name>"" {
  name   = ""<example_resource_name>""
  vpc_id = ""<example_resource_id>""

  ingress {
    from_port   = 6379
    to_port     = 6379
    protocol    = ""tcp""
    cidr_blocks = [""10.0.0.0/8""] # Critical: not 0.0.0.0/0 or ::/0; restrict to trusted range
  }
}
```";aws ec2 revoke-security-group-ingress --group-id <SECURITY_GROUP_ID> --protocol tcp --port 6379 --cidr 0.0.0.0/0;"1. In the AWS Console, go to EC2 > Security Groups
2. Select the security group attached to the affected instance
3. Open the Inbound rules tab and click Edit inbound rules
4. Find any rule allowing TCP port 6379 from 0.0.0.0/0 or ::/0
5. Delete the rule, or change the source to a specific trusted CIDR or security group
6. Click Save rules";SOC2: cc_6_6 | KISA-ISMS-P-2023: 2.6.1, 2.6.4, 2.10.2 | C5-2025: PI-01.01AC | KISA-ISMS-P-2023-korean: 2.6.1, 2.6.4, 2.10.2 | ProwlerThreatScore-1.0: 2.1.6 | ISO27001-2022: A.8.20, A.8.21, A.8.22 | NIS2: 6.7.2.g;internet-exposed;;;;5.40.0;https://docs.aws.amazon.com/vpc/latest/userguide/VPC_SecurityGroups.html | https://support.icompaas.com/support/solutions/articles/62000233806-ensure-no-ec2-instances-allow-ingress-from-the-internet-to-tcp-port-6379-redis- | https://www.trendmicro.com/trendaivisiononecloudriskmanagement/knowledge-base/aws/EC2/unrestricted-redis-access.html;;
profile: None;2026-09-01 14:23:41.589109;128529977749;;;;;;prowler-aws-ec2_instance_port_sqlserver_exposed_to_internet-128529977749-eu-north-1-i-0a1a91d21f2f18c72;aws;ec2_instance_port_sqlserver_exposed_to_internet;EC2 instance does not allow ingress from the Internet to TCP ports 1433 or 1434 (SQL Server);Software and Configuration Checks/AWS Security Best Practices/Network Reachability | Software and Configuration Checks/Industry and Regulatory Standards/AWS Foundational Security Best Practices | Software and Configuration Checks/Industry and Regulatory Standards/CIS AWS Foundations Benchmark | TTPs/Initial Access;PASS;Instance i-0a1a91d21f2f18c72 does not have SQL Server ports open to the Internet.;False;ec2;;critical;AwsEc2Instance;arn:aws:ec2:eu-north-1:128529977749:instance/i-0a1a91d21f2f18c72;i-0a1a91d21f2f18c72;;ManagedBy=terraform | Environment=prod | Name=ce-capstone-nat | Project=ce-capstone | Owner=OWNER;aws;eu-north-1;**EC2 instances** with security groups permitting any source to `TCP 1433` or `1434` (SQL Server) are identified, considering the instance's public reachability based on IP and subnet exposure.;"Internet-reachable SQL services enable:
- Brute-force and credential-stuffing of DB logins
- Exploitation of SQL Server flaws for remote code execution
- Unauthorized queries and data exfiltration
This threatens **confidentiality** and **integrity**, and facilitates **lateral movement** from the database host.";;"Enforce **least privilege** and **defense in depth**:
- Remove `0.0.0.0/0` and `::/0` to `1433-1434`
- Allow only trusted IPs or app tiers via security group references
- Keep databases in private subnets without public IPs; access via VPN or bastion
- Require TLS and strong authentication; monitor access.";https://hub.prowler.com/check/ec2_instance_port_sqlserver_exposed_to_internet;"```yaml
# CloudFormation: restrict SQL Server ports to non-Internet sources
Resources:
  <example_resource_name>:
    Type: AWS::EC2::SecurityGroup
    Properties:
      GroupDescription: Restrict SQL ports
      VpcId: <example_resource_id>
      SecurityGroupIngress:
        - IpProtocol: tcp
          FromPort: 1433
          ToPort: 1434
          CidrIp: 10.0.0.0/8  # FIX: do not use 0.0.0.0/0; limits access to internal range to close Internet exposure
```";"```hcl
# Restrict SQL Server ports to non-Internet sources
resource ""aws_security_group"" ""<example_resource_name>"" {
  vpc_id = ""<example_resource_id>""

  ingress {
    from_port   = 1433
    to_port     = 1434
    protocol    = ""tcp""
    cidr_blocks = [""10.0.0.0/8""]  # FIX: do not use 0.0.0.0/0; restricts access to prevent Internet exposure
  }
}
```";"aws ec2 revoke-security-group-ingress --group-id <SECURITY_GROUP_ID> --ip-permissions '[{""IpProtocol"":""tcp"",""FromPort"":1433,""ToPort"":1434,""IpRanges"":[{""CidrIp"":""0.0.0.0/0""}],""Ipv6Ranges"":[{""CidrIpv6"":""::/0""}]}]'";"1. In the AWS Console, go to VPC > Security Groups
2. Select the security group attached to the affected EC2 instance
3. In the Inbound rules tab, click Edit inbound rules
4. Delete any rule allowing TCP 1433 or 1434 from 0.0.0.0/0 or ::/0
5. If access is required, add a rule for TCP 1433-1434 with a specific trusted source (e.g., your office IP or another security group)
6. Click Save rules";SOC2: cc_6_6 | KISA-ISMS-P-2023: 2.6.1, 2.6.4, 2.10.2 | C5-2025: PI-01.01AC | KISA-ISMS-P-2023-korean: 2.6.1, 2.6.4, 2.10.2 | ProwlerThreatScore-1.0: 2.1.6 | ISO27001-2022: A.8.20, A.8.21, A.8.22 | NIS2: 6.7.2.g;internet-exposed;;;;5.40.0;https://docs.aws.amazon.com/vpc/latest/userguide/VPC_SecurityGroups.html | https://support.icompaas.com/support/solutions/articles/62000223371-ensure-no-security-groups-allow-ingress-from-0-0-0-0-0-or-0-to-windows-sql-server-ports-1433-or-14 | https://www.trendmicro.com/trendaivisiononecloudriskmanagement/knowledge-base/aws/EC2/unrestricted-mssql-access.html;;
profile: None;2026-09-01 14:23:41.589109;128529977749;;;;;;prowler-aws-ec2_instance_port_ssh_exposed_to_internet-128529977749-eu-north-1-i-0a1a91d21f2f18c72;aws;ec2_instance_port_ssh_exposed_to_internet;EC2 instance does not allow ingress from the Internet to TCP port 22 (SSH);Software and Configuration Checks/AWS Security Best Practices/Network Reachability | Software and Configuration Checks/Industry and Regulatory Standards/AWS Foundational Security Best Practices | Software and Configuration Checks/Industry and Regulatory Standards/CIS AWS Foundations Benchmark | TTPs/Initial Access/External Remote Services;PASS;Instance i-0a1a91d21f2f18c72 does not have SSH port 22 open to the Internet.;False;ec2;;critical;AwsEc2Instance;arn:aws:ec2:eu-north-1:128529977749:instance/i-0a1a91d21f2f18c72;i-0a1a91d21f2f18c72;;ManagedBy=terraform | Environment=prod | Name=ce-capstone-nat | Project=ce-capstone | Owner=OWNER;aws;eu-north-1;"**EC2 instances** with **SSH (TCP 22)** exposed to the Internet via security group inbound rules allowing `0.0.0.0/0` or `::/0`.

Exposure is qualified using the instance's public IP status and subnet reachability.";**Internet-exposed SSH** invites **brute force** and **credential stuffing**. A successful sign-in grants **remote shell**, enabling data exfiltration, tampering of workloads, and **lateral movement** within the VPC, degrading confidentiality, integrity, and availability.;;"Apply **least privilege** on SSH:
- Restrict ingress to trusted IPs; avoid `0.0.0.0/0` and `::/0`
- Prefer **Session Manager** or a hardened **bastion** behind VPN
- Use **key-based auth**; disable passwords
- Add **defense in depth** with network controls and monitor access logs";https://hub.prowler.com/check/ec2_instance_port_ssh_exposed_to_internet;"```yaml
# CloudFormation: Restrict SSH so it's not open to the Internet
Resources:
  <example_resource_name>:
    Type: AWS::EC2::SecurityGroup
    Properties:
      GroupDescription: Restrict SSH
      VpcId: ""<example_resource_id>""
      SecurityGroupIngress:
        - IpProtocol: tcp
          FromPort: 22
          ToPort: 22
          CidrIp: 10.0.0.0/8  # Critical: restrict SSH to a specific CIDR, not 0.0.0.0/0
```";"```hcl
# Terraform: Restrict SSH so it's not open to the Internet
resource ""aws_security_group"" ""<example_resource_name>"" {
  name   = ""<example_resource_name>""
  vpc_id = ""<example_resource_id>""

  ingress {
    from_port   = 22
    to_port     = 22
    protocol    = ""tcp""
    cidr_blocks = [""10.0.0.0/8""] # Critical: restrict SSH to a specific CIDR, not 0.0.0.0/0
  }
}
```";"aws ec2 revoke-security-group-ingress --group-id <SECURITY_GROUP_ID> --ip-permissions '[{""IpProtocol"":""tcp"",""FromPort"":22,""ToPort"":22,""IpRanges"":[{""CidrIp"":""0.0.0.0/0""}]},{""IpProtocol"":""tcp"",""FromPort"":22,""ToPort"":22,""Ipv6Ranges"":[{""CidrIpv6"":""::/0""}]}]'";"1. Open the Amazon EC2 console and go to Security Groups
2. Select the security group attached to the instance
3. Click Inbound rules > Edit inbound rules
4. Delete any rule allowing SSH (port 22) from 0.0.0.0/0 or ::/0
5. Save rules";SOC2: cc_6_6 | KISA-ISMS-P-2023: 2.6.1, 2.6.2, 2.6.6, 2.10.2 | C5-2025: PI-01.01AC | KISA-ISMS-P-2023-korean: 2.6.1, 2.6.2, 2.6.6, 2.10.2 | NIST-CSF-2.0: ac_3 | CCC-v2025.10: CCC.Core.CN01.AR02 | ProwlerThreatScore-1.0: 2.1.6 | ISO27001-2022: A.8.20, A.8.21, A.8.22 | NIS2: 6.7.2.g;internet-exposed;;;;5.40.0;https://docs.aws.amazon.com/vpc/latest/userguide/VPC_SecurityGroups.html | https://www.trendmicro.com/trendaivisiononecloudriskmanagement/knowledge-base/aws/EC2/unrestricted-ssh-access.html;;
profile: None;2026-09-01 14:23:41.589109;128529977749;;;;;;prowler-aws-ec2_instance_port_telnet_exposed_to_internet-128529977749-eu-north-1-i-0a1a91d21f2f18c72;aws;ec2_instance_port_telnet_exposed_to_internet;EC2 instance does not allow ingress from the Internet to TCP port 23 (Telnet);Software and Configuration Checks/AWS Security Best Practices/Network Reachability | Software and Configuration Checks/Industry and Regulatory Standards/AWS Foundational Security Best Practices | TTPs/Initial Access/Unauthorized Access;PASS;Instance i-0a1a91d21f2f18c72 does not have Telnet port 23 open to the Internet.;False;ec2;;critical;AwsEc2Instance;arn:aws:ec2:eu-north-1:128529977749:instance/i-0a1a91d21f2f18c72;i-0a1a91d21f2f18c72;;ManagedBy=terraform | Environment=prod | Name=ce-capstone-nat | Project=ce-capstone | Owner=OWNER;aws;eu-north-1;"EC2 instances with security groups allowing inbound **Telnet** on `TCP 23` from the Internet are identified, including open IPv4/IPv6 sources like `0.0.0.0/0` and `::/0`.

Exposure is evaluated considering public IP assignment and subnet reachability.";Exposed **Telnet** weakens **confidentiality** and **integrity**: credentials and commands are plaintext, enabling interception and session hijacking. Attackers can brute-force to gain shell, run remote commands, exfiltrate data, and pivot laterally, also threatening **availability** through misuse or takeover.;;"Eliminate Telnet: disable the service and block `TCP 23`.

Apply **least privilege** network access-restrict admin connectivity via **SSH** through bastion or **VPN**, keep management paths private, and segregate hosts. Use **defense in depth** with monitoring and strong authentication for any legacy needs.";https://hub.prowler.com/check/ec2_instance_port_telnet_exposed_to_internet;"```yaml
# CloudFormation: restrict Telnet (port 23) from the Internet
Resources:
  <example_resource_name>:
    Type: AWS::EC2::SecurityGroup
    Properties:
      GroupDescription: Restrict Telnet access
      VpcId: <example_resource_id>
      SecurityGroupIngress:
        - IpProtocol: tcp
          FromPort: 23
          ToPort: 23
          CidrIp: 10.0.0.0/8  # Critical: do NOT use 0.0.0.0/0; restrict Telnet to trusted CIDR to remediate exposure
```";"```hcl
# Restrict Telnet (port 23) from the Internet
resource ""aws_security_group"" ""<example_resource_name>"" {
  name   = ""<example_resource_name>""
  vpc_id = ""<example_resource_id>""

  ingress {
    from_port   = 23
    to_port     = 23
    protocol    = ""tcp""
    cidr_blocks = [""10.0.0.0/8""] # Critical: do NOT use 0.0.0.0/0; restrict Telnet to trusted CIDR to fix the finding
  }
}
```";aws ec2 revoke-security-group-ingress --group-id <SECURITY_GROUP_ID> --protocol tcp --port 23 --cidr 0.0.0.0/0;"1. In the AWS Console, go to EC2 > Security Groups
2. Select the security group attached to the affected instance
3. Open the Inbound rules tab and find any rule allowing TCP port 23 from 0.0.0.0/0 or ::/0
4. Delete the rule, or edit it to a specific trusted CIDR only
5. Click Save rules";SOC2: cc_6_6 | KISA-ISMS-P-2023: 2.6.1, 2.6.2, 2.6.6, 2.10.2 | C5-2025: PI-01.01AC | KISA-ISMS-P-2023-korean: 2.6.1, 2.6.2, 2.6.6, 2.10.2 | NIST-CSF-2.0: ac_3 | ProwlerThreatScore-1.0: 2.1.6 | ISO27001-2022: A.8.20, A.8.21, A.8.22 | NIS2: 6.7.2.g;internet-exposed;;;;5.40.0;https://docs.aws.amazon.com/vpc/latest/userguide/VPC_SecurityGroups.html | https://www.trendmicro.com/trendaivisiononecloudriskmanagement/knowledge-base/aws/EC2/unrestricted-telnet-access.html;;
profile: None;2026-09-01 14:23:41.589109;128529977749;;;;;;prowler-aws-ec2_instance_profile_attached-128529977749-eu-north-1-i-0a1a91d21f2f18c72;aws;ec2_instance_profile_attached;EC2 instance is associated with an IAM instance profile role;Software and Configuration Checks/AWS Security Best Practices | Software and Configuration Checks/Industry and Regulatory Standards/CIS AWS Foundations Benchmark;FAIL;EC2 Instance i-0a1a91d21f2f18c72 not associated with an Instance Profile Role.;False;ec2;;medium;AwsEc2Instance;arn:aws:ec2:eu-north-1:128529977749:instance/i-0a1a91d21f2f18c72;i-0a1a91d21f2f18c72;;ManagedBy=terraform | Environment=prod | Name=ce-capstone-nat | Project=ce-capstone | Owner=OWNER;aws;eu-north-1;**EC2 instances** are evaluated for association with an **IAM instance profile role** that delivers temporary credentials to workloads running on the instance;Without an instance profile, apps often rely on long-term access keys on the host. Exposed keys can be used from anywhere to read data, alter resources, or disrupt services, impacting confidentiality, integrity, and availability. Keys may persist in AMIs, images, or logs, hindering rotation and amplifying blast radius.;;"Attach an **IAM instance profile** to every instance and grant only permissions each workload requires (**least privilege**). Eliminate static keys on hosts; use **temporary credentials** with automatic rotation. Separate roles per application, enforce **separation of duties**, and limit who can assign roles (govern via `iam:PassRole`). Monitor role usage for anomalies.";https://hub.prowler.com/check/ec2_instance_profile_attached;"```yaml
# CloudFormation: attach an IAM instance profile to the EC2 instance
Resources:
  ExampleInstance:
    Type: AWS::EC2::Instance
    Properties:
      ImageId: <AMI_ID>
      InstanceType: <INSTANCE_TYPE>
      IamInstanceProfile: <INSTANCE_PROFILE_NAME>  # Critical: associates an instance profile so the check passes
```";"```hcl
# Attach an IAM instance profile to the EC2 instance
resource ""aws_instance"" ""example"" {
  ami                  = ""<AMI_ID>""
  instance_type        = ""<INSTANCE_TYPE>""
  iam_instance_profile = ""<INSTANCE_PROFILE_NAME>""  # Critical: associates an instance profile so the check passes
}
```";aws ec2 associate-iam-instance-profile --instance-id <INSTANCE_ID> --iam-instance-profile Name=<INSTANCE_PROFILE_NAME>;"1. Open the AWS Management Console and go to EC2
2. Select Instances and choose the target instance
3. Click Actions > Security > Modify IAM role
4. Select the IAM role (instance profile) to attach
5. Click Update IAM role";CIS-7.0: 2.16 | CIS-1.4: 1.18 | CIS-1.5: 1.18 | KISA-ISMS-P-2023: 2.5.1, 2.5.6, 2.10.2 | C5-2025: HR-01.01B, AM-03.01B, IAM-01.01B, IAM-01.04B, IAM-03.03B, IAM-08.02B, IAM-10.01B, IAM-10.02B, PSS-09.01AC | CIS-2.0: 1.18 | KISA-ISMS-P-2023-korean: 2.5.1, 2.5.6, 2.10.2 | GxP-21-CFR-Part-11: 11.10-d, 11.10-g | AWS-Well-Architected-Framework-Security-Pillar: SEC03-BP01, SEC03-BP02, SEC06-BP04, SEC06-BP05 | CIS-5.0: 1.17 | NIST-800-171-Revision-2: 3_1_1, 3_1_2 | PCI-4.0: 7.2.1.5, 7.2.2.5, 7.2.5.3, 7.3.1.3, 7.3.2.3, 7.3.3.3, 8.2.7.3, 8.2.8.5, 8.3.4.3 | NIST-800-53-Revision-5: ac_3, cm_5_1_a, cm_6_a | CIS-3.0: 1.18 | CIS-6.0: 2.17 | FFIEC: d3-pc-am-b-1 | ProwlerThreatScore-1.0: 1.2.4 | ISO27001-2022: A.8.2, A.8.20, A.8.21, A.8.22 | CIS-4.0.1: 1.18 | NIS2: 11.1.1, 11.2.2.d;identity-access;;;;5.40.0;http://docs.aws.amazon.com/IAM/latest/UserGuide/id_roles_use_switch-role-ec2.html | https://www.trendmicro.com/trendaivisiononecloudriskmanagement/knowledge-base/aws/EC2/ec2-instance-using-iam-roles.html;;
profile: None;2026-09-01 14:23:41.589109;128529977749;;;;;;prowler-aws-ec2_instance_public_ip-128529977749-eu-north-1-i-0a1a91d21f2f18c72;aws;ec2_instance_public_ip;EC2 instance does not have a public IP address;Software and Configuration Checks/AWS Security Best Practices/Network Reachability | Software and Configuration Checks/Industry and Regulatory Standards/AWS Foundational Security Best Practices | TTPs/Initial Access;FAIL;EC2 Instance i-0a1a91d21f2f18c72 has a Public IP: 13.63.247.162 (ec2-13-63-247-162.eu-north-1.compute.amazonaws.com).;False;ec2;;medium;AwsEc2Instance;arn:aws:ec2:eu-north-1:128529977749:instance/i-0a1a91d21f2f18c72;i-0a1a91d21f2f18c72;;ManagedBy=terraform | Environment=prod | Name=ce-capstone-nat | Project=ce-capstone | Owner=OWNER;aws;eu-north-1;"**EC2 instances** are assessed for the presence of a **public IPv4 address** and public DNS. A public IP indicates the instance is directly reachable from the Internet; no public IP implies access only through private networking paths such as load balancers, gateways, or proxies.";Publicly addressed instances are Internet-scannable, enabling direct probing and brute-force of exposed services and management ports. This increases risks of unauthorized access, remote code execution, and data exfiltration (**confidentiality, integrity**), and allows direct DDoS targeting, degrading **availability**.;;"Avoid assigning public IPs unless strictly required. Place workloads in private subnets and expose only via **load balancers** with **WAF**; use **bastions** or **Session Manager** for administration. Enforce **least privilege** security groups, prefer **private endpoints**, and route egress via **NAT** for **defense in depth**.";https://hub.prowler.com/check/ec2_instance_public_ip;"```yaml
# CloudFormation: Launch EC2 without a public IP
Resources:
  ExampleInstance:
    Type: AWS::EC2::Instance
    Properties:
      ImageId: <ami_id>
      InstanceType: <instance_type>
      NetworkInterfaces:
        - DeviceIndex: 0
          SubnetId: <example_subnet_id>
          AssociatePublicIpAddress: false  # CRITICAL: ensures the instance has no public IPv4 address
```";"```hcl
# Terraform: Launch EC2 without a public IP
resource ""aws_instance"" ""example"" {
  ami           = ""<ami_id>""
  instance_type = ""<instance_type>""
  subnet_id     = ""<example_subnet_id>""

  associate_public_ip_address = false  # CRITICAL: ensures no public IPv4 is assigned
}
```";;"1. In the AWS Console, go to EC2 > Instances and select the instance with a public IPv4 address
2. Check the Networking tab to see if an Elastic IP is attached
3. If an Elastic IP is attached:
   - Go to EC2 > Elastic IPs, select the address, choose Actions > Disassociate Elastic IP
4. If the public IPv4 is auto-assigned (no Elastic IP shown):
   - Create a new instance (or an AMI from the current one) and, during launch, in Network settings, set Auto-assign public IP to Disable
   - Verify the new instance has no public IPv4, then migrate and terminate the old instance";CISA: your-systems-3, your-data-2 | SOC2: cc_6_6 | MITRE-ATTACK: T1190 | AWS-Foundational-Security-Best-Practices: EC2.9 | KISA-ISMS-P-2023: 2.6.1, 2.10.2 | C5-2025: PS-03.02B | HIPAA: 164_308_a_1_ii_b, 164_308_a_3_i, 164_312_a_1 | KISA-ISMS-P-2023-korean: 2.6.1, 2.10.2 | GxP-21-CFR-Part-11: 11.10-d, 11.10-g | AWS-Well-Architected-Framework-Security-Pillar: SEC03-BP07 | NIST-CSF-2.0: ip_1 | NIST-800-171-Revision-2: 3_1_1, 3_1_2, 3_1_3, 3_1_14, 3_13_2, 3_13_5 | NIST-800-53-Revision-4: ac_4, ac_6, ac_21, sc_7_3, sc_7 | NIST-800-53-Revision-5: ac_2_6, ac_3, ac_3_7, ac_4_21, ac_6, ac_17_b, ac_17_1, ac_17_4_a, ac_17_9, ac_17_10, mp_2, sc_7_2, sc_7_3, sc_7_7, sc_7_9_a, sc_7_11, sc_7_12, sc_7_16, sc_7_20, sc_7_21, sc_7_24_b, sc_7_25, sc_7_26, sc_7_27, sc_7_28, sc_7_a, sc_7_b, sc_7_c, sc_25 | AWS-Foundational-Technical-Review: NETSEC-001 | NIST-CSF-1.1: ac_3, ac_5, ip_8 | SecNumCloud-3.2: 9.7 | RBI-Cyber-Security-Framework: annex_i_1_3 | FFIEC: d3-pc-im-b-1 | PCI-3.2.1: 1.3, 2.2, 2.2.2, 7.2, 7.2.1 | ISO27001-2022: A.8.1, A.8.20, A.8.21, A.8.22 | FedRamp-Moderate-Revision-4: ac-3, ac-4, ac-6, ac-17-1, ac-21-b, cm-2, sc-7-3, sc-7 | FedRAMP-Low-Revision-4: ac-3, ac-17, cm-2, sc-7;internet-exposed;;;;5.40.0;https://www.trendmicro.com/trendaivisiononecloudriskmanagement/knowledge-base/aws/EC2/aws-ec2-public-ip.html | https://docs.aws.amazon.com/AWSEC2/latest/UserGuide/using-instance-addressing.html;;
profile: None;2026-09-01 14:23:41.589109;128529977749;;;;;;prowler-aws-ec2_instance_secrets_user_data-128529977749-eu-north-1-i-0a1a91d21f2f18c72;aws;ec2_instance_secrets_user_data;EC2 instance user data contains no secrets;Software and Configuration Checks/AWS Security Best Practices | Sensitive Data Identifications/Security | Sensitive Data Identifications/Passwords | Effects/Data Exposure;PASS;No secrets found in EC2 instance i-0a1a91d21f2f18c72 since User Data is empty.;False;ec2;;high;AwsEc2Instance;arn:aws:ec2:eu-north-1:128529977749:instance/i-0a1a91d21f2f18c72;i-0a1a91d21f2f18c72;;ManagedBy=terraform | Environment=prod | Name=ce-capstone-nat | Project=ce-capstone | Owner=OWNER;aws;eu-north-1;**EC2 instance User Data** is inspected for **secret-like values** (credentials, tokens, keys). Both plain and compressed content are parsed, honoring configured exclusions, to identify patterns that resemble sensitive material within initialization scripts.;**Secrets embedded in User Data** undermine confidentiality and integrity. Anyone with instance or build-system access can read them, reuse credentials to call services, exfiltrate data, or move laterally. Exposure may persist in AMIs, snapshots, and backups, increasing blast radius over time.;;Avoid placing secrets in User Data. Store them in a **managed secret service** and fetch at runtime via a **least-privilege instance role**. Prefer short-lived credentials with **regular rotation**. Limit who can view or edit User Data and apply **defense in depth** with automated secret scanning in build pipelines.;https://hub.prowler.com/check/ec2_instance_secrets_user_data;"```yaml
# CloudFormation: EC2 instance with empty user data
Resources:
  <example_resource_name>:
    Type: AWS::EC2::Instance
    Properties:
      ImageId: <AMI_ID>
      InstanceType: t3.micro
      UserData: !Base64 """"  # Critical: empty user data ensures no secrets are present
```";"```hcl
resource ""aws_instance"" ""<example_resource_name>"" {
  ami           = ""<AMI_ID>""
  instance_type = ""t3.micro""
  user_data     = """" # Critical: empty user data so no secrets are stored
}
```";"aws ec2 modify-instance-attribute --instance-id <INSTANCE_ID> --user-data ""Value=""";"1. Open the AWS EC2 console and go to Instances
2. Select the affected instance
3. Click Actions > Instance settings > Edit user data
4. Delete all contents of the user data field
5. Click Save";MITRE-ATTACK: T1552 | KISA-ISMS-P-2023: 2.7.1, 2.10.2 | KISA-ISMS-P-2023-korean: 2.7.1, 2.10.2 | AWS-Well-Architected-Framework-Security-Pillar: SEC02-BP03 | NIST-CSF-2.0: ds_5 | SecNumCloud-3.2: 10.5 | ISO27001-2022: A.8.20, A.8.21, A.8.22 | AWS-AI-Security-Framework-1.0: AISF-DATA-05 | NIS2: 3.5.3.a;secrets;;;;5.40.0;https://docs.aws.amazon.com/secretsmanager/latest/userguide/tutorials_basic.html | https://support.icompaas.com/support/solutions/articles/62000127092-ensure-no-secrets-are-found-in-ec2-user-data;;
profile: None;2026-09-01 14:23:41.589109;128529977749;;;;;;prowler-aws-ec2_instance_stopped_older_than_specific_days-128529977749-eu-north-1-i-0a1a91d21f2f18c72;aws;ec2_instance_stopped_older_than_specific_days;EC2 instance has not been stopped longer than the configured maximum days;Software and Configuration Checks/AWS Security Best Practices | Software and Configuration Checks/Patch Management;PASS;EC2 Instance i-0a1a91d21f2f18c72 is not stopped.;False;ec2;;low;AwsEc2Instance;arn:aws:ec2:eu-north-1:128529977749:instance/i-0a1a91d21f2f18c72;i-0a1a91d21f2f18c72;;ManagedBy=terraform | Environment=prod | Name=ce-capstone-nat | Project=ce-capstone | Owner=OWNER;aws;eu-north-1;**EC2 instances** in the `stopped` state are evaluated for how long they have remained stopped. Instances stopped beyond the configurable limit (`max_ec2_instance_stopped_days`, default `30`) are flagged. Running, pending, and other non-stopped instances pass.;Long-stopped instances remain **unmonitored and unpatched** while still retaining EBS volumes, network configuration, IAM instance profiles, and SSH keys. This expands attack surface and incurs unnecessary storage cost. Stale AMIs and credentials attached to abandoned instances increase the chance of compromise if the instance is later started.;;"Establish a lifecycle policy for stopped instances:
- Tag instances with owner and expiry
- Terminate instances no longer needed to reclaim EBS cost
- If retained, start regularly for patching or rebuild from a hardened AMI
- Prefer ephemeral, autoscaled workloads over long-lived stopped hosts

Adjust `max_ec2_instance_stopped_days` to match policy.";https://hub.prowler.com/check/ec2_instance_stopped_older_than_specific_days;;;aws ec2 terminate-instances --instance-ids <example_resource_id>;"1. Sign in to the AWS Management Console and open EC2
2. Go to Instances and select the long-stopped instance
3. Review attached EBS volumes, tags, and ownership
4. Choose Instance state > Terminate instance (or Start instance if still needed, then patch/rebuild)
5. Confirm and verify the instance is terminated or returned to an actively managed lifecycle";;;;ec2_instance_older_than_specific_days;;5.40.0;https://docs.aws.amazon.com/AWSEC2/latest/UserGuide/ec2-instance-lifecycle.html | https://docs.aws.amazon.com/AWSEC2/latest/UserGuide/Stop_Start.html | https://docs.aws.amazon.com/AWSEC2/latest/APIReference/API_DescribeInstances.html;;
profile: None;2026-09-01 14:23:41.589109;128529977749;;;;;;prowler-aws-ec2_instance_uses_single_eni-128529977749-eu-north-1-i-0a1a91d21f2f18c72;aws;ec2_instance_uses_single_eni;EC2 instance has no more than one Elastic Network Interface (ENI) attached;Software and Configuration Checks/AWS Security Best Practices/Network Reachability;PASS;EC2 Instance i-0a1a91d21f2f18c72 uses only one ENI: ( Interfaces: ['eni-0bc10feefd5dd9445'] ).;False;ec2;;low;AwsEc2Instance;arn:aws:ec2:eu-north-1:128529977749:instance/i-0a1a91d21f2f18c72;i-0a1a91d21f2f18c72;;ManagedBy=terraform | Environment=prod | Name=ce-capstone-nat | Project=ce-capstone | Owner=OWNER;aws;eu-north-1;**EC2 instances** are evaluated for attached network adapters. It identifies instances with more than one `ENI`-including `efa`, `interface`, or `trunk` types-and distinguishes those using a single adapter.;**Multiple ENIs** create dual-homed hosts across subnets and security groups, enabling unintended routing and policy bypass. Adversaries can pivot between segments, use alternate egress for **data exfiltration**, or exploit asymmetric paths, undermining segmentation and **confidentiality/integrity** while complicating containment.;;"Prefer a **single ENI per instance**.

If multi-homing is unavoidable:
- Place ENIs in least-privilege subnets/SGs
- Keep `source/destination check` enabled and routes explicit
- Use gateways/LBs for NAT or ingress, not the host
- Monitor flow logs and formally approve exceptions

Embed **defense in depth** and **zero trust**.";https://hub.prowler.com/check/ec2_instance_uses_single_eni;"```yaml
# CloudFormation: ensure the instance has only one ENI
Resources:
  <example_resource_name>:
    Type: AWS::EC2::Instance
    Properties:
      ImageId: <example_resource_id>
      InstanceType: t3.micro
      SubnetId: <example_resource_id>  # FIX: creates a single primary ENI; do not add extra NetworkInterfaces/attachments
```";"```hcl
# Terraform: instance with only the primary ENI
resource ""aws_instance"" ""<example_resource_name>"" {
  ami           = ""<example_resource_id>""
  instance_type = ""t3.micro""
  subnet_id     = ""<example_resource_id>""  # FIX: only primary ENI; no additional network_interface attachments
}
```";aws ec2 detach-network-interface --attachment-id <ATTACHMENT_ID>;"1. Open the AWS EC2 console and go to Network Interfaces
2. Filter by the affected instance ID
3. Select each non-primary network interface (Primary cannot be detached)
4. Choose Actions > Detach
5. Confirm the detach for each secondary ENI";AWS-Foundational-Security-Best-Practices: EC2.17 | KISA-ISMS-P-2023: 2.6.1, 2.10.2 | KISA-ISMS-P-2023-korean: 2.6.1, 2.10.2 | ISO27001-2022: A.8.20, A.8.21, A.8.22;trust-boundaries;;;;5.40.0;https://docs.aws.amazon.com/AWSEC2/latest/UserGuide/using-eni.html#detach_eni | https://docs.aws.amazon.com/config/latest/developerguide/ec2-instance-multiple-eni-check.html | https://docs.aws.amazon.com/securityhub/latest/userguide/ec2-controls.html#ec2-17;;
profile: None;2026-09-01 14:23:41.589109;128529977749;;;;;;prowler-aws-ec2_launch_template_imdsv2_required-128529977749-eu-north-1-lt-0528ce4a2a0b21515;aws;ec2_launch_template_imdsv2_required;EC2 launch template has IMDSv2 enabled and required or instance metadata service disabled;Software and Configuration Checks/AWS Security Best Practices | Software and Configuration Checks/Industry and Regulatory Standards/AWS Foundational Security Best Practices | Software and Configuration Checks/Industry and Regulatory Standards/CIS AWS Foundations Benchmark | TTPs/Credential Access | Effects/Data Exposure;PASS;EC2 Launch Template ce-capstone-app-2026083114345595890000000a has IMDSv2 enabled and required in the following versions: 4, 3, 2, 1.;False;ec2;;high;AwsEc2LaunchTemplate;arn:aws:ec2:eu-north-1:128529977749:launch-template/lt-0528ce4a2a0b21515;lt-0528ce4a2a0b21515;;Project=ce-capstone | Environment=prod | Owner=OWNER | ManagedBy=terraform;aws;eu-north-1;EC2 launch templates are inspected for **Instance Metadata Service** configuration. It identifies versions where `http_endpoint` is `enabled` and `http_tokens` is `required` (IMDSv2 enforced), versions with the metadata service `disabled`, and versions that allow metadata without requiring tokens.;Allowing metadata access without **IMDSv2** enables SSRF and open proxy paths to query instance metadata, exposing temporary credentials and secrets. Attackers can steal IAM role credentials to access data, modify resources, and pivot within the account, threatening confidentiality and integrity.;;"Enforce **IMDSv2** in all launch template versions by setting token use to `required`; disable the metadata service when not needed. Apply **least privilege** to instance roles and use **defense in depth** (egress filtering, input validation) to reduce SSRF paths. Ensure applications and SDKs are compatible with IMDSv2.";https://hub.prowler.com/check/ec2_launch_template_imdsv2_required;"```yaml
Resources:
  <example_resource_name>:
    Type: AWS::EC2::LaunchTemplate
    Properties:
      LaunchTemplateName: <example_resource_name>
      LaunchTemplateData:
        MetadataOptions:
          HttpTokens: required  # CRITICAL: Require IMDSv2 (blocks IMDSv1) to pass the check
```";"```hcl
resource ""aws_launch_template"" ""<example_resource_name>"" {
  name = ""<example_resource_name>""

  metadata_options {
    http_tokens = ""required"" # CRITICAL: Require IMDSv2 (blocks IMDSv1) to pass the check
  }
}
```";"aws ec2 create-launch-template-version --launch-template-id <example_resource_id> --source-version <example_source_version> --launch-template-data '{""MetadataOptions"":{""HttpTokens"":""required""}}'";"1. In the AWS Console, go to EC2 > Launch Templates
2. Select the launch template, then choose Actions > Modify template (Create new version)
3. Expand Advanced details > Metadata options
4. Set Http tokens to Required (or disable Metadata accessible)
5. Click Create template version
6. (Optional) Set this new version as Default if you want it used for future launches";C5-2025: OPS-26.03B | NIST-CSF-2.0: ac_3 | ISO27001-2022: A.8.20, A.8.21, A.8.22 | NIS2: 6.7.2.i;secrets;;;;5.40.0;https://docs.aws.amazon.com/autoscaling/ec2/userguide/create-launch-template.html#change-metadata-options | https://docs.aws.amazon.com/AWSEC2/latest/UserGuide/configuring-instance-metadata-service.html | https://docs.aws.amazon.com/securityhub/latest/userguide/ec2-controls.html#ec2-170;;
profile: None;2026-09-01 14:23:41.589109;128529977749;;;;;;prowler-aws-ec2_launch_template_no_public_ip-128529977749-eu-north-1-lt-0528ce4a2a0b21515;aws;ec2_launch_template_no_public_ip;Amazon EC2 launch template has no public IP addresses configured on network interfaces;Software and Configuration Checks/AWS Security Best Practices/Network Reachability | Software and Configuration Checks/Industry and Regulatory Standards/AWS Foundational Security Best Practices;PASS;EC2 Launch Template ce-capstone-app-2026083114345595890000000a is neither configured to assign a public IP address to network interfaces upon launch nor using a network interface with public IP addresses.;False;ec2;;high;AwsEc2LaunchTemplate;arn:aws:ec2:eu-north-1:128529977749:launch-template/lt-0528ce4a2a0b21515;lt-0528ce4a2a0b21515;;Project=ce-capstone | Environment=prod | Owner=OWNER | ManagedBy=terraform;aws;eu-north-1;**EC2 launch templates** with versions that either enable `associate_public_ip_address` for network interfaces or reference **ENIs** already associated with public IPs;"Assigning **public IPs** makes instances Internet-reachable, enabling:
- Loss of **confidentiality** via unauthorized access and data exfiltration
- Compromised **integrity** through remote exploitation and tampering
- Reduced **availability** from DDoS and brute-force traffic
Attackers can scan exposed services and pivot within the VPC.";;"Apply **least privilege** and network segmentation:
- Set `associate_public_ip_address=false` in launch templates
- Avoid referencing ENIs with public IPs
- Place instances in private subnets behind **NAT/ALB**
- Use **Session Manager**, bastions, or **VPC endpoints/PrivateLink** for access
Adopt **defense in depth** to minimize exposure.";https://hub.prowler.com/check/ec2_launch_template_no_public_ip;"```yaml
# CloudFormation: Launch template configured to not assign public IPs
Resources:
  <example_resource_name>:
    Type: AWS::EC2::LaunchTemplate
    Properties:
      LaunchTemplateData:
        NetworkInterfaces:
          - DeviceIndex: 0
            AssociatePublicIpAddress: false  # Critical: disables public IP assignment on the primary ENI
```";"```hcl
# EC2 launch template configured to not assign public IPs
resource ""aws_launch_template"" ""<example_resource_name>"" {
  name = ""<example_resource_name>""

  network_interfaces {
    device_index                = 0
    associate_public_ip_address = false  # Critical: disables public IP assignment on the primary ENI
  }
}
```";"aws ec2 create-launch-template-version --launch-template-id <example_resource_id> --launch-template-data '{""NetworkInterfaces"":[{""DeviceIndex"":0,""AssociatePublicIpAddress"":false}]}' --set-default-version";"1. Open the EC2 console and go to Launch Templates
2. Select the template and choose Actions > Create new version
3. Under Network settings > Advanced network configuration, set Auto-assign public IP to Disable
4. Ensure no Network interface is attached that already has a public IP
5. Check Set as default version and choose Create launch template version";SOC2: cc_6_6 | AWS-Foundational-Security-Best-Practices: EC2.25 | KISA-ISMS-P-2023: 2.6.1, 2.10.2 | C5-2025: PS-03.02B | KISA-ISMS-P-2023-korean: 2.6.1, 2.10.2 | PCI-4.0: 1.4.5.1 | ISO27001-2022: A.8.20, A.8.21, A.8.22 | NIS2: 3.2.3.a;internet-exposed;;;;5.40.0;https://docs.aws.amazon.com/autoscaling/ec2/userguide/create-launch-template.html#change-network-interface | https://docs.aws.amazon.com/securityhub/latest/userguide/ec2-controls.html#ec2-25 | https://docs.aws.amazon.com/config/latest/developerguide/ec2-launch-template-public-ip-disabled.html;;
profile: None;2026-09-01 14:23:41.589109;128529977749;;;;;;prowler-aws-ec2_launch_template_no_secrets-128529977749-eu-north-1-lt-0528ce4a2a0b21515;aws;ec2_launch_template_no_secrets;EC2 launch template user data contains no secrets in any version;Software and Configuration Checks/AWS Security Best Practices | Sensitive Data Identifications/Security | Sensitive Data Identifications/Passwords | Effects/Data Exposure | TTPs/Credential Access;PASS;No secrets found in User Data of any version for EC2 Launch Template ce-capstone-app-2026083114345595890000000a.;False;ec2;;high;AwsEc2LaunchTemplate;arn:aws:ec2:eu-north-1:128529977749:launch-template/lt-0528ce4a2a0b21515;lt-0528ce4a2a0b21515;;Project=ce-capstone | Environment=prod | Owner=OWNER | ManagedBy=terraform;aws;eu-north-1;**EC2 launch template** user data is analyzed across versions to identify embedded secrets-hard-coded passwords, tokens, API keys, or private keys-within the startup scripts or configuration supplied to instances.;"Secrets in user data can be read by identities able to view launch templates, eroding confidentiality.

Exposed credentials enable unauthorized API actions, data exfiltration, and lateral movement. Past template versions retain leaked values, complicating rotation and recovery.";;"Keep user data free of secrets. Retrieve sensitive values at runtime from **AWS Secrets Manager** or **SSM Parameter Store** `SecureString` using instance roles.

Enforce **least privilege**, rotate to short-lived credentials, and review template history; if exposure occurred, rotate affected secrets.";https://hub.prowler.com/check/ec2_launch_template_no_secrets;"```yaml
# CloudFormation: Launch Template without user data secrets
Resources:
  <example_resource_name>:
    Type: AWS::EC2::LaunchTemplate
    Properties:
      LaunchTemplateData:
        UserData: """"  # Critical: empty user data ensures no secrets are stored in any new version
```";"```hcl
# Terraform: Launch Template with empty user data
resource ""aws_launch_template"" ""<example_resource_name>"" {
  name      = ""<example_resource_name>""
  user_data = """"  # Critical: empty user data prevents secrets from being stored
}
```";;"1. In the AWS Console, go to EC2 > Launch Templates
2. Select the launch template and click Create new version
3. In Advanced details, clear the User data field so it is blank
4. Save and set this clean version as the Default version
5. Back in the Versions tab, select all versions that contain secrets and click Actions > Delete versions
6. Ensure only versions with blank (or non-secret) user data remain";MITRE-ATTACK: T1552 | KISA-ISMS-P-2023: 2.7.1, 2.10.2 | KISA-ISMS-P-2023-korean: 2.7.1, 2.10.2 | AWS-Well-Architected-Framework-Security-Pillar: SEC02-BP03 | SecNumCloud-3.2: 10.5 | ISO27001-2022: A.8.20, A.8.21, A.8.22;secrets;;;;5.40.0;https://docs.aws.amazon.com/secretsmanager/latest/userguide/intro.html | https://docs.aws.amazon.com/AWSEC2/latest/UserGuide/ec2-launch-templates.html | https://support.icompaas.com/support/solutions/articles/62000233727-ensure-no-secrets-are-hardcoded-in-ec2-launch-templates;;
profile: None;2026-09-01 14:23:41.589109;128529977749;;;;;;prowler-aws-ec2_securitygroup_allow_ingress_from_internet_to_all_ports-128529977749-eu-north-1-sg-004d1060824dafc6d;aws;ec2_securitygroup_allow_ingress_from_internet_to_all_ports;Security group does not have all ports open to the Internet;Software and Configuration Checks/AWS Security Best Practices/Network Reachability | Software and Configuration Checks/Industry and Regulatory Standards/AWS Foundational Security Best Practices | Software and Configuration Checks/Industry and Regulatory Standards/CIS AWS Foundations Benchmark | TTPs/Initial Access/Unauthorized Access | Effects/Data Exposure;PASS;Security group ce-capstone-app-20260831143453433000000008 (sg-004d1060824dafc6d) does not have all ports open to the Internet.;False;ec2;;critical;AwsEc2SecurityGroup;arn:aws:ec2:eu-north-1:128529977749:security-group/sg-004d1060824dafc6d;sg-004d1060824dafc6d;ce-capstone-app-20260831143453433000000008;Name=ce-capstone-app-sg | Project=ce-capstone | Environment=prod | ManagedBy=terraform | Owner=OWNER;aws;eu-north-1;**EC2 security groups** with **inbound rules** permitting Internet sources (`0.0.0.0/0`, `::/0`) to `all ports` across any protocol;Opening every port to the Internet enables broad scanning and exploit attempts, leading to **unauthorized access**, **remote code execution**, and **data exfiltration**, with easier lateral movement into the VPC. Confidentiality, integrity, and availability are all at risk.;;Enforce **least privilege** on ingress: allow only required ports from trusted sources, avoid `0.0.0.0/0` and `::/0`. Prefer private access (VPN, bastion, or Session Manager), use security group references, and layer **defense in depth** with network ACLs. Periodically review and remove unused rules.;https://hub.prowler.com/check/ec2_securitygroup_allow_ingress_from_internet_to_all_ports;"```yaml
# CloudFormation: Security Group without an inbound rule that opens all ports to the Internet
Resources:
  <example_resource_name>:
    Type: AWS::EC2::SecurityGroup
    Properties:
      GroupDescription: Example SG
      VpcId: <example_resource_id>
      # Critical: Omit SecurityGroupIngress to ensure no rule with IpProtocol ""-1"" from 0.0.0.0/0 or ::/0 exists,
      # which prevents all ports from being open to the Internet.
```";"```hcl
# Security Group with no inbound rules (prevents all ports open to the Internet)
resource ""aws_security_group"" ""<example_resource_name>"" {
  name   = ""<example_resource_name>""
  vpc_id = ""<example_resource_id>""

  # Critical: no ingress blocks; avoids any rule with protocol ""-1"" from 0.0.0.0/0 or ::/0
}
```";;"1. In the AWS Console, go to EC2 > Security Groups
2. Select the affected security group
3. Open the Inbound rules tab and click Edit inbound rules
4. Delete any rule where Type is All traffic (protocol = All) with Source 0.0.0.0/0 or ::/0
5. Click Save rules";CISA: your-systems-3, your-data-2 | CIS-7.0: 6.3, 6.4 | SOC2: cc_6_6 | CIS-1.4: 5.2 | CIS-1.5: 5.2, 5.3 | MITRE-ATTACK: T1199, T1048, T1499, T1498, T1046 | KISA-ISMS-P-2023: 2.6.1, 2.6.2, 2.6.4, 2.6.6, 2.10.2 | C5-2025: PI-01.01AC | CIS-2.0: 5.2, 5.3 | KISA-ISMS-P-2023-korean: 2.6.1, 2.6.2, 2.6.4, 2.6.6, 2.10.2 | AWS-Well-Architected-Framework-Security-Pillar: SEC05-BP03 | NIST-CSF-2.0: ac_3, ac_5, ds_5, ip_1, pt_4 | CIS-5.0: 5.3, 5.4 | CIS-3.0: 5.2, 5.3 | ENS-RD2022: mp.com.1.aws.sg.2 | CIS-6.0: 6.3, 6.4 | AWS-Foundational-Technical-Review: NETSEC-001 | CCC-v2025.10: CCC.Core.CN01.AR02, CCC.Core.CN05.AR01, CCC.Core.CN05.AR05 | SecNumCloud-3.2: 13.2 | PCI-3.2.1: 1.1, 1.1.4, 1.1.4.c, 1.2, 1.2.1, 1.2.1.a, 1.2.1.b, 1.2.1.c, 1.2.3, 1.2.3.b, 1.3, 1.3.2, 1.3.5 | ProwlerThreatScore-1.0: 2.1.4 | ISO27001-2022: A.8.20, A.8.21, A.8.22 | CIS-4.0.1: 5.3, 5.4;internet-exposed;;;;5.40.0;https://docs.aws.amazon.com/vpc/latest/userguide/VPC_SecurityGroups.html | https://www.trendmicro.com/trendaivisiononecloudriskmanagement/knowledge-base/aws/EC2/security-group-ingress-any.html;;
profile: None;2026-09-01 14:23:41.589109;128529977749;;;;;;prowler-aws-ec2_securitygroup_allow_ingress_from_internet_to_all_ports-128529977749-eu-north-1-sg-0ab21fe0bf7823fec;aws;ec2_securitygroup_allow_ingress_from_internet_to_all_ports;Security group does not have all ports open to the Internet;Software and Configuration Checks/AWS Security Best Practices/Network Reachability | Software and Configuration Checks/Industry and Regulatory Standards/AWS Foundational Security Best Practices | Software and Configuration Checks/Industry and Regulatory Standards/CIS AWS Foundations Benchmark | TTPs/Initial Access/Unauthorized Access | Effects/Data Exposure;PASS;Security group ce-capstone-db-20260831143455943400000009 (sg-0ab21fe0bf7823fec) does not have all ports open to the Internet.;False;ec2;;critical;AwsEc2SecurityGroup;arn:aws:ec2:eu-north-1:128529977749:security-group/sg-0ab21fe0bf7823fec;sg-0ab21fe0bf7823fec;ce-capstone-db-20260831143455943400000009;Owner=OWNER | Environment=prod | Project=ce-capstone | Name=ce-capstone-db-sg | ManagedBy=terraform;aws;eu-north-1;**EC2 security groups** with **inbound rules** permitting Internet sources (`0.0.0.0/0`, `::/0`) to `all ports` across any protocol;Opening every port to the Internet enables broad scanning and exploit attempts, leading to **unauthorized access**, **remote code execution**, and **data exfiltration**, with easier lateral movement into the VPC. Confidentiality, integrity, and availability are all at risk.;;Enforce **least privilege** on ingress: allow only required ports from trusted sources, avoid `0.0.0.0/0` and `::/0`. Prefer private access (VPN, bastion, or Session Manager), use security group references, and layer **defense in depth** with network ACLs. Periodically review and remove unused rules.;https://hub.prowler.com/check/ec2_securitygroup_allow_ingress_from_internet_to_all_ports;"```yaml
# CloudFormation: Security Group without an inbound rule that opens all ports to the Internet
Resources:
  <example_resource_name>:
    Type: AWS::EC2::SecurityGroup
    Properties:
      GroupDescription: Example SG
      VpcId: <example_resource_id>
      # Critical: Omit SecurityGroupIngress to ensure no rule with IpProtocol ""-1"" from 0.0.0.0/0 or ::/0 exists,
      # which prevents all ports from being open to the Internet.
```";"```hcl
# Security Group with no inbound rules (prevents all ports open to the Internet)
resource ""aws_security_group"" ""<example_resource_name>"" {
  name   = ""<example_resource_name>""
  vpc_id = ""<example_resource_id>""

  # Critical: no ingress blocks; avoids any rule with protocol ""-1"" from 0.0.0.0/0 or ::/0
}
```";;"1. In the AWS Console, go to EC2 > Security Groups
2. Select the affected security group
3. Open the Inbound rules tab and click Edit inbound rules
4. Delete any rule where Type is All traffic (protocol = All) with Source 0.0.0.0/0 or ::/0
5. Click Save rules";CISA: your-systems-3, your-data-2 | CIS-7.0: 6.3, 6.4 | SOC2: cc_6_6 | CIS-1.4: 5.2 | CIS-1.5: 5.2, 5.3 | MITRE-ATTACK: T1199, T1048, T1499, T1498, T1046 | KISA-ISMS-P-2023: 2.6.1, 2.6.2, 2.6.4, 2.6.6, 2.10.2 | C5-2025: PI-01.01AC | CIS-2.0: 5.2, 5.3 | KISA-ISMS-P-2023-korean: 2.6.1, 2.6.2, 2.6.4, 2.6.6, 2.10.2 | AWS-Well-Architected-Framework-Security-Pillar: SEC05-BP03 | NIST-CSF-2.0: ac_3, ac_5, ds_5, ip_1, pt_4 | CIS-5.0: 5.3, 5.4 | CIS-3.0: 5.2, 5.3 | ENS-RD2022: mp.com.1.aws.sg.2 | CIS-6.0: 6.3, 6.4 | AWS-Foundational-Technical-Review: NETSEC-001 | CCC-v2025.10: CCC.Core.CN01.AR02, CCC.Core.CN05.AR01, CCC.Core.CN05.AR05 | SecNumCloud-3.2: 13.2 | PCI-3.2.1: 1.1, 1.1.4, 1.1.4.c, 1.2, 1.2.1, 1.2.1.a, 1.2.1.b, 1.2.1.c, 1.2.3, 1.2.3.b, 1.3, 1.3.2, 1.3.5 | ProwlerThreatScore-1.0: 2.1.4 | ISO27001-2022: A.8.20, A.8.21, A.8.22 | CIS-4.0.1: 5.3, 5.4;internet-exposed;;;;5.40.0;https://docs.aws.amazon.com/vpc/latest/userguide/VPC_SecurityGroups.html | https://www.trendmicro.com/trendaivisiononecloudriskmanagement/knowledge-base/aws/EC2/security-group-ingress-any.html;;
profile: None;2026-09-01 14:23:41.589109;128529977749;;;;;;prowler-aws-ec2_securitygroup_allow_ingress_from_internet_to_all_ports-128529977749-eu-north-1-sg-0ae6dc99a169add31;aws;ec2_securitygroup_allow_ingress_from_internet_to_all_ports;Security group does not have all ports open to the Internet;Software and Configuration Checks/AWS Security Best Practices/Network Reachability | Software and Configuration Checks/Industry and Regulatory Standards/AWS Foundational Security Best Practices | Software and Configuration Checks/Industry and Regulatory Standards/CIS AWS Foundations Benchmark | TTPs/Initial Access/Unauthorized Access | Effects/Data Exposure;PASS;Security group ce-capstone-alb-20260831143450720000000006 (sg-0ae6dc99a169add31) does not have all ports open to the Internet.;False;ec2;;critical;AwsEc2SecurityGroup;arn:aws:ec2:eu-north-1:128529977749:security-group/sg-0ae6dc99a169add31;sg-0ae6dc99a169add31;ce-capstone-alb-20260831143450720000000006;Environment=prod | Owner=OWNER | ManagedBy=terraform | Name=ce-capstone-alb-sg | Project=ce-capstone;aws;eu-north-1;**EC2 security groups** with **inbound rules** permitting Internet sources (`0.0.0.0/0`, `::/0`) to `all ports` across any protocol;Opening every port to the Internet enables broad scanning and exploit attempts, leading to **unauthorized access**, **remote code execution**, and **data exfiltration**, with easier lateral movement into the VPC. Confidentiality, integrity, and availability are all at risk.;;Enforce **least privilege** on ingress: allow only required ports from trusted sources, avoid `0.0.0.0/0` and `::/0`. Prefer private access (VPN, bastion, or Session Manager), use security group references, and layer **defense in depth** with network ACLs. Periodically review and remove unused rules.;https://hub.prowler.com/check/ec2_securitygroup_allow_ingress_from_internet_to_all_ports;"```yaml
# CloudFormation: Security Group without an inbound rule that opens all ports to the Internet
Resources:
  <example_resource_name>:
    Type: AWS::EC2::SecurityGroup
    Properties:
      GroupDescription: Example SG
      VpcId: <example_resource_id>
      # Critical: Omit SecurityGroupIngress to ensure no rule with IpProtocol ""-1"" from 0.0.0.0/0 or ::/0 exists,
      # which prevents all ports from being open to the Internet.
```";"```hcl
# Security Group with no inbound rules (prevents all ports open to the Internet)
resource ""aws_security_group"" ""<example_resource_name>"" {
  name   = ""<example_resource_name>""
  vpc_id = ""<example_resource_id>""

  # Critical: no ingress blocks; avoids any rule with protocol ""-1"" from 0.0.0.0/0 or ::/0
}
```";;"1. In the AWS Console, go to EC2 > Security Groups
2. Select the affected security group
3. Open the Inbound rules tab and click Edit inbound rules
4. Delete any rule where Type is All traffic (protocol = All) with Source 0.0.0.0/0 or ::/0
5. Click Save rules";CISA: your-systems-3, your-data-2 | CIS-7.0: 6.3, 6.4 | SOC2: cc_6_6 | CIS-1.4: 5.2 | CIS-1.5: 5.2, 5.3 | MITRE-ATTACK: T1199, T1048, T1499, T1498, T1046 | KISA-ISMS-P-2023: 2.6.1, 2.6.2, 2.6.4, 2.6.6, 2.10.2 | C5-2025: PI-01.01AC | CIS-2.0: 5.2, 5.3 | KISA-ISMS-P-2023-korean: 2.6.1, 2.6.2, 2.6.4, 2.6.6, 2.10.2 | AWS-Well-Architected-Framework-Security-Pillar: SEC05-BP03 | NIST-CSF-2.0: ac_3, ac_5, ds_5, ip_1, pt_4 | CIS-5.0: 5.3, 5.4 | CIS-3.0: 5.2, 5.3 | ENS-RD2022: mp.com.1.aws.sg.2 | CIS-6.0: 6.3, 6.4 | AWS-Foundational-Technical-Review: NETSEC-001 | CCC-v2025.10: CCC.Core.CN01.AR02, CCC.Core.CN05.AR01, CCC.Core.CN05.AR05 | SecNumCloud-3.2: 13.2 | PCI-3.2.1: 1.1, 1.1.4, 1.1.4.c, 1.2, 1.2.1, 1.2.1.a, 1.2.1.b, 1.2.1.c, 1.2.3, 1.2.3.b, 1.3, 1.3.2, 1.3.5 | ProwlerThreatScore-1.0: 2.1.4 | ISO27001-2022: A.8.20, A.8.21, A.8.22 | CIS-4.0.1: 5.3, 5.4;internet-exposed;;;;5.40.0;https://docs.aws.amazon.com/vpc/latest/userguide/VPC_SecurityGroups.html | https://www.trendmicro.com/trendaivisiononecloudriskmanagement/knowledge-base/aws/EC2/security-group-ingress-any.html;;
profile: None;2026-09-01 14:23:41.589109;128529977749;;;;;;prowler-aws-ec2_securitygroup_allow_ingress_from_internet_to_all_ports-128529977749-eu-north-1-sg-0f559018c82176a2b;aws;ec2_securitygroup_allow_ingress_from_internet_to_all_ports;Security group does not have all ports open to the Internet;Software and Configuration Checks/AWS Security Best Practices/Network Reachability | Software and Configuration Checks/Industry and Regulatory Standards/AWS Foundational Security Best Practices | Software and Configuration Checks/Industry and Regulatory Standards/CIS AWS Foundations Benchmark | TTPs/Initial Access/Unauthorized Access | Effects/Data Exposure;PASS;Security group ce-capstone-nat-20260831143450716100000005 (sg-0f559018c82176a2b) does not have all ports open to the Internet.;False;ec2;;critical;AwsEc2SecurityGroup;arn:aws:ec2:eu-north-1:128529977749:security-group/sg-0f559018c82176a2b;sg-0f559018c82176a2b;ce-capstone-nat-20260831143450716100000005;ManagedBy=terraform | Name=ce-capstone-nat-sg | Project=ce-capstone | Environment=prod | Owner=OWNER;aws;eu-north-1;**EC2 security groups** with **inbound rules** permitting Internet sources (`0.0.0.0/0`, `::/0`) to `all ports` across any protocol;Opening every port to the Internet enables broad scanning and exploit attempts, leading to **unauthorized access**, **remote code execution**, and **data exfiltration**, with easier lateral movement into the VPC. Confidentiality, integrity, and availability are all at risk.;;Enforce **least privilege** on ingress: allow only required ports from trusted sources, avoid `0.0.0.0/0` and `::/0`. Prefer private access (VPN, bastion, or Session Manager), use security group references, and layer **defense in depth** with network ACLs. Periodically review and remove unused rules.;https://hub.prowler.com/check/ec2_securitygroup_allow_ingress_from_internet_to_all_ports;"```yaml
# CloudFormation: Security Group without an inbound rule that opens all ports to the Internet
Resources:
  <example_resource_name>:
    Type: AWS::EC2::SecurityGroup
    Properties:
      GroupDescription: Example SG
      VpcId: <example_resource_id>
      # Critical: Omit SecurityGroupIngress to ensure no rule with IpProtocol ""-1"" from 0.0.0.0/0 or ::/0 exists,
      # which prevents all ports from being open to the Internet.
```";"```hcl
# Security Group with no inbound rules (prevents all ports open to the Internet)
resource ""aws_security_group"" ""<example_resource_name>"" {
  name   = ""<example_resource_name>""
  vpc_id = ""<example_resource_id>""

  # Critical: no ingress blocks; avoids any rule with protocol ""-1"" from 0.0.0.0/0 or ::/0
}
```";;"1. In the AWS Console, go to EC2 > Security Groups
2. Select the affected security group
3. Open the Inbound rules tab and click Edit inbound rules
4. Delete any rule where Type is All traffic (protocol = All) with Source 0.0.0.0/0 or ::/0
5. Click Save rules";CISA: your-systems-3, your-data-2 | CIS-7.0: 6.3, 6.4 | SOC2: cc_6_6 | CIS-1.4: 5.2 | CIS-1.5: 5.2, 5.3 | MITRE-ATTACK: T1199, T1048, T1499, T1498, T1046 | KISA-ISMS-P-2023: 2.6.1, 2.6.2, 2.6.4, 2.6.6, 2.10.2 | C5-2025: PI-01.01AC | CIS-2.0: 5.2, 5.3 | KISA-ISMS-P-2023-korean: 2.6.1, 2.6.2, 2.6.4, 2.6.6, 2.10.2 | AWS-Well-Architected-Framework-Security-Pillar: SEC05-BP03 | NIST-CSF-2.0: ac_3, ac_5, ds_5, ip_1, pt_4 | CIS-5.0: 5.3, 5.4 | CIS-3.0: 5.2, 5.3 | ENS-RD2022: mp.com.1.aws.sg.2 | CIS-6.0: 6.3, 6.4 | AWS-Foundational-Technical-Review: NETSEC-001 | CCC-v2025.10: CCC.Core.CN01.AR02, CCC.Core.CN05.AR01, CCC.Core.CN05.AR05 | SecNumCloud-3.2: 13.2 | PCI-3.2.1: 1.1, 1.1.4, 1.1.4.c, 1.2, 1.2.1, 1.2.1.a, 1.2.1.b, 1.2.1.c, 1.2.3, 1.2.3.b, 1.3, 1.3.2, 1.3.5 | ProwlerThreatScore-1.0: 2.1.4 | ISO27001-2022: A.8.20, A.8.21, A.8.22 | CIS-4.0.1: 5.3, 5.4;internet-exposed;;;;5.40.0;https://docs.aws.amazon.com/vpc/latest/userguide/VPC_SecurityGroups.html | https://www.trendmicro.com/trendaivisiononecloudriskmanagement/knowledge-base/aws/EC2/security-group-ingress-any.html;;
profile: None;2026-09-01 14:23:41.589109;128529977749;;;;;;prowler-aws-ec2_securitygroup_allow_ingress_from_internet_to_any_port-128529977749-eu-north-1-sg-004d1060824dafc6d;aws;ec2_securitygroup_allow_ingress_from_internet_to_any_port;Security group has no 0.0.0.0/0 or ::/0 ingress to any port, or is attached only to allowed interface types or instance owners;Software and Configuration Checks/AWS Security Best Practices/Network Reachability | Software and Configuration Checks/Industry and Regulatory Standards/AWS Foundational Security Best Practices | Software and Configuration Checks/Industry and Regulatory Standards/CIS AWS Foundations Benchmark | TTPs/Initial Access;PASS;Security group ce-capstone-app-20260831143453433000000008 (sg-004d1060824dafc6d) does not have any port open to the Internet.;False;ec2;;high;AwsEc2SecurityGroup;arn:aws:ec2:eu-north-1:128529977749:security-group/sg-004d1060824dafc6d;sg-004d1060824dafc6d;ce-capstone-app-20260831143453433000000008;Name=ce-capstone-app-sg | Project=ce-capstone | Environment=prod | ManagedBy=terraform | Owner=OWNER;aws;eu-north-1;**EC2 security groups** with **internet-sourced ingress** from `0.0.0.0/0` or `::/0` to any port, and their attachments, are evaluated. Groups linked to network interfaces or instance owners outside an approved list for public exposure are identified.;Open ingress to any port on non-approved interfaces enables external scanning, brute force, and exploitation of unintended services. This threatens **confidentiality** (unauthorized access), **integrity** (tampering), and **availability** (DoS), and facilitates **lateral movement**.;;"Apply **least privilege**: restrict ingress to required ports and trusted sources; avoid `0.0.0.0/0` and `::/0` except for managed public endpoints. Place workloads behind **load balancers**, **API gateways**, or **WAFs**; use **private networking**. Allow public rules only on approved interface types.";https://hub.prowler.com/check/ec2_securitygroup_allow_ingress_from_internet_to_any_port;"```yaml
# CloudFormation: security group without Internet-open ingress
Resources:
  <example_resource_name>:
    Type: AWS::EC2::SecurityGroup
    Properties:
      GroupDescription: ""SG without Internet ingress""
      VpcId: ""<example_resource_id>""
      SecurityGroupIngress: []  # Critical: no 0.0.0.0/0 or ::/0 inbound; denies all inbound
```";"```hcl
# Security group with no Internet-open ingress
resource ""aws_security_group"" ""<example_resource_name>"" {
  name   = ""<example_resource_name>""
  vpc_id = ""<example_resource_id>""
  # Critical: no ingress blocks -> prevents 0.0.0.0/0 or ::/0 inbound
}
```";;"1. In the AWS console, go to EC2 > Security Groups
2. Select the affected security group
3. Open Inbound rules > Edit inbound rules
4. Delete any rule with Source 0.0.0.0/0 or ::/0
5. Save rules";SOC2: cc_6_6 | KISA-ISMS-P-2023: 2.6.1, 2.6.2, 2.6.4, 2.6.6, 2.10.2 | C5-2025: PI-01.01AC | KISA-ISMS-P-2023-korean: 2.6.1, 2.6.2, 2.6.4, 2.6.6, 2.10.2 | PCI-4.0: 1.2.5.17, 1.2.8.41, 1.3.1.45, 1.3.2.45, 1.4.2.43, 1.5.1.40, 2.2.5.17, A1.1.3.40 | SecNumCloud-3.2: 9.6, 13.2 | ISO27001-2022: A.8.20, A.8.21, A.8.22 | FedRAMP-20x-KSI-Low-25.05C: ksi-cna;internet-exposed;;;;5.40.0;https://docs.aws.amazon.com/vpc/latest/userguide/VPC_SecurityGroups.html | https://support.icompaas.com/support/solutions/articles/62000234274-5-3-ensure-no-security-groups-allow-ingress-from-0-0-0-0-0-to-remote-server-administration-ports-aut;;
profile: None;2026-09-01 14:23:41.589109;128529977749;;;;;;prowler-aws-ec2_securitygroup_allow_ingress_from_internet_to_any_port-128529977749-eu-north-1-sg-0ab21fe0bf7823fec;aws;ec2_securitygroup_allow_ingress_from_internet_to_any_port;Security group has no 0.0.0.0/0 or ::/0 ingress to any port, or is attached only to allowed interface types or instance owners;Software and Configuration Checks/AWS Security Best Practices/Network Reachability | Software and Configuration Checks/Industry and Regulatory Standards/AWS Foundational Security Best Practices | Software and Configuration Checks/Industry and Regulatory Standards/CIS AWS Foundations Benchmark | TTPs/Initial Access;PASS;Security group ce-capstone-db-20260831143455943400000009 (sg-0ab21fe0bf7823fec) does not have any port open to the Internet.;False;ec2;;high;AwsEc2SecurityGroup;arn:aws:ec2:eu-north-1:128529977749:security-group/sg-0ab21fe0bf7823fec;sg-0ab21fe0bf7823fec;ce-capstone-db-20260831143455943400000009;Owner=OWNER | Environment=prod | Project=ce-capstone | Name=ce-capstone-db-sg | ManagedBy=terraform;aws;eu-north-1;**EC2 security groups** with **internet-sourced ingress** from `0.0.0.0/0` or `::/0` to any port, and their attachments, are evaluated. Groups linked to network interfaces or instance owners outside an approved list for public exposure are identified.;Open ingress to any port on non-approved interfaces enables external scanning, brute force, and exploitation of unintended services. This threatens **confidentiality** (unauthorized access), **integrity** (tampering), and **availability** (DoS), and facilitates **lateral movement**.;;"Apply **least privilege**: restrict ingress to required ports and trusted sources; avoid `0.0.0.0/0` and `::/0` except for managed public endpoints. Place workloads behind **load balancers**, **API gateways**, or **WAFs**; use **private networking**. Allow public rules only on approved interface types.";https://hub.prowler.com/check/ec2_securitygroup_allow_ingress_from_internet_to_any_port;"```yaml
# CloudFormation: security group without Internet-open ingress
Resources:
  <example_resource_name>:
    Type: AWS::EC2::SecurityGroup
    Properties:
      GroupDescription: ""SG without Internet ingress""
      VpcId: ""<example_resource_id>""
      SecurityGroupIngress: []  # Critical: no 0.0.0.0/0 or ::/0 inbound; denies all inbound
```";"```hcl
# Security group with no Internet-open ingress
resource ""aws_security_group"" ""<example_resource_name>"" {
  name   = ""<example_resource_name>""
  vpc_id = ""<example_resource_id>""
  # Critical: no ingress blocks -> prevents 0.0.0.0/0 or ::/0 inbound
}
```";;"1. In the AWS console, go to EC2 > Security Groups
2. Select the affected security group
3. Open Inbound rules > Edit inbound rules
4. Delete any rule with Source 0.0.0.0/0 or ::/0
5. Save rules";SOC2: cc_6_6 | KISA-ISMS-P-2023: 2.6.1, 2.6.2, 2.6.4, 2.6.6, 2.10.2 | C5-2025: PI-01.01AC | KISA-ISMS-P-2023-korean: 2.6.1, 2.6.2, 2.6.4, 2.6.6, 2.10.2 | PCI-4.0: 1.2.5.17, 1.2.8.41, 1.3.1.45, 1.3.2.45, 1.4.2.43, 1.5.1.40, 2.2.5.17, A1.1.3.40 | SecNumCloud-3.2: 9.6, 13.2 | ISO27001-2022: A.8.20, A.8.21, A.8.22 | FedRAMP-20x-KSI-Low-25.05C: ksi-cna;internet-exposed;;;;5.40.0;https://docs.aws.amazon.com/vpc/latest/userguide/VPC_SecurityGroups.html | https://support.icompaas.com/support/solutions/articles/62000234274-5-3-ensure-no-security-groups-allow-ingress-from-0-0-0-0-0-to-remote-server-administration-ports-aut;;
profile: None;2026-09-01 14:23:41.589109;128529977749;;;;;;prowler-aws-ec2_securitygroup_allow_ingress_from_internet_to_any_port-128529977749-eu-north-1-sg-0ae6dc99a169add31;aws;ec2_securitygroup_allow_ingress_from_internet_to_any_port;Security group has no 0.0.0.0/0 or ::/0 ingress to any port, or is attached only to allowed interface types or instance owners;Software and Configuration Checks/AWS Security Best Practices/Network Reachability | Software and Configuration Checks/Industry and Regulatory Standards/AWS Foundational Security Best Practices | Software and Configuration Checks/Industry and Regulatory Standards/CIS AWS Foundations Benchmark | TTPs/Initial Access;PASS;Security group ce-capstone-alb-20260831143450720000000006 (sg-0ae6dc99a169add31) has at least one port open to the Internet and it is attached to an allowed network interface instance owner (amazon-elb).;False;ec2;;high;AwsEc2SecurityGroup;arn:aws:ec2:eu-north-1:128529977749:security-group/sg-0ae6dc99a169add31;sg-0ae6dc99a169add31;ce-capstone-alb-20260831143450720000000006;Environment=prod | Owner=OWNER | ManagedBy=terraform | Name=ce-capstone-alb-sg | Project=ce-capstone;aws;eu-north-1;**EC2 security groups** with **internet-sourced ingress** from `0.0.0.0/0` or `::/0` to any port, and their attachments, are evaluated. Groups linked to network interfaces or instance owners outside an approved list for public exposure are identified.;Open ingress to any port on non-approved interfaces enables external scanning, brute force, and exploitation of unintended services. This threatens **confidentiality** (unauthorized access), **integrity** (tampering), and **availability** (DoS), and facilitates **lateral movement**.;;"Apply **least privilege**: restrict ingress to required ports and trusted sources; avoid `0.0.0.0/0` and `::/0` except for managed public endpoints. Place workloads behind **load balancers**, **API gateways**, or **WAFs**; use **private networking**. Allow public rules only on approved interface types.";https://hub.prowler.com/check/ec2_securitygroup_allow_ingress_from_internet_to_any_port;"```yaml
# CloudFormation: security group without Internet-open ingress
Resources:
  <example_resource_name>:
    Type: AWS::EC2::SecurityGroup
    Properties:
      GroupDescription: ""SG without Internet ingress""
      VpcId: ""<example_resource_id>""
      SecurityGroupIngress: []  # Critical: no 0.0.0.0/0 or ::/0 inbound; denies all inbound
```";"```hcl
# Security group with no Internet-open ingress
resource ""aws_security_group"" ""<example_resource_name>"" {
  name   = ""<example_resource_name>""
  vpc_id = ""<example_resource_id>""
  # Critical: no ingress blocks -> prevents 0.0.0.0/0 or ::/0 inbound
}
```";;"1. In the AWS console, go to EC2 > Security Groups
2. Select the affected security group
3. Open Inbound rules > Edit inbound rules
4. Delete any rule with Source 0.0.0.0/0 or ::/0
5. Save rules";SOC2: cc_6_6 | KISA-ISMS-P-2023: 2.6.1, 2.6.2, 2.6.4, 2.6.6, 2.10.2 | C5-2025: PI-01.01AC | KISA-ISMS-P-2023-korean: 2.6.1, 2.6.2, 2.6.4, 2.6.6, 2.10.2 | PCI-4.0: 1.2.5.17, 1.2.8.41, 1.3.1.45, 1.3.2.45, 1.4.2.43, 1.5.1.40, 2.2.5.17, A1.1.3.40 | SecNumCloud-3.2: 9.6, 13.2 | ISO27001-2022: A.8.20, A.8.21, A.8.22 | FedRAMP-20x-KSI-Low-25.05C: ksi-cna;internet-exposed;;;;5.40.0;https://docs.aws.amazon.com/vpc/latest/userguide/VPC_SecurityGroups.html | https://support.icompaas.com/support/solutions/articles/62000234274-5-3-ensure-no-security-groups-allow-ingress-from-0-0-0-0-0-to-remote-server-administration-ports-aut;;
profile: None;2026-09-01 14:23:41.589109;128529977749;;;;;;prowler-aws-ec2_securitygroup_allow_ingress_from_internet_to_any_port-128529977749-eu-north-1-sg-0f559018c82176a2b;aws;ec2_securitygroup_allow_ingress_from_internet_to_any_port;Security group has no 0.0.0.0/0 or ::/0 ingress to any port, or is attached only to allowed interface types or instance owners;Software and Configuration Checks/AWS Security Best Practices/Network Reachability | Software and Configuration Checks/Industry and Regulatory Standards/AWS Foundational Security Best Practices | Software and Configuration Checks/Industry and Regulatory Standards/CIS AWS Foundations Benchmark | TTPs/Initial Access;PASS;Security group ce-capstone-nat-20260831143450716100000005 (sg-0f559018c82176a2b) does not have any port open to the Internet.;False;ec2;;high;AwsEc2SecurityGroup;arn:aws:ec2:eu-north-1:128529977749:security-group/sg-0f559018c82176a2b;sg-0f559018c82176a2b;ce-capstone-nat-20260831143450716100000005;ManagedBy=terraform | Name=ce-capstone-nat-sg | Project=ce-capstone | Environment=prod | Owner=OWNER;aws;eu-north-1;**EC2 security groups** with **internet-sourced ingress** from `0.0.0.0/0` or `::/0` to any port, and their attachments, are evaluated. Groups linked to network interfaces or instance owners outside an approved list for public exposure are identified.;Open ingress to any port on non-approved interfaces enables external scanning, brute force, and exploitation of unintended services. This threatens **confidentiality** (unauthorized access), **integrity** (tampering), and **availability** (DoS), and facilitates **lateral movement**.;;"Apply **least privilege**: restrict ingress to required ports and trusted sources; avoid `0.0.0.0/0` and `::/0` except for managed public endpoints. Place workloads behind **load balancers**, **API gateways**, or **WAFs**; use **private networking**. Allow public rules only on approved interface types.";https://hub.prowler.com/check/ec2_securitygroup_allow_ingress_from_internet_to_any_port;"```yaml
# CloudFormation: security group without Internet-open ingress
Resources:
  <example_resource_name>:
    Type: AWS::EC2::SecurityGroup
    Properties:
      GroupDescription: ""SG without Internet ingress""
      VpcId: ""<example_resource_id>""
      SecurityGroupIngress: []  # Critical: no 0.0.0.0/0 or ::/0 inbound; denies all inbound
```";"```hcl
# Security group with no Internet-open ingress
resource ""aws_security_group"" ""<example_resource_name>"" {
  name   = ""<example_resource_name>""
  vpc_id = ""<example_resource_id>""
  # Critical: no ingress blocks -> prevents 0.0.0.0/0 or ::/0 inbound
}
```";;"1. In the AWS console, go to EC2 > Security Groups
2. Select the affected security group
3. Open Inbound rules > Edit inbound rules
4. Delete any rule with Source 0.0.0.0/0 or ::/0
5. Save rules";SOC2: cc_6_6 | KISA-ISMS-P-2023: 2.6.1, 2.6.2, 2.6.4, 2.6.6, 2.10.2 | C5-2025: PI-01.01AC | KISA-ISMS-P-2023-korean: 2.6.1, 2.6.2, 2.6.4, 2.6.6, 2.10.2 | PCI-4.0: 1.2.5.17, 1.2.8.41, 1.3.1.45, 1.3.2.45, 1.4.2.43, 1.5.1.40, 2.2.5.17, A1.1.3.40 | SecNumCloud-3.2: 9.6, 13.2 | ISO27001-2022: A.8.20, A.8.21, A.8.22 | FedRAMP-20x-KSI-Low-25.05C: ksi-cna;internet-exposed;;;;5.40.0;https://docs.aws.amazon.com/vpc/latest/userguide/VPC_SecurityGroups.html | https://support.icompaas.com/support/solutions/articles/62000234274-5-3-ensure-no-security-groups-allow-ingress-from-0-0-0-0-0-to-remote-server-administration-ports-aut;;
profile: None;2026-09-01 14:23:41.589109;128529977749;;;;;;prowler-aws-ec2_securitygroup_allow_ingress_from_internet_to_any_port_from_ip-128529977749-eu-north-1-sg-004d1060824dafc6d;aws;ec2_securitygroup_allow_ingress_from_internet_to_any_port_from_ip;Security group does not have any port open to a specific public IP address;Software and Configuration Checks/AWS Security Best Practices/Network Reachability | TTPs/Initial Access;PASS;Security group ce-capstone-app-20260831143453433000000008 (sg-004d1060824dafc6d) does not have any port open to a public IP address.;False;ec2;;medium;AwsEc2SecurityGroup;arn:aws:ec2:eu-north-1:128529977749:security-group/sg-004d1060824dafc6d;sg-004d1060824dafc6d;ce-capstone-app-20260831143453433000000008;Name=ce-capstone-app-sg | Project=ce-capstone | Environment=prod | ManagedBy=terraform | Owner=OWNER;aws;eu-north-1;EC2 security groups with inbound rules allowing traffic from specific globally routable IP addresses to any port or protocol. Wildcard CIDRs (0.0.0.0/0 and ::/0) are excluded as they are covered by the related checks. This targets cases where developers add personal or third-party IPs directly to security groups.;Ingress rules with specific public IPs can become stale when personnel change or access requirements expire. An attacker with compromised AWS credentials could also add narrow IP rules to gain access on any port, bypassing checks that only look for 0.0.0.0/0 or ::/0.;;Review all security group rules with specific public IP sources. Remove stale entries for former employees or expired access. Use VPN, AWS Systems Manager Session Manager, or AWS Client VPN instead of direct IP-based access. For third-party integrations, use VPC endpoints or AWS PrivateLink where possible.;https://hub.prowler.com/check/ec2_securitygroup_allow_ingress_from_internet_to_any_port_from_ip;"```yaml
# CloudFormation: security group without public IP ingress
Resources:
  <example_resource_name>:
    Type: AWS::EC2::SecurityGroup
    Properties:
      GroupDescription: ""SG without public IP ingress""
      VpcId: ""<example_resource_id>""
      SecurityGroupIngress: []  # No inbound rules with public IPs
```";"```hcl
# Security group with no public IP ingress
resource ""aws_security_group"" ""<example_resource_name>"" {
  name   = ""<example_resource_name>""
  vpc_id = ""<example_resource_id>""
  # No ingress blocks with public IP CIDRs
}
```";;"1. In the AWS Console, go to EC2 > Security Groups
2. Select the affected security group
3. Open the Inbound rules tab and click Edit inbound rules
4. Remove or restrict any rule with a Source that is a public IP address
5. Click Save rules";;internet-exposed;;ec2_securitygroup_allow_ingress_from_internet_to_all_ports | ec2_securitygroup_allow_ingress_from_internet_to_any_port;;5.40.0;https://docs.aws.amazon.com/vpc/latest/userguide/VPC_SecurityGroups.html;;
profile: None;2026-09-01 14:23:41.589109;128529977749;;;;;;prowler-aws-ec2_securitygroup_allow_ingress_from_internet_to_any_port_from_ip-128529977749-eu-north-1-sg-0ab21fe0bf7823fec;aws;ec2_securitygroup_allow_ingress_from_internet_to_any_port_from_ip;Security group does not have any port open to a specific public IP address;Software and Configuration Checks/AWS Security Best Practices/Network Reachability | TTPs/Initial Access;PASS;Security group ce-capstone-db-20260831143455943400000009 (sg-0ab21fe0bf7823fec) does not have any port open to a public IP address.;False;ec2;;medium;AwsEc2SecurityGroup;arn:aws:ec2:eu-north-1:128529977749:security-group/sg-0ab21fe0bf7823fec;sg-0ab21fe0bf7823fec;ce-capstone-db-20260831143455943400000009;Owner=OWNER | Environment=prod | Project=ce-capstone | Name=ce-capstone-db-sg | ManagedBy=terraform;aws;eu-north-1;EC2 security groups with inbound rules allowing traffic from specific globally routable IP addresses to any port or protocol. Wildcard CIDRs (0.0.0.0/0 and ::/0) are excluded as they are covered by the related checks. This targets cases where developers add personal or third-party IPs directly to security groups.;Ingress rules with specific public IPs can become stale when personnel change or access requirements expire. An attacker with compromised AWS credentials could also add narrow IP rules to gain access on any port, bypassing checks that only look for 0.0.0.0/0 or ::/0.;;Review all security group rules with specific public IP sources. Remove stale entries for former employees or expired access. Use VPN, AWS Systems Manager Session Manager, or AWS Client VPN instead of direct IP-based access. For third-party integrations, use VPC endpoints or AWS PrivateLink where possible.;https://hub.prowler.com/check/ec2_securitygroup_allow_ingress_from_internet_to_any_port_from_ip;"```yaml
# CloudFormation: security group without public IP ingress
Resources:
  <example_resource_name>:
    Type: AWS::EC2::SecurityGroup
    Properties:
      GroupDescription: ""SG without public IP ingress""
      VpcId: ""<example_resource_id>""
      SecurityGroupIngress: []  # No inbound rules with public IPs
```";"```hcl
# Security group with no public IP ingress
resource ""aws_security_group"" ""<example_resource_name>"" {
  name   = ""<example_resource_name>""
  vpc_id = ""<example_resource_id>""
  # No ingress blocks with public IP CIDRs
}
```";;"1. In the AWS Console, go to EC2 > Security Groups
2. Select the affected security group
3. Open the Inbound rules tab and click Edit inbound rules
4. Remove or restrict any rule with a Source that is a public IP address
5. Click Save rules";;internet-exposed;;ec2_securitygroup_allow_ingress_from_internet_to_all_ports | ec2_securitygroup_allow_ingress_from_internet_to_any_port;;5.40.0;https://docs.aws.amazon.com/vpc/latest/userguide/VPC_SecurityGroups.html;;
profile: None;2026-09-01 14:23:41.589109;128529977749;;;;;;prowler-aws-ec2_securitygroup_allow_ingress_from_internet_to_any_port_from_ip-128529977749-eu-north-1-sg-0ae6dc99a169add31;aws;ec2_securitygroup_allow_ingress_from_internet_to_any_port_from_ip;Security group does not have any port open to a specific public IP address;Software and Configuration Checks/AWS Security Best Practices/Network Reachability | TTPs/Initial Access;PASS;Security group ce-capstone-alb-20260831143450720000000006 (sg-0ae6dc99a169add31) does not have any port open to a public IP address.;False;ec2;;medium;AwsEc2SecurityGroup;arn:aws:ec2:eu-north-1:128529977749:security-group/sg-0ae6dc99a169add31;sg-0ae6dc99a169add31;ce-capstone-alb-20260831143450720000000006;Environment=prod | Owner=OWNER | ManagedBy=terraform | Name=ce-capstone-alb-sg | Project=ce-capstone;aws;eu-north-1;EC2 security groups with inbound rules allowing traffic from specific globally routable IP addresses to any port or protocol. Wildcard CIDRs (0.0.0.0/0 and ::/0) are excluded as they are covered by the related checks. This targets cases where developers add personal or third-party IPs directly to security groups.;Ingress rules with specific public IPs can become stale when personnel change or access requirements expire. An attacker with compromised AWS credentials could also add narrow IP rules to gain access on any port, bypassing checks that only look for 0.0.0.0/0 or ::/0.;;Review all security group rules with specific public IP sources. Remove stale entries for former employees or expired access. Use VPN, AWS Systems Manager Session Manager, or AWS Client VPN instead of direct IP-based access. For third-party integrations, use VPC endpoints or AWS PrivateLink where possible.;https://hub.prowler.com/check/ec2_securitygroup_allow_ingress_from_internet_to_any_port_from_ip;"```yaml
# CloudFormation: security group without public IP ingress
Resources:
  <example_resource_name>:
    Type: AWS::EC2::SecurityGroup
    Properties:
      GroupDescription: ""SG without public IP ingress""
      VpcId: ""<example_resource_id>""
      SecurityGroupIngress: []  # No inbound rules with public IPs
```";"```hcl
# Security group with no public IP ingress
resource ""aws_security_group"" ""<example_resource_name>"" {
  name   = ""<example_resource_name>""
  vpc_id = ""<example_resource_id>""
  # No ingress blocks with public IP CIDRs
}
```";;"1. In the AWS Console, go to EC2 > Security Groups
2. Select the affected security group
3. Open the Inbound rules tab and click Edit inbound rules
4. Remove or restrict any rule with a Source that is a public IP address
5. Click Save rules";;internet-exposed;;ec2_securitygroup_allow_ingress_from_internet_to_all_ports | ec2_securitygroup_allow_ingress_from_internet_to_any_port;;5.40.0;https://docs.aws.amazon.com/vpc/latest/userguide/VPC_SecurityGroups.html;;
profile: None;2026-09-01 14:23:41.589109;128529977749;;;;;;prowler-aws-ec2_securitygroup_allow_ingress_from_internet_to_any_port_from_ip-128529977749-eu-north-1-sg-0f559018c82176a2b;aws;ec2_securitygroup_allow_ingress_from_internet_to_any_port_from_ip;Security group does not have any port open to a specific public IP address;Software and Configuration Checks/AWS Security Best Practices/Network Reachability | TTPs/Initial Access;PASS;Security group ce-capstone-nat-20260831143450716100000005 (sg-0f559018c82176a2b) does not have any port open to a public IP address.;False;ec2;;medium;AwsEc2SecurityGroup;arn:aws:ec2:eu-north-1:128529977749:security-group/sg-0f559018c82176a2b;sg-0f559018c82176a2b;ce-capstone-nat-20260831143450716100000005;ManagedBy=terraform | Name=ce-capstone-nat-sg | Project=ce-capstone | Environment=prod | Owner=OWNER;aws;eu-north-1;EC2 security groups with inbound rules allowing traffic from specific globally routable IP addresses to any port or protocol. Wildcard CIDRs (0.0.0.0/0 and ::/0) are excluded as they are covered by the related checks. This targets cases where developers add personal or third-party IPs directly to security groups.;Ingress rules with specific public IPs can become stale when personnel change or access requirements expire. An attacker with compromised AWS credentials could also add narrow IP rules to gain access on any port, bypassing checks that only look for 0.0.0.0/0 or ::/0.;;Review all security group rules with specific public IP sources. Remove stale entries for former employees or expired access. Use VPN, AWS Systems Manager Session Manager, or AWS Client VPN instead of direct IP-based access. For third-party integrations, use VPC endpoints or AWS PrivateLink where possible.;https://hub.prowler.com/check/ec2_securitygroup_allow_ingress_from_internet_to_any_port_from_ip;"```yaml
# CloudFormation: security group without public IP ingress
Resources:
  <example_resource_name>:
    Type: AWS::EC2::SecurityGroup
    Properties:
      GroupDescription: ""SG without public IP ingress""
      VpcId: ""<example_resource_id>""
      SecurityGroupIngress: []  # No inbound rules with public IPs
```";"```hcl
# Security group with no public IP ingress
resource ""aws_security_group"" ""<example_resource_name>"" {
  name   = ""<example_resource_name>""
  vpc_id = ""<example_resource_id>""
  # No ingress blocks with public IP CIDRs
}
```";;"1. In the AWS Console, go to EC2 > Security Groups
2. Select the affected security group
3. Open the Inbound rules tab and click Edit inbound rules
4. Remove or restrict any rule with a Source that is a public IP address
5. Click Save rules";;internet-exposed;;ec2_securitygroup_allow_ingress_from_internet_to_all_ports | ec2_securitygroup_allow_ingress_from_internet_to_any_port;;5.40.0;https://docs.aws.amazon.com/vpc/latest/userguide/VPC_SecurityGroups.html;;
profile: None;2026-09-01 14:23:41.589109;128529977749;;;;;;prowler-aws-ec2_securitygroup_allow_ingress_from_internet_to_high_risk_tcp_ports-128529977749-eu-north-1-sg-004d1060824dafc6d;aws;ec2_securitygroup_allow_ingress_from_internet_to_high_risk_tcp_ports;Security group does not allow ingress from 0.0.0.0/0 or ::/0 to high-risk TCP ports;Software and Configuration Checks/AWS Security Best Practices/Network Reachability | Software and Configuration Checks/Industry and Regulatory Standards/AWS Foundational Security Best Practices | Software and Configuration Checks/Industry and Regulatory Standards/CIS AWS Foundations Benchmark | TTPs/Initial Access/Unauthorized Access;PASS;Security group ce-capstone-app-20260831143453433000000008 (sg-004d1060824dafc6d) does not have any high-risk port open to the Internet.;False;ec2;;high;AwsEc2SecurityGroup;arn:aws:ec2:eu-north-1:128529977749:security-group/sg-004d1060824dafc6d;sg-004d1060824dafc6d;ce-capstone-app-20260831143453433000000008;Name=ce-capstone-app-sg | Project=ce-capstone | Environment=prod | ManagedBy=terraform | Owner=OWNER;aws;eu-north-1;"**EC2 security groups** are assessed for inbound rules that allow Internet sources (`0.0.0.0/0` or `::/0`) to **high-risk TCP ports**: `25, 110, 135, 143, 445, 3000, 4333, 5000, 5500, 8080, 8088`.

Findings highlight groups exposing any of these ports to the public network.";"Public exposure of these ports enables:
- **RCE** via SMB/RPC and weak admin consoles (`445`, `135`, `3000`, `5000`, `8080`)
- **Credential theft/data leakage** via mail protocols (`25`, `110`, `143`)
- **Spam relay** on `25`
Impacts: **confidentiality**, **integrity**, and **availability** through exploitation and mass scanning.";;"Restrict these ports using **least privilege**:
- Deny Internet ingress; allow only trusted CIDRs or private connectivity
- Place services behind **VPN**, **bastion**, or **proxies/WAF**; prefer **private endpoints**
- Disable unnecessary services; require auth and TLS on exposed apps
Apply **defense in depth** with security groups and network ACLs.";https://hub.prowler.com/check/ec2_securitygroup_allow_ingress_from_internet_to_high_risk_tcp_ports;"```yaml
# CloudFormation: restrict high-risk TCP port from Internet
Resources:
  ExampleSecurityGroup:
    Type: AWS::EC2::SecurityGroup
    Properties:
      GroupDescription: Restrict high-risk TCP port
      VpcId: <example_resource_id>
      SecurityGroupIngress:
        - IpProtocol: tcp
          FromPort: 8080
          ToPort: 8080
          CidrIp: 10.0.0.0/8  # CRITICAL: do not use 0.0.0.0/0 or ::/0; restrict source to non-Internet to pass the check
```";"```hcl
# Terraform: restrict high-risk TCP port from Internet
resource ""aws_security_group"" ""example"" {
  vpc_id = ""<example_resource_id>""

  ingress {
    from_port   = 8080
    to_port     = 8080
    protocol    = ""tcp""
    cidr_blocks = [""10.0.0.0/8""] # CRITICAL: do not use 0.0.0.0/0 or ::/0; restrict source to non-Internet to pass the check
  }
}
```";;"1. In the AWS console, go to EC2 > Network & Security > Security Groups
2. Select the security group in the finding and click Inbound rules > Edit inbound rules
3. For each high-risk TCP port (25, 110, 135, 143, 445, 3000, 4333, 5000, 5500, 8080, 8088) with Source 0.0.0.0/0 or ::/0, delete the rule or change Source to a specific trusted CIDR (for example, your VPC CIDR)
4. Save rules";SOC2: cc_6_6 | AWS-Foundational-Security-Best-Practices: EC2.19 | KISA-ISMS-P-2023: 2.6.1, 2.6.2, 2.6.4, 2.6.6, 2.10.2 | C5-2025: OIS-05.03B, PI-01.01AC | KISA-ISMS-P-2023-korean: 2.6.1, 2.6.2, 2.6.4, 2.6.6, 2.10.2 | NIST-CSF-2.0: ac_5 | SecNumCloud-3.2: 13.2 | ProwlerThreatScore-1.0: 2.1.7 | ISO27001-2022: A.8.20, A.8.21, A.8.22;internet-exposed;;;;5.40.0;https://docs.aws.amazon.com/vpc/latest/userguide/VPC_SecurityGroups.html | https://support.icompaas.com/support/solutions/articles/62000234274-5-3-ensure-no-security-groups-allow-ingress-from-0-0-0-0-0-to-remote-server-administration-ports-aut;;
profile: None;2026-09-01 14:23:41.589109;128529977749;;;;;;prowler-aws-ec2_securitygroup_allow_ingress_from_internet_to_high_risk_tcp_ports-128529977749-eu-north-1-sg-0ab21fe0bf7823fec;aws;ec2_securitygroup_allow_ingress_from_internet_to_high_risk_tcp_ports;Security group does not allow ingress from 0.0.0.0/0 or ::/0 to high-risk TCP ports;Software and Configuration Checks/AWS Security Best Practices/Network Reachability | Software and Configuration Checks/Industry and Regulatory Standards/AWS Foundational Security Best Practices | Software and Configuration Checks/Industry and Regulatory Standards/CIS AWS Foundations Benchmark | TTPs/Initial Access/Unauthorized Access;PASS;Security group ce-capstone-db-20260831143455943400000009 (sg-0ab21fe0bf7823fec) does not have any high-risk port open to the Internet.;False;ec2;;high;AwsEc2SecurityGroup;arn:aws:ec2:eu-north-1:128529977749:security-group/sg-0ab21fe0bf7823fec;sg-0ab21fe0bf7823fec;ce-capstone-db-20260831143455943400000009;Owner=OWNER | Environment=prod | Project=ce-capstone | Name=ce-capstone-db-sg | ManagedBy=terraform;aws;eu-north-1;"**EC2 security groups** are assessed for inbound rules that allow Internet sources (`0.0.0.0/0` or `::/0`) to **high-risk TCP ports**: `25, 110, 135, 143, 445, 3000, 4333, 5000, 5500, 8080, 8088`.

Findings highlight groups exposing any of these ports to the public network.";"Public exposure of these ports enables:
- **RCE** via SMB/RPC and weak admin consoles (`445`, `135`, `3000`, `5000`, `8080`)
- **Credential theft/data leakage** via mail protocols (`25`, `110`, `143`)
- **Spam relay** on `25`
Impacts: **confidentiality**, **integrity**, and **availability** through exploitation and mass scanning.";;"Restrict these ports using **least privilege**:
- Deny Internet ingress; allow only trusted CIDRs or private connectivity
- Place services behind **VPN**, **bastion**, or **proxies/WAF**; prefer **private endpoints**
- Disable unnecessary services; require auth and TLS on exposed apps
Apply **defense in depth** with security groups and network ACLs.";https://hub.prowler.com/check/ec2_securitygroup_allow_ingress_from_internet_to_high_risk_tcp_ports;"```yaml
# CloudFormation: restrict high-risk TCP port from Internet
Resources:
  ExampleSecurityGroup:
    Type: AWS::EC2::SecurityGroup
    Properties:
      GroupDescription: Restrict high-risk TCP port
      VpcId: <example_resource_id>
      SecurityGroupIngress:
        - IpProtocol: tcp
          FromPort: 8080
          ToPort: 8080
          CidrIp: 10.0.0.0/8  # CRITICAL: do not use 0.0.0.0/0 or ::/0; restrict source to non-Internet to pass the check
```";"```hcl
# Terraform: restrict high-risk TCP port from Internet
resource ""aws_security_group"" ""example"" {
  vpc_id = ""<example_resource_id>""

  ingress {
    from_port   = 8080
    to_port     = 8080
    protocol    = ""tcp""
    cidr_blocks = [""10.0.0.0/8""] # CRITICAL: do not use 0.0.0.0/0 or ::/0; restrict source to non-Internet to pass the check
  }
}
```";;"1. In the AWS console, go to EC2 > Network & Security > Security Groups
2. Select the security group in the finding and click Inbound rules > Edit inbound rules
3. For each high-risk TCP port (25, 110, 135, 143, 445, 3000, 4333, 5000, 5500, 8080, 8088) with Source 0.0.0.0/0 or ::/0, delete the rule or change Source to a specific trusted CIDR (for example, your VPC CIDR)
4. Save rules";SOC2: cc_6_6 | AWS-Foundational-Security-Best-Practices: EC2.19 | KISA-ISMS-P-2023: 2.6.1, 2.6.2, 2.6.4, 2.6.6, 2.10.2 | C5-2025: OIS-05.03B, PI-01.01AC | KISA-ISMS-P-2023-korean: 2.6.1, 2.6.2, 2.6.4, 2.6.6, 2.10.2 | NIST-CSF-2.0: ac_5 | SecNumCloud-3.2: 13.2 | ProwlerThreatScore-1.0: 2.1.7 | ISO27001-2022: A.8.20, A.8.21, A.8.22;internet-exposed;;;;5.40.0;https://docs.aws.amazon.com/vpc/latest/userguide/VPC_SecurityGroups.html | https://support.icompaas.com/support/solutions/articles/62000234274-5-3-ensure-no-security-groups-allow-ingress-from-0-0-0-0-0-to-remote-server-administration-ports-aut;;
profile: None;2026-09-01 14:23:41.589109;128529977749;;;;;;prowler-aws-ec2_securitygroup_allow_ingress_from_internet_to_high_risk_tcp_ports-128529977749-eu-north-1-sg-0ae6dc99a169add31;aws;ec2_securitygroup_allow_ingress_from_internet_to_high_risk_tcp_ports;Security group does not allow ingress from 0.0.0.0/0 or ::/0 to high-risk TCP ports;Software and Configuration Checks/AWS Security Best Practices/Network Reachability | Software and Configuration Checks/Industry and Regulatory Standards/AWS Foundational Security Best Practices | Software and Configuration Checks/Industry and Regulatory Standards/CIS AWS Foundations Benchmark | TTPs/Initial Access/Unauthorized Access;PASS;Security group ce-capstone-alb-20260831143450720000000006 (sg-0ae6dc99a169add31) does not have any high-risk port open to the Internet.;False;ec2;;high;AwsEc2SecurityGroup;arn:aws:ec2:eu-north-1:128529977749:security-group/sg-0ae6dc99a169add31;sg-0ae6dc99a169add31;ce-capstone-alb-20260831143450720000000006;Environment=prod | Owner=OWNER | ManagedBy=terraform | Name=ce-capstone-alb-sg | Project=ce-capstone;aws;eu-north-1;"**EC2 security groups** are assessed for inbound rules that allow Internet sources (`0.0.0.0/0` or `::/0`) to **high-risk TCP ports**: `25, 110, 135, 143, 445, 3000, 4333, 5000, 5500, 8080, 8088`.

Findings highlight groups exposing any of these ports to the public network.";"Public exposure of these ports enables:
- **RCE** via SMB/RPC and weak admin consoles (`445`, `135`, `3000`, `5000`, `8080`)
- **Credential theft/data leakage** via mail protocols (`25`, `110`, `143`)
- **Spam relay** on `25`
Impacts: **confidentiality**, **integrity**, and **availability** through exploitation and mass scanning.";;"Restrict these ports using **least privilege**:
- Deny Internet ingress; allow only trusted CIDRs or private connectivity
- Place services behind **VPN**, **bastion**, or **proxies/WAF**; prefer **private endpoints**
- Disable unnecessary services; require auth and TLS on exposed apps
Apply **defense in depth** with security groups and network ACLs.";https://hub.prowler.com/check/ec2_securitygroup_allow_ingress_from_internet_to_high_risk_tcp_ports;"```yaml
# CloudFormation: restrict high-risk TCP port from Internet
Resources:
  ExampleSecurityGroup:
    Type: AWS::EC2::SecurityGroup
    Properties:
      GroupDescription: Restrict high-risk TCP port
      VpcId: <example_resource_id>
      SecurityGroupIngress:
        - IpProtocol: tcp
          FromPort: 8080
          ToPort: 8080
          CidrIp: 10.0.0.0/8  # CRITICAL: do not use 0.0.0.0/0 or ::/0; restrict source to non-Internet to pass the check
```";"```hcl
# Terraform: restrict high-risk TCP port from Internet
resource ""aws_security_group"" ""example"" {
  vpc_id = ""<example_resource_id>""

  ingress {
    from_port   = 8080
    to_port     = 8080
    protocol    = ""tcp""
    cidr_blocks = [""10.0.0.0/8""] # CRITICAL: do not use 0.0.0.0/0 or ::/0; restrict source to non-Internet to pass the check
  }
}
```";;"1. In the AWS console, go to EC2 > Network & Security > Security Groups
2. Select the security group in the finding and click Inbound rules > Edit inbound rules
3. For each high-risk TCP port (25, 110, 135, 143, 445, 3000, 4333, 5000, 5500, 8080, 8088) with Source 0.0.0.0/0 or ::/0, delete the rule or change Source to a specific trusted CIDR (for example, your VPC CIDR)
4. Save rules";SOC2: cc_6_6 | AWS-Foundational-Security-Best-Practices: EC2.19 | KISA-ISMS-P-2023: 2.6.1, 2.6.2, 2.6.4, 2.6.6, 2.10.2 | C5-2025: OIS-05.03B, PI-01.01AC | KISA-ISMS-P-2023-korean: 2.6.1, 2.6.2, 2.6.4, 2.6.6, 2.10.2 | NIST-CSF-2.0: ac_5 | SecNumCloud-3.2: 13.2 | ProwlerThreatScore-1.0: 2.1.7 | ISO27001-2022: A.8.20, A.8.21, A.8.22;internet-exposed;;;;5.40.0;https://docs.aws.amazon.com/vpc/latest/userguide/VPC_SecurityGroups.html | https://support.icompaas.com/support/solutions/articles/62000234274-5-3-ensure-no-security-groups-allow-ingress-from-0-0-0-0-0-to-remote-server-administration-ports-aut;;
profile: None;2026-09-01 14:23:41.589109;128529977749;;;;;;prowler-aws-ec2_securitygroup_allow_ingress_from_internet_to_high_risk_tcp_ports-128529977749-eu-north-1-sg-0f559018c82176a2b;aws;ec2_securitygroup_allow_ingress_from_internet_to_high_risk_tcp_ports;Security group does not allow ingress from 0.0.0.0/0 or ::/0 to high-risk TCP ports;Software and Configuration Checks/AWS Security Best Practices/Network Reachability | Software and Configuration Checks/Industry and Regulatory Standards/AWS Foundational Security Best Practices | Software and Configuration Checks/Industry and Regulatory Standards/CIS AWS Foundations Benchmark | TTPs/Initial Access/Unauthorized Access;PASS;Security group ce-capstone-nat-20260831143450716100000005 (sg-0f559018c82176a2b) does not have any high-risk port open to the Internet.;False;ec2;;high;AwsEc2SecurityGroup;arn:aws:ec2:eu-north-1:128529977749:security-group/sg-0f559018c82176a2b;sg-0f559018c82176a2b;ce-capstone-nat-20260831143450716100000005;ManagedBy=terraform | Name=ce-capstone-nat-sg | Project=ce-capstone | Environment=prod | Owner=OWNER;aws;eu-north-1;"**EC2 security groups** are assessed for inbound rules that allow Internet sources (`0.0.0.0/0` or `::/0`) to **high-risk TCP ports**: `25, 110, 135, 143, 445, 3000, 4333, 5000, 5500, 8080, 8088`.

Findings highlight groups exposing any of these ports to the public network.";"Public exposure of these ports enables:
- **RCE** via SMB/RPC and weak admin consoles (`445`, `135`, `3000`, `5000`, `8080`)
- **Credential theft/data leakage** via mail protocols (`25`, `110`, `143`)
- **Spam relay** on `25`
Impacts: **confidentiality**, **integrity**, and **availability** through exploitation and mass scanning.";;"Restrict these ports using **least privilege**:
- Deny Internet ingress; allow only trusted CIDRs or private connectivity
- Place services behind **VPN**, **bastion**, or **proxies/WAF**; prefer **private endpoints**
- Disable unnecessary services; require auth and TLS on exposed apps
Apply **defense in depth** with security groups and network ACLs.";https://hub.prowler.com/check/ec2_securitygroup_allow_ingress_from_internet_to_high_risk_tcp_ports;"```yaml
# CloudFormation: restrict high-risk TCP port from Internet
Resources:
  ExampleSecurityGroup:
    Type: AWS::EC2::SecurityGroup
    Properties:
      GroupDescription: Restrict high-risk TCP port
      VpcId: <example_resource_id>
      SecurityGroupIngress:
        - IpProtocol: tcp
          FromPort: 8080
          ToPort: 8080
          CidrIp: 10.0.0.0/8  # CRITICAL: do not use 0.0.0.0/0 or ::/0; restrict source to non-Internet to pass the check
```";"```hcl
# Terraform: restrict high-risk TCP port from Internet
resource ""aws_security_group"" ""example"" {
  vpc_id = ""<example_resource_id>""

  ingress {
    from_port   = 8080
    to_port     = 8080
    protocol    = ""tcp""
    cidr_blocks = [""10.0.0.0/8""] # CRITICAL: do not use 0.0.0.0/0 or ::/0; restrict source to non-Internet to pass the check
  }
}
```";;"1. In the AWS console, go to EC2 > Network & Security > Security Groups
2. Select the security group in the finding and click Inbound rules > Edit inbound rules
3. For each high-risk TCP port (25, 110, 135, 143, 445, 3000, 4333, 5000, 5500, 8080, 8088) with Source 0.0.0.0/0 or ::/0, delete the rule or change Source to a specific trusted CIDR (for example, your VPC CIDR)
4. Save rules";SOC2: cc_6_6 | AWS-Foundational-Security-Best-Practices: EC2.19 | KISA-ISMS-P-2023: 2.6.1, 2.6.2, 2.6.4, 2.6.6, 2.10.2 | C5-2025: OIS-05.03B, PI-01.01AC | KISA-ISMS-P-2023-korean: 2.6.1, 2.6.2, 2.6.4, 2.6.6, 2.10.2 | NIST-CSF-2.0: ac_5 | SecNumCloud-3.2: 13.2 | ProwlerThreatScore-1.0: 2.1.7 | ISO27001-2022: A.8.20, A.8.21, A.8.22;internet-exposed;;;;5.40.0;https://docs.aws.amazon.com/vpc/latest/userguide/VPC_SecurityGroups.html | https://support.icompaas.com/support/solutions/articles/62000234274-5-3-ensure-no-security-groups-allow-ingress-from-0-0-0-0-0-to-remote-server-administration-ports-aut;;
profile: None;2026-09-01 14:23:41.589109;128529977749;;;;;;prowler-aws-ec2_securitygroup_allow_ingress_from_internet_to_tcp_port_22-128529977749-eu-north-1-sg-004d1060824dafc6d;aws;ec2_securitygroup_allow_ingress_from_internet_to_tcp_port_22;Security group does not allow ingress from 0.0.0.0/0 or ::/0 to TCP port 22 (SSH);Software and Configuration Checks/AWS Security Best Practices/Network Reachability | Software and Configuration Checks/Industry and Regulatory Standards/AWS Foundational Security Best Practices | Software and Configuration Checks/Industry and Regulatory Standards/CIS AWS Foundations Benchmark | TTPs/Initial Access/Unauthorized Access;PASS;Security group ce-capstone-app-20260831143453433000000008 (sg-004d1060824dafc6d) does not have SSH port 22 open to the Internet.;False;ec2;;high;AwsEc2SecurityGroup;arn:aws:ec2:eu-north-1:128529977749:security-group/sg-004d1060824dafc6d;sg-004d1060824dafc6d;ce-capstone-app-20260831143453433000000008;Name=ce-capstone-app-sg | Project=ce-capstone | Environment=prod | ManagedBy=terraform | Owner=OWNER;aws;eu-north-1;"**EC2 security groups** are assessed for **inbound SSH exposure** by locating ingress rules that allow `TCP 22` from the Internet (`0.0.0.0/0` or `::/0`).

Only groups in use are considered; sets already flagged for all-port exposure are not repeated.";Exposed **SSH** invites Internet-scale **brute force** and **credential stuffing**. A successful login grants **remote shell**, enabling data theft (confidentiality), code or config tampering (integrity), and cryptomining or service disruption (availability), plus **lateral movement** within the environment.;;"Apply **least privilege** to SSH:
- Disallow `0.0.0.0/0` and `::/0`; allow only trusted IPs or VPN ranges
- Prefer **private access** via bastion hosts or AWS Systems Manager Session Manager
- Enforce **key-based auth**, disable passwords, rotate keys
- Add **network segmentation** and monitoring for **defense in depth**";https://hub.prowler.com/check/ec2_securitygroup_allow_ingress_from_internet_to_tcp_port_22;"```yaml
# CloudFormation: restrict SSH from the Internet
Resources:
  <example_resource_name>:
    Type: AWS::EC2::SecurityGroup
    Properties:
      GroupDescription: Restrict SSH
      VpcId: <example_resource_id>
      SecurityGroupIngress:
        - IpProtocol: tcp
          FromPort: 22
          ToPort: 22
          CidrIp: 10.0.0.0/8  # Critical: allows SSH only from a private range, not 0.0.0.0/0
```";"```hcl
# Terraform: restrict SSH from the Internet
resource ""aws_security_group"" ""<example_resource_name>"" {
  vpc_id = ""<example_resource_id>""

  ingress {
    from_port   = 22
    to_port     = 22
    protocol    = ""tcp""
    cidr_blocks = [""10.0.0.0/8""]  # Critical: do not use 0.0.0.0/0 or ::/0
  }
}
```";aws ec2 revoke-security-group-ingress --group-id <SECURITY_GROUP_ID> --protocol tcp --port 22 --cidr 0.0.0.0/0;"1. In the AWS Console, go to EC2 > Security Groups
2. Select the affected security group
3. Open the Inbound rules tab
4. Delete any rule for port 22 (SSH) with source 0.0.0.0/0 or ::/0
5. Click Save rules";CISA: your-systems-3, your-data-2 | CIS-7.0: 6.3, 6.4 | SOC2: cc_6_6, cc_7_2 | CIS-1.4: 5.2 | CIS-1.5: 5.2, 5.3 | MITRE-ATTACK: T1199, T1048, T1499, T1498, T1046 | AWS-Foundational-Security-Best-Practices: EC2.13 | ISO27001-2013: A.12.6.C, A.13.1.C | KISA-ISMS-P-2023: 2.6.1, 2.6.2, 2.6.6, 2.10.2 | C5-2025: PI-01.01AC | HIPAA: 164_308_a_1_ii_b, 164_312_e_1 | CIS-2.0: 5.2, 5.3 | KISA-ISMS-P-2023-korean: 2.6.1, 2.6.2, 2.6.6, 2.10.2 | GxP-21-CFR-Part-11: 11.10-d, 11.10-g | AWS-Well-Architected-Framework-Security-Pillar: SEC05-BP03 | NIST-CSF-2.0: ac_3 | CIS-5.0: 5.3, 5.4 | NIST-800-171-Revision-2: 3_1_1, 3_1_2, 3_1_3, 3_1_14, 3_1_20, 3_4_7, 3_13_1, 3_13_2, 3_13_5, 3_13_6 | PCI-4.0: 1.2.8.17, 1.3.1.19, 1.3.2.19, 1.4.2.18, 1.5.1.17, A1.1.3.17 | NIST-800-53-Revision-4: ac_4, sc_7_3, sc_7 | NIST-800-53-Revision-5: ac_17_b, ac_17_1, ac_17_9, ac_17_10, cm_9_b, sc_7_7, sc_7_11, sc_7_12, sc_7_16, sc_7_21, sc_7_24_b, sc_7_25, sc_7_26, sc_7_27, sc_7_28, sc_7_a, sc_7_c | CIS-3.0: 5.2, 5.3 | CIS-6.0: 6.3, 6.4 | AWS-Foundational-Technical-Review: NETSEC-001 | NIST-CSF-1.1: ae_1, ac_3, ac_5, ds_7, pt_4 | AWS-Audit-Manager-Control-Tower-Guardrails: 2.0.2 | CCC-v2025.10: CCC.Core.CN01.AR02 | SecNumCloud-3.2: 13.2 | RBI-Cyber-Security-Framework: annex_i_5_1, annex_i_7_3 | FFIEC: d3-pc-am-b-10, d3-pc-im-b-1, d3-pc-im-b-2, d3-pc-im-b-6, d4-c-co-b-2 | PCI-3.2.1: 1.2, 1.2.1, 1.2.1.a, 1.2.1.b, 1.2.1.c, 1.3, 1.3.1, 2.2, 2.2.2 | ProwlerThreatScore-1.0: 2.1.4, 2.1.7 | ISO27001-2022: A.8.20, A.8.21, A.8.22 | FedRamp-Moderate-Revision-4: ac-4, ac-17-1, cm-2, sc-4, sc-7-3, sc-7 | FedRAMP-Low-Revision-4: ac-17, cm-2, sc-7 | CIS-4.0.1: 5.3, 5.4;internet-exposed;;;;5.40.0;https://docs.aws.amazon.com/vpc/latest/userguide/VPC_SecurityGroups.html | https://www.trendmicro.com/trendaivisiononecloudriskmanagement/knowledge-base/aws/EC2/unrestricted-ssh-access.html;;
profile: None;2026-09-01 14:23:41.589109;128529977749;;;;;;prowler-aws-ec2_securitygroup_allow_ingress_from_internet_to_tcp_port_22-128529977749-eu-north-1-sg-0ab21fe0bf7823fec;aws;ec2_securitygroup_allow_ingress_from_internet_to_tcp_port_22;Security group does not allow ingress from 0.0.0.0/0 or ::/0 to TCP port 22 (SSH);Software and Configuration Checks/AWS Security Best Practices/Network Reachability | Software and Configuration Checks/Industry and Regulatory Standards/AWS Foundational Security Best Practices | Software and Configuration Checks/Industry and Regulatory Standards/CIS AWS Foundations Benchmark | TTPs/Initial Access/Unauthorized Access;PASS;Security group ce-capstone-db-20260831143455943400000009 (sg-0ab21fe0bf7823fec) does not have SSH port 22 open to the Internet.;False;ec2;;high;AwsEc2SecurityGroup;arn:aws:ec2:eu-north-1:128529977749:security-group/sg-0ab21fe0bf7823fec;sg-0ab21fe0bf7823fec;ce-capstone-db-20260831143455943400000009;Owner=OWNER | Environment=prod | Project=ce-capstone | Name=ce-capstone-db-sg | ManagedBy=terraform;aws;eu-north-1;"**EC2 security groups** are assessed for **inbound SSH exposure** by locating ingress rules that allow `TCP 22` from the Internet (`0.0.0.0/0` or `::/0`).

Only groups in use are considered; sets already flagged for all-port exposure are not repeated.";Exposed **SSH** invites Internet-scale **brute force** and **credential stuffing**. A successful login grants **remote shell**, enabling data theft (confidentiality), code or config tampering (integrity), and cryptomining or service disruption (availability), plus **lateral movement** within the environment.;;"Apply **least privilege** to SSH:
- Disallow `0.0.0.0/0` and `::/0`; allow only trusted IPs or VPN ranges
- Prefer **private access** via bastion hosts or AWS Systems Manager Session Manager
- Enforce **key-based auth**, disable passwords, rotate keys
- Add **network segmentation** and monitoring for **defense in depth**";https://hub.prowler.com/check/ec2_securitygroup_allow_ingress_from_internet_to_tcp_port_22;"```yaml
# CloudFormation: restrict SSH from the Internet
Resources:
  <example_resource_name>:
    Type: AWS::EC2::SecurityGroup
    Properties:
      GroupDescription: Restrict SSH
      VpcId: <example_resource_id>
      SecurityGroupIngress:
        - IpProtocol: tcp
          FromPort: 22
          ToPort: 22
          CidrIp: 10.0.0.0/8  # Critical: allows SSH only from a private range, not 0.0.0.0/0
```";"```hcl
# Terraform: restrict SSH from the Internet
resource ""aws_security_group"" ""<example_resource_name>"" {
  vpc_id = ""<example_resource_id>""

  ingress {
    from_port   = 22
    to_port     = 22
    protocol    = ""tcp""
    cidr_blocks = [""10.0.0.0/8""]  # Critical: do not use 0.0.0.0/0 or ::/0
  }
}
```";aws ec2 revoke-security-group-ingress --group-id <SECURITY_GROUP_ID> --protocol tcp --port 22 --cidr 0.0.0.0/0;"1. In the AWS Console, go to EC2 > Security Groups
2. Select the affected security group
3. Open the Inbound rules tab
4. Delete any rule for port 22 (SSH) with source 0.0.0.0/0 or ::/0
5. Click Save rules";CISA: your-systems-3, your-data-2 | CIS-7.0: 6.3, 6.4 | SOC2: cc_6_6, cc_7_2 | CIS-1.4: 5.2 | CIS-1.5: 5.2, 5.3 | MITRE-ATTACK: T1199, T1048, T1499, T1498, T1046 | AWS-Foundational-Security-Best-Practices: EC2.13 | ISO27001-2013: A.12.6.C, A.13.1.C | KISA-ISMS-P-2023: 2.6.1, 2.6.2, 2.6.6, 2.10.2 | C5-2025: PI-01.01AC | HIPAA: 164_308_a_1_ii_b, 164_312_e_1 | CIS-2.0: 5.2, 5.3 | KISA-ISMS-P-2023-korean: 2.6.1, 2.6.2, 2.6.6, 2.10.2 | GxP-21-CFR-Part-11: 11.10-d, 11.10-g | AWS-Well-Architected-Framework-Security-Pillar: SEC05-BP03 | NIST-CSF-2.0: ac_3 | CIS-5.0: 5.3, 5.4 | NIST-800-171-Revision-2: 3_1_1, 3_1_2, 3_1_3, 3_1_14, 3_1_20, 3_4_7, 3_13_1, 3_13_2, 3_13_5, 3_13_6 | PCI-4.0: 1.2.8.17, 1.3.1.19, 1.3.2.19, 1.4.2.18, 1.5.1.17, A1.1.3.17 | NIST-800-53-Revision-4: ac_4, sc_7_3, sc_7 | NIST-800-53-Revision-5: ac_17_b, ac_17_1, ac_17_9, ac_17_10, cm_9_b, sc_7_7, sc_7_11, sc_7_12, sc_7_16, sc_7_21, sc_7_24_b, sc_7_25, sc_7_26, sc_7_27, sc_7_28, sc_7_a, sc_7_c | CIS-3.0: 5.2, 5.3 | CIS-6.0: 6.3, 6.4 | AWS-Foundational-Technical-Review: NETSEC-001 | NIST-CSF-1.1: ae_1, ac_3, ac_5, ds_7, pt_4 | AWS-Audit-Manager-Control-Tower-Guardrails: 2.0.2 | CCC-v2025.10: CCC.Core.CN01.AR02 | SecNumCloud-3.2: 13.2 | RBI-Cyber-Security-Framework: annex_i_5_1, annex_i_7_3 | FFIEC: d3-pc-am-b-10, d3-pc-im-b-1, d3-pc-im-b-2, d3-pc-im-b-6, d4-c-co-b-2 | PCI-3.2.1: 1.2, 1.2.1, 1.2.1.a, 1.2.1.b, 1.2.1.c, 1.3, 1.3.1, 2.2, 2.2.2 | ProwlerThreatScore-1.0: 2.1.4, 2.1.7 | ISO27001-2022: A.8.20, A.8.21, A.8.22 | FedRamp-Moderate-Revision-4: ac-4, ac-17-1, cm-2, sc-4, sc-7-3, sc-7 | FedRAMP-Low-Revision-4: ac-17, cm-2, sc-7 | CIS-4.0.1: 5.3, 5.4;internet-exposed;;;;5.40.0;https://docs.aws.amazon.com/vpc/latest/userguide/VPC_SecurityGroups.html | https://www.trendmicro.com/trendaivisiononecloudriskmanagement/knowledge-base/aws/EC2/unrestricted-ssh-access.html;;
profile: None;2026-09-01 14:23:41.589109;128529977749;;;;;;prowler-aws-ec2_securitygroup_allow_ingress_from_internet_to_tcp_port_22-128529977749-eu-north-1-sg-0ae6dc99a169add31;aws;ec2_securitygroup_allow_ingress_from_internet_to_tcp_port_22;Security group does not allow ingress from 0.0.0.0/0 or ::/0 to TCP port 22 (SSH);Software and Configuration Checks/AWS Security Best Practices/Network Reachability | Software and Configuration Checks/Industry and Regulatory Standards/AWS Foundational Security Best Practices | Software and Configuration Checks/Industry and Regulatory Standards/CIS AWS Foundations Benchmark | TTPs/Initial Access/Unauthorized Access;PASS;Security group ce-capstone-alb-20260831143450720000000006 (sg-0ae6dc99a169add31) does not have SSH port 22 open to the Internet.;False;ec2;;high;AwsEc2SecurityGroup;arn:aws:ec2:eu-north-1:128529977749:security-group/sg-0ae6dc99a169add31;sg-0ae6dc99a169add31;ce-capstone-alb-20260831143450720000000006;Environment=prod | Owner=OWNER | ManagedBy=terraform | Name=ce-capstone-alb-sg | Project=ce-capstone;aws;eu-north-1;"**EC2 security groups** are assessed for **inbound SSH exposure** by locating ingress rules that allow `TCP 22` from the Internet (`0.0.0.0/0` or `::/0`).

Only groups in use are considered; sets already flagged for all-port exposure are not repeated.";Exposed **SSH** invites Internet-scale **brute force** and **credential stuffing**. A successful login grants **remote shell**, enabling data theft (confidentiality), code or config tampering (integrity), and cryptomining or service disruption (availability), plus **lateral movement** within the environment.;;"Apply **least privilege** to SSH:
- Disallow `0.0.0.0/0` and `::/0`; allow only trusted IPs or VPN ranges
- Prefer **private access** via bastion hosts or AWS Systems Manager Session Manager
- Enforce **key-based auth**, disable passwords, rotate keys
- Add **network segmentation** and monitoring for **defense in depth**";https://hub.prowler.com/check/ec2_securitygroup_allow_ingress_from_internet_to_tcp_port_22;"```yaml
# CloudFormation: restrict SSH from the Internet
Resources:
  <example_resource_name>:
    Type: AWS::EC2::SecurityGroup
    Properties:
      GroupDescription: Restrict SSH
      VpcId: <example_resource_id>
      SecurityGroupIngress:
        - IpProtocol: tcp
          FromPort: 22
          ToPort: 22
          CidrIp: 10.0.0.0/8  # Critical: allows SSH only from a private range, not 0.0.0.0/0
```";"```hcl
# Terraform: restrict SSH from the Internet
resource ""aws_security_group"" ""<example_resource_name>"" {
  vpc_id = ""<example_resource_id>""

  ingress {
    from_port   = 22
    to_port     = 22
    protocol    = ""tcp""
    cidr_blocks = [""10.0.0.0/8""]  # Critical: do not use 0.0.0.0/0 or ::/0
  }
}
```";aws ec2 revoke-security-group-ingress --group-id <SECURITY_GROUP_ID> --protocol tcp --port 22 --cidr 0.0.0.0/0;"1. In the AWS Console, go to EC2 > Security Groups
2. Select the affected security group
3. Open the Inbound rules tab
4. Delete any rule for port 22 (SSH) with source 0.0.0.0/0 or ::/0
5. Click Save rules";CISA: your-systems-3, your-data-2 | CIS-7.0: 6.3, 6.4 | SOC2: cc_6_6, cc_7_2 | CIS-1.4: 5.2 | CIS-1.5: 5.2, 5.3 | MITRE-ATTACK: T1199, T1048, T1499, T1498, T1046 | AWS-Foundational-Security-Best-Practices: EC2.13 | ISO27001-2013: A.12.6.C, A.13.1.C | KISA-ISMS-P-2023: 2.6.1, 2.6.2, 2.6.6, 2.10.2 | C5-2025: PI-01.01AC | HIPAA: 164_308_a_1_ii_b, 164_312_e_1 | CIS-2.0: 5.2, 5.3 | KISA-ISMS-P-2023-korean: 2.6.1, 2.6.2, 2.6.6, 2.10.2 | GxP-21-CFR-Part-11: 11.10-d, 11.10-g | AWS-Well-Architected-Framework-Security-Pillar: SEC05-BP03 | NIST-CSF-2.0: ac_3 | CIS-5.0: 5.3, 5.4 | NIST-800-171-Revision-2: 3_1_1, 3_1_2, 3_1_3, 3_1_14, 3_1_20, 3_4_7, 3_13_1, 3_13_2, 3_13_5, 3_13_6 | PCI-4.0: 1.2.8.17, 1.3.1.19, 1.3.2.19, 1.4.2.18, 1.5.1.17, A1.1.3.17 | NIST-800-53-Revision-4: ac_4, sc_7_3, sc_7 | NIST-800-53-Revision-5: ac_17_b, ac_17_1, ac_17_9, ac_17_10, cm_9_b, sc_7_7, sc_7_11, sc_7_12, sc_7_16, sc_7_21, sc_7_24_b, sc_7_25, sc_7_26, sc_7_27, sc_7_28, sc_7_a, sc_7_c | CIS-3.0: 5.2, 5.3 | CIS-6.0: 6.3, 6.4 | AWS-Foundational-Technical-Review: NETSEC-001 | NIST-CSF-1.1: ae_1, ac_3, ac_5, ds_7, pt_4 | AWS-Audit-Manager-Control-Tower-Guardrails: 2.0.2 | CCC-v2025.10: CCC.Core.CN01.AR02 | SecNumCloud-3.2: 13.2 | RBI-Cyber-Security-Framework: annex_i_5_1, annex_i_7_3 | FFIEC: d3-pc-am-b-10, d3-pc-im-b-1, d3-pc-im-b-2, d3-pc-im-b-6, d4-c-co-b-2 | PCI-3.2.1: 1.2, 1.2.1, 1.2.1.a, 1.2.1.b, 1.2.1.c, 1.3, 1.3.1, 2.2, 2.2.2 | ProwlerThreatScore-1.0: 2.1.4, 2.1.7 | ISO27001-2022: A.8.20, A.8.21, A.8.22 | FedRamp-Moderate-Revision-4: ac-4, ac-17-1, cm-2, sc-4, sc-7-3, sc-7 | FedRAMP-Low-Revision-4: ac-17, cm-2, sc-7 | CIS-4.0.1: 5.3, 5.4;internet-exposed;;;;5.40.0;https://docs.aws.amazon.com/vpc/latest/userguide/VPC_SecurityGroups.html | https://www.trendmicro.com/trendaivisiononecloudriskmanagement/knowledge-base/aws/EC2/unrestricted-ssh-access.html;;
profile: None;2026-09-01 14:23:41.589109;128529977749;;;;;;prowler-aws-ec2_securitygroup_allow_ingress_from_internet_to_tcp_port_22-128529977749-eu-north-1-sg-0f559018c82176a2b;aws;ec2_securitygroup_allow_ingress_from_internet_to_tcp_port_22;Security group does not allow ingress from 0.0.0.0/0 or ::/0 to TCP port 22 (SSH);Software and Configuration Checks/AWS Security Best Practices/Network Reachability | Software and Configuration Checks/Industry and Regulatory Standards/AWS Foundational Security Best Practices | Software and Configuration Checks/Industry and Regulatory Standards/CIS AWS Foundations Benchmark | TTPs/Initial Access/Unauthorized Access;PASS;Security group ce-capstone-nat-20260831143450716100000005 (sg-0f559018c82176a2b) does not have SSH port 22 open to the Internet.;False;ec2;;high;AwsEc2SecurityGroup;arn:aws:ec2:eu-north-1:128529977749:security-group/sg-0f559018c82176a2b;sg-0f559018c82176a2b;ce-capstone-nat-20260831143450716100000005;ManagedBy=terraform | Name=ce-capstone-nat-sg | Project=ce-capstone | Environment=prod | Owner=OWNER;aws;eu-north-1;"**EC2 security groups** are assessed for **inbound SSH exposure** by locating ingress rules that allow `TCP 22` from the Internet (`0.0.0.0/0` or `::/0`).

Only groups in use are considered; sets already flagged for all-port exposure are not repeated.";Exposed **SSH** invites Internet-scale **brute force** and **credential stuffing**. A successful login grants **remote shell**, enabling data theft (confidentiality), code or config tampering (integrity), and cryptomining or service disruption (availability), plus **lateral movement** within the environment.;;"Apply **least privilege** to SSH:
- Disallow `0.0.0.0/0` and `::/0`; allow only trusted IPs or VPN ranges
- Prefer **private access** via bastion hosts or AWS Systems Manager Session Manager
- Enforce **key-based auth**, disable passwords, rotate keys
- Add **network segmentation** and monitoring for **defense in depth**";https://hub.prowler.com/check/ec2_securitygroup_allow_ingress_from_internet_to_tcp_port_22;"```yaml
# CloudFormation: restrict SSH from the Internet
Resources:
  <example_resource_name>:
    Type: AWS::EC2::SecurityGroup
    Properties:
      GroupDescription: Restrict SSH
      VpcId: <example_resource_id>
      SecurityGroupIngress:
        - IpProtocol: tcp
          FromPort: 22
          ToPort: 22
          CidrIp: 10.0.0.0/8  # Critical: allows SSH only from a private range, not 0.0.0.0/0
```";"```hcl
# Terraform: restrict SSH from the Internet
resource ""aws_security_group"" ""<example_resource_name>"" {
  vpc_id = ""<example_resource_id>""

  ingress {
    from_port   = 22
    to_port     = 22
    protocol    = ""tcp""
    cidr_blocks = [""10.0.0.0/8""]  # Critical: do not use 0.0.0.0/0 or ::/0
  }
}
```";aws ec2 revoke-security-group-ingress --group-id <SECURITY_GROUP_ID> --protocol tcp --port 22 --cidr 0.0.0.0/0;"1. In the AWS Console, go to EC2 > Security Groups
2. Select the affected security group
3. Open the Inbound rules tab
4. Delete any rule for port 22 (SSH) with source 0.0.0.0/0 or ::/0
5. Click Save rules";CISA: your-systems-3, your-data-2 | CIS-7.0: 6.3, 6.4 | SOC2: cc_6_6, cc_7_2 | CIS-1.4: 5.2 | CIS-1.5: 5.2, 5.3 | MITRE-ATTACK: T1199, T1048, T1499, T1498, T1046 | AWS-Foundational-Security-Best-Practices: EC2.13 | ISO27001-2013: A.12.6.C, A.13.1.C | KISA-ISMS-P-2023: 2.6.1, 2.6.2, 2.6.6, 2.10.2 | C5-2025: PI-01.01AC | HIPAA: 164_308_a_1_ii_b, 164_312_e_1 | CIS-2.0: 5.2, 5.3 | KISA-ISMS-P-2023-korean: 2.6.1, 2.6.2, 2.6.6, 2.10.2 | GxP-21-CFR-Part-11: 11.10-d, 11.10-g | AWS-Well-Architected-Framework-Security-Pillar: SEC05-BP03 | NIST-CSF-2.0: ac_3 | CIS-5.0: 5.3, 5.4 | NIST-800-171-Revision-2: 3_1_1, 3_1_2, 3_1_3, 3_1_14, 3_1_20, 3_4_7, 3_13_1, 3_13_2, 3_13_5, 3_13_6 | PCI-4.0: 1.2.8.17, 1.3.1.19, 1.3.2.19, 1.4.2.18, 1.5.1.17, A1.1.3.17 | NIST-800-53-Revision-4: ac_4, sc_7_3, sc_7 | NIST-800-53-Revision-5: ac_17_b, ac_17_1, ac_17_9, ac_17_10, cm_9_b, sc_7_7, sc_7_11, sc_7_12, sc_7_16, sc_7_21, sc_7_24_b, sc_7_25, sc_7_26, sc_7_27, sc_7_28, sc_7_a, sc_7_c | CIS-3.0: 5.2, 5.3 | CIS-6.0: 6.3, 6.4 | AWS-Foundational-Technical-Review: NETSEC-001 | NIST-CSF-1.1: ae_1, ac_3, ac_5, ds_7, pt_4 | AWS-Audit-Manager-Control-Tower-Guardrails: 2.0.2 | CCC-v2025.10: CCC.Core.CN01.AR02 | SecNumCloud-3.2: 13.2 | RBI-Cyber-Security-Framework: annex_i_5_1, annex_i_7_3 | FFIEC: d3-pc-am-b-10, d3-pc-im-b-1, d3-pc-im-b-2, d3-pc-im-b-6, d4-c-co-b-2 | PCI-3.2.1: 1.2, 1.2.1, 1.2.1.a, 1.2.1.b, 1.2.1.c, 1.3, 1.3.1, 2.2, 2.2.2 | ProwlerThreatScore-1.0: 2.1.4, 2.1.7 | ISO27001-2022: A.8.20, A.8.21, A.8.22 | FedRamp-Moderate-Revision-4: ac-4, ac-17-1, cm-2, sc-4, sc-7-3, sc-7 | FedRAMP-Low-Revision-4: ac-17, cm-2, sc-7 | CIS-4.0.1: 5.3, 5.4;internet-exposed;;;;5.40.0;https://docs.aws.amazon.com/vpc/latest/userguide/VPC_SecurityGroups.html | https://www.trendmicro.com/trendaivisiononecloudriskmanagement/knowledge-base/aws/EC2/unrestricted-ssh-access.html;;
profile: None;2026-09-01 14:23:41.589109;128529977749;;;;;;prowler-aws-ec2_securitygroup_allow_ingress_from_internet_to_tcp_port_3389-128529977749-eu-north-1-sg-004d1060824dafc6d;aws;ec2_securitygroup_allow_ingress_from_internet_to_tcp_port_3389;Security group does not allow ingress from the Internet to TCP port 3389 (RDP);Software and Configuration Checks/AWS Security Best Practices/Network Reachability | Software and Configuration Checks/Industry and Regulatory Standards/AWS Foundational Security Best Practices | Software and Configuration Checks/Industry and Regulatory Standards/CIS AWS Foundations Benchmark | TTPs/Initial Access;PASS;Security group ce-capstone-app-20260831143453433000000008 (sg-004d1060824dafc6d) does not have Microsoft RDP port 3389 open to the Internet.;False;ec2;;high;AwsEc2SecurityGroup;arn:aws:ec2:eu-north-1:128529977749:security-group/sg-004d1060824dafc6d;sg-004d1060824dafc6d;ce-capstone-app-20260831143453433000000008;Name=ce-capstone-app-sg | Project=ce-capstone | Environment=prod | ManagedBy=terraform | Owner=OWNER;aws;eu-north-1;**EC2 security groups** restrict **inbound RDP** on `TCP 3389` to trusted sources, avoiding Internet-wide (`0.0.0.0/0`, `::/0`) exposure.;"**Internet-exposed RDP** enables brute force and credential stuffing and increases the chance of **remote code execution** via RDP flaws.

Adversaries can gain interactive access, exfiltrate data (**confidentiality**), tamper with systems (**integrity**), and trigger ransomware or service disruption (**availability**).";;"Apply **least privilege**: disallow `0.0.0.0/0` and `::/0` to `3389`; permit only specific IPs or private networks.

Prefer **Session Manager**, VPN, or a hardened bastion with MFA and just-in-time access. Use private subnets and add **defense in depth** with network controls and monitoring.";https://hub.prowler.com/check/ec2_securitygroup_allow_ingress_from_internet_to_tcp_port_3389;"```yaml
# CloudFormation: restrict RDP (3389) from the Internet
Resources:
  <example_resource_name>:
    Type: AWS::EC2::SecurityGroup
    Properties:
      GroupDescription: Restrict RDP
      VpcId: vpc-<example_resource_id>
      SecurityGroupIngress:
        - IpProtocol: tcp
          FromPort: 3389
          ToPort: 3389
          CidrIp: 10.0.0.0/8  # FIX: not 0.0.0.0/0; limits RDP to internal range, closing Internet access
```";"```hcl
# Restrict RDP (3389) from the Internet
resource ""aws_security_group"" ""<example_resource_name>"" {
  vpc_id = ""<example_resource_id>""

  ingress {
    from_port   = 3389
    to_port     = 3389
    protocol    = ""tcp""
    cidr_blocks = [""10.0.0.0/8""] # FIX: not 0.0.0.0/0; restricts RDP to internal range
  }
}
```";aws ec2 revoke-security-group-ingress --group-id <SECURITY_GROUP_ID> --protocol tcp --port 3389 --cidr 0.0.0.0/0;"1. In AWS Console, go to EC2 > Security Groups
2. Select the security group attached to the instance
3. In the Inbound rules tab, click Edit inbound rules
4. Find any rule with Type RDP (TCP 3389) and Source 0.0.0.0/0 or ::/0
5. Delete the rule or change Source to a specific trusted CIDR (e.g., your office IP)
6. Click Save rules";CIS-7.0: 6.3, 6.4 | SOC2: cc_6_6 | CIS-1.4: 5.2 | CIS-1.5: 5.2, 5.3 | MITRE-ATTACK: T1199, T1048, T1499, T1498, T1046 | AWS-Foundational-Security-Best-Practices: EC2.14 | ISO27001-2013: A.12.6.B, A.13.1.B | KISA-ISMS-P-2023: 2.6.1, 2.6.2, 2.6.6, 2.10.2 | C5-2025: PI-01.01AC | CIS-2.0: 5.2, 5.3 | KISA-ISMS-P-2023-korean: 2.6.1, 2.6.2, 2.6.6, 2.10.2 | AWS-Well-Architected-Framework-Security-Pillar: SEC05-BP03 | NIST-CSF-2.0: ac_3, ac_5 | CIS-5.0: 5.3, 5.4 | CIS-3.0: 5.2, 5.3 | CIS-6.0: 6.3, 6.4 | AWS-Foundational-Technical-Review: NETSEC-001 | AWS-Audit-Manager-Control-Tower-Guardrails: 2.0.1 | SecNumCloud-3.2: 13.2 | RBI-Cyber-Security-Framework: annex_i_1_3 | ProwlerThreatScore-1.0: 2.1.4, 2.1.7 | ISO27001-2022: A.8.20, A.8.21, A.8.22 | CIS-4.0.1: 5.3, 5.4;internet-exposed;;;;5.40.0;https://docs.aws.amazon.com/vpc/latest/userguide/VPC_SecurityGroups.html | https://www.trendmicro.com/trendaivisiononecloudriskmanagement/knowledge-base/aws/EC2/unrestricted-rdp-access.html;;
profile: None;2026-09-01 14:23:41.589109;128529977749;;;;;;prowler-aws-ec2_securitygroup_allow_ingress_from_internet_to_tcp_port_3389-128529977749-eu-north-1-sg-0ab21fe0bf7823fec;aws;ec2_securitygroup_allow_ingress_from_internet_to_tcp_port_3389;Security group does not allow ingress from the Internet to TCP port 3389 (RDP);Software and Configuration Checks/AWS Security Best Practices/Network Reachability | Software and Configuration Checks/Industry and Regulatory Standards/AWS Foundational Security Best Practices | Software and Configuration Checks/Industry and Regulatory Standards/CIS AWS Foundations Benchmark | TTPs/Initial Access;PASS;Security group ce-capstone-db-20260831143455943400000009 (sg-0ab21fe0bf7823fec) does not have Microsoft RDP port 3389 open to the Internet.;False;ec2;;high;AwsEc2SecurityGroup;arn:aws:ec2:eu-north-1:128529977749:security-group/sg-0ab21fe0bf7823fec;sg-0ab21fe0bf7823fec;ce-capstone-db-20260831143455943400000009;Owner=OWNER | Environment=prod | Project=ce-capstone | Name=ce-capstone-db-sg | ManagedBy=terraform;aws;eu-north-1;**EC2 security groups** restrict **inbound RDP** on `TCP 3389` to trusted sources, avoiding Internet-wide (`0.0.0.0/0`, `::/0`) exposure.;"**Internet-exposed RDP** enables brute force and credential stuffing and increases the chance of **remote code execution** via RDP flaws.

Adversaries can gain interactive access, exfiltrate data (**confidentiality**), tamper with systems (**integrity**), and trigger ransomware or service disruption (**availability**).";;"Apply **least privilege**: disallow `0.0.0.0/0` and `::/0` to `3389`; permit only specific IPs or private networks.

Prefer **Session Manager**, VPN, or a hardened bastion with MFA and just-in-time access. Use private subnets and add **defense in depth** with network controls and monitoring.";https://hub.prowler.com/check/ec2_securitygroup_allow_ingress_from_internet_to_tcp_port_3389;"```yaml
# CloudFormation: restrict RDP (3389) from the Internet
Resources:
  <example_resource_name>:
    Type: AWS::EC2::SecurityGroup
    Properties:
      GroupDescription: Restrict RDP
      VpcId: vpc-<example_resource_id>
      SecurityGroupIngress:
        - IpProtocol: tcp
          FromPort: 3389
          ToPort: 3389
          CidrIp: 10.0.0.0/8  # FIX: not 0.0.0.0/0; limits RDP to internal range, closing Internet access
```";"```hcl
# Restrict RDP (3389) from the Internet
resource ""aws_security_group"" ""<example_resource_name>"" {
  vpc_id = ""<example_resource_id>""

  ingress {
    from_port   = 3389
    to_port     = 3389
    protocol    = ""tcp""
    cidr_blocks = [""10.0.0.0/8""] # FIX: not 0.0.0.0/0; restricts RDP to internal range
  }
}
```";aws ec2 revoke-security-group-ingress --group-id <SECURITY_GROUP_ID> --protocol tcp --port 3389 --cidr 0.0.0.0/0;"1. In AWS Console, go to EC2 > Security Groups
2. Select the security group attached to the instance
3. In the Inbound rules tab, click Edit inbound rules
4. Find any rule with Type RDP (TCP 3389) and Source 0.0.0.0/0 or ::/0
5. Delete the rule or change Source to a specific trusted CIDR (e.g., your office IP)
6. Click Save rules";CIS-7.0: 6.3, 6.4 | SOC2: cc_6_6 | CIS-1.4: 5.2 | CIS-1.5: 5.2, 5.3 | MITRE-ATTACK: T1199, T1048, T1499, T1498, T1046 | AWS-Foundational-Security-Best-Practices: EC2.14 | ISO27001-2013: A.12.6.B, A.13.1.B | KISA-ISMS-P-2023: 2.6.1, 2.6.2, 2.6.6, 2.10.2 | C5-2025: PI-01.01AC | CIS-2.0: 5.2, 5.3 | KISA-ISMS-P-2023-korean: 2.6.1, 2.6.2, 2.6.6, 2.10.2 | AWS-Well-Architected-Framework-Security-Pillar: SEC05-BP03 | NIST-CSF-2.0: ac_3, ac_5 | CIS-5.0: 5.3, 5.4 | CIS-3.0: 5.2, 5.3 | CIS-6.0: 6.3, 6.4 | AWS-Foundational-Technical-Review: NETSEC-001 | AWS-Audit-Manager-Control-Tower-Guardrails: 2.0.1 | SecNumCloud-3.2: 13.2 | RBI-Cyber-Security-Framework: annex_i_1_3 | ProwlerThreatScore-1.0: 2.1.4, 2.1.7 | ISO27001-2022: A.8.20, A.8.21, A.8.22 | CIS-4.0.1: 5.3, 5.4;internet-exposed;;;;5.40.0;https://docs.aws.amazon.com/vpc/latest/userguide/VPC_SecurityGroups.html | https://www.trendmicro.com/trendaivisiononecloudriskmanagement/knowledge-base/aws/EC2/unrestricted-rdp-access.html;;
profile: None;2026-09-01 14:23:41.589109;128529977749;;;;;;prowler-aws-ec2_securitygroup_allow_ingress_from_internet_to_tcp_port_3389-128529977749-eu-north-1-sg-0ae6dc99a169add31;aws;ec2_securitygroup_allow_ingress_from_internet_to_tcp_port_3389;Security group does not allow ingress from the Internet to TCP port 3389 (RDP);Software and Configuration Checks/AWS Security Best Practices/Network Reachability | Software and Configuration Checks/Industry and Regulatory Standards/AWS Foundational Security Best Practices | Software and Configuration Checks/Industry and Regulatory Standards/CIS AWS Foundations Benchmark | TTPs/Initial Access;PASS;Security group ce-capstone-alb-20260831143450720000000006 (sg-0ae6dc99a169add31) does not have Microsoft RDP port 3389 open to the Internet.;False;ec2;;high;AwsEc2SecurityGroup;arn:aws:ec2:eu-north-1:128529977749:security-group/sg-0ae6dc99a169add31;sg-0ae6dc99a169add31;ce-capstone-alb-20260831143450720000000006;Environment=prod | Owner=OWNER | ManagedBy=terraform | Name=ce-capstone-alb-sg | Project=ce-capstone;aws;eu-north-1;**EC2 security groups** restrict **inbound RDP** on `TCP 3389` to trusted sources, avoiding Internet-wide (`0.0.0.0/0`, `::/0`) exposure.;"**Internet-exposed RDP** enables brute force and credential stuffing and increases the chance of **remote code execution** via RDP flaws.

Adversaries can gain interactive access, exfiltrate data (**confidentiality**), tamper with systems (**integrity**), and trigger ransomware or service disruption (**availability**).";;"Apply **least privilege**: disallow `0.0.0.0/0` and `::/0` to `3389`; permit only specific IPs or private networks.

Prefer **Session Manager**, VPN, or a hardened bastion with MFA and just-in-time access. Use private subnets and add **defense in depth** with network controls and monitoring.";https://hub.prowler.com/check/ec2_securitygroup_allow_ingress_from_internet_to_tcp_port_3389;"```yaml
# CloudFormation: restrict RDP (3389) from the Internet
Resources:
  <example_resource_name>:
    Type: AWS::EC2::SecurityGroup
    Properties:
      GroupDescription: Restrict RDP
      VpcId: vpc-<example_resource_id>
      SecurityGroupIngress:
        - IpProtocol: tcp
          FromPort: 3389
          ToPort: 3389
          CidrIp: 10.0.0.0/8  # FIX: not 0.0.0.0/0; limits RDP to internal range, closing Internet access
```";"```hcl
# Restrict RDP (3389) from the Internet
resource ""aws_security_group"" ""<example_resource_name>"" {
  vpc_id = ""<example_resource_id>""

  ingress {
    from_port   = 3389
    to_port     = 3389
    protocol    = ""tcp""
    cidr_blocks = [""10.0.0.0/8""] # FIX: not 0.0.0.0/0; restricts RDP to internal range
  }
}
```";aws ec2 revoke-security-group-ingress --group-id <SECURITY_GROUP_ID> --protocol tcp --port 3389 --cidr 0.0.0.0/0;"1. In AWS Console, go to EC2 > Security Groups
2. Select the security group attached to the instance
3. In the Inbound rules tab, click Edit inbound rules
4. Find any rule with Type RDP (TCP 3389) and Source 0.0.0.0/0 or ::/0
5. Delete the rule or change Source to a specific trusted CIDR (e.g., your office IP)
6. Click Save rules";CIS-7.0: 6.3, 6.4 | SOC2: cc_6_6 | CIS-1.4: 5.2 | CIS-1.5: 5.2, 5.3 | MITRE-ATTACK: T1199, T1048, T1499, T1498, T1046 | AWS-Foundational-Security-Best-Practices: EC2.14 | ISO27001-2013: A.12.6.B, A.13.1.B | KISA-ISMS-P-2023: 2.6.1, 2.6.2, 2.6.6, 2.10.2 | C5-2025: PI-01.01AC | CIS-2.0: 5.2, 5.3 | KISA-ISMS-P-2023-korean: 2.6.1, 2.6.2, 2.6.6, 2.10.2 | AWS-Well-Architected-Framework-Security-Pillar: SEC05-BP03 | NIST-CSF-2.0: ac_3, ac_5 | CIS-5.0: 5.3, 5.4 | CIS-3.0: 5.2, 5.3 | CIS-6.0: 6.3, 6.4 | AWS-Foundational-Technical-Review: NETSEC-001 | AWS-Audit-Manager-Control-Tower-Guardrails: 2.0.1 | SecNumCloud-3.2: 13.2 | RBI-Cyber-Security-Framework: annex_i_1_3 | ProwlerThreatScore-1.0: 2.1.4, 2.1.7 | ISO27001-2022: A.8.20, A.8.21, A.8.22 | CIS-4.0.1: 5.3, 5.4;internet-exposed;;;;5.40.0;https://docs.aws.amazon.com/vpc/latest/userguide/VPC_SecurityGroups.html | https://www.trendmicro.com/trendaivisiononecloudriskmanagement/knowledge-base/aws/EC2/unrestricted-rdp-access.html;;
profile: None;2026-09-01 14:23:41.589109;128529977749;;;;;;prowler-aws-ec2_securitygroup_allow_ingress_from_internet_to_tcp_port_3389-128529977749-eu-north-1-sg-0f559018c82176a2b;aws;ec2_securitygroup_allow_ingress_from_internet_to_tcp_port_3389;Security group does not allow ingress from the Internet to TCP port 3389 (RDP);Software and Configuration Checks/AWS Security Best Practices/Network Reachability | Software and Configuration Checks/Industry and Regulatory Standards/AWS Foundational Security Best Practices | Software and Configuration Checks/Industry and Regulatory Standards/CIS AWS Foundations Benchmark | TTPs/Initial Access;PASS;Security group ce-capstone-nat-20260831143450716100000005 (sg-0f559018c82176a2b) does not have Microsoft RDP port 3389 open to the Internet.;False;ec2;;high;AwsEc2SecurityGroup;arn:aws:ec2:eu-north-1:128529977749:security-group/sg-0f559018c82176a2b;sg-0f559018c82176a2b;ce-capstone-nat-20260831143450716100000005;ManagedBy=terraform | Name=ce-capstone-nat-sg | Project=ce-capstone | Environment=prod | Owner=OWNER;aws;eu-north-1;**EC2 security groups** restrict **inbound RDP** on `TCP 3389` to trusted sources, avoiding Internet-wide (`0.0.0.0/0`, `::/0`) exposure.;"**Internet-exposed RDP** enables brute force and credential stuffing and increases the chance of **remote code execution** via RDP flaws.

Adversaries can gain interactive access, exfiltrate data (**confidentiality**), tamper with systems (**integrity**), and trigger ransomware or service disruption (**availability**).";;"Apply **least privilege**: disallow `0.0.0.0/0` and `::/0` to `3389`; permit only specific IPs or private networks.

Prefer **Session Manager**, VPN, or a hardened bastion with MFA and just-in-time access. Use private subnets and add **defense in depth** with network controls and monitoring.";https://hub.prowler.com/check/ec2_securitygroup_allow_ingress_from_internet_to_tcp_port_3389;"```yaml
# CloudFormation: restrict RDP (3389) from the Internet
Resources:
  <example_resource_name>:
    Type: AWS::EC2::SecurityGroup
    Properties:
      GroupDescription: Restrict RDP
      VpcId: vpc-<example_resource_id>
      SecurityGroupIngress:
        - IpProtocol: tcp
          FromPort: 3389
          ToPort: 3389
          CidrIp: 10.0.0.0/8  # FIX: not 0.0.0.0/0; limits RDP to internal range, closing Internet access
```";"```hcl
# Restrict RDP (3389) from the Internet
resource ""aws_security_group"" ""<example_resource_name>"" {
  vpc_id = ""<example_resource_id>""

  ingress {
    from_port   = 3389
    to_port     = 3389
    protocol    = ""tcp""
    cidr_blocks = [""10.0.0.0/8""] # FIX: not 0.0.0.0/0; restricts RDP to internal range
  }
}
```";aws ec2 revoke-security-group-ingress --group-id <SECURITY_GROUP_ID> --protocol tcp --port 3389 --cidr 0.0.0.0/0;"1. In AWS Console, go to EC2 > Security Groups
2. Select the security group attached to the instance
3. In the Inbound rules tab, click Edit inbound rules
4. Find any rule with Type RDP (TCP 3389) and Source 0.0.0.0/0 or ::/0
5. Delete the rule or change Source to a specific trusted CIDR (e.g., your office IP)
6. Click Save rules";CIS-7.0: 6.3, 6.4 | SOC2: cc_6_6 | CIS-1.4: 5.2 | CIS-1.5: 5.2, 5.3 | MITRE-ATTACK: T1199, T1048, T1499, T1498, T1046 | AWS-Foundational-Security-Best-Practices: EC2.14 | ISO27001-2013: A.12.6.B, A.13.1.B | KISA-ISMS-P-2023: 2.6.1, 2.6.2, 2.6.6, 2.10.2 | C5-2025: PI-01.01AC | CIS-2.0: 5.2, 5.3 | KISA-ISMS-P-2023-korean: 2.6.1, 2.6.2, 2.6.6, 2.10.2 | AWS-Well-Architected-Framework-Security-Pillar: SEC05-BP03 | NIST-CSF-2.0: ac_3, ac_5 | CIS-5.0: 5.3, 5.4 | CIS-3.0: 5.2, 5.3 | CIS-6.0: 6.3, 6.4 | AWS-Foundational-Technical-Review: NETSEC-001 | AWS-Audit-Manager-Control-Tower-Guardrails: 2.0.1 | SecNumCloud-3.2: 13.2 | RBI-Cyber-Security-Framework: annex_i_1_3 | ProwlerThreatScore-1.0: 2.1.4, 2.1.7 | ISO27001-2022: A.8.20, A.8.21, A.8.22 | CIS-4.0.1: 5.3, 5.4;internet-exposed;;;;5.40.0;https://docs.aws.amazon.com/vpc/latest/userguide/VPC_SecurityGroups.html | https://www.trendmicro.com/trendaivisiononecloudriskmanagement/knowledge-base/aws/EC2/unrestricted-rdp-access.html;;
profile: None;2026-09-01 14:23:41.589109;128529977749;;;;;;prowler-aws-ec2_securitygroup_allow_ingress_from_internet_to_tcp_port_cassandra_7199_9160_8888-128529977749-eu-north-1-sg-004d1060824dafc6d;aws;ec2_securitygroup_allow_ingress_from_internet_to_tcp_port_cassandra_7199_9160_8888;Security group does not allow ingress from 0.0.0.0/0 or ::/0 to Cassandra TCP ports 7199, 9160, or 8888;Software and Configuration Checks/AWS Security Best Practices/Network Reachability | Software and Configuration Checks/Industry and Regulatory Standards/AWS Foundational Security Best Practices | TTPs/Initial Access/Unauthorized Access | Effects/Data Exposure;PASS;Security group ce-capstone-app-20260831143453433000000008 (sg-004d1060824dafc6d) does not have Casandra ports 7199, 8888 and 9160 open to the Internet.;False;ec2;;high;AwsEc2SecurityGroup;arn:aws:ec2:eu-north-1:128529977749:security-group/sg-004d1060824dafc6d;sg-004d1060824dafc6d;ce-capstone-app-20260831143453433000000008;Name=ce-capstone-app-sg | Project=ce-capstone | Environment=prod | ManagedBy=terraform | Owner=OWNER;aws;eu-north-1;"**EC2 security groups** are evaluated for inbound rules that allow the Internet (`0.0.0.0/0` or `::/0`) to reach **Cassandra ports** `7199`, `9160`, or `8888`.

Focuses on `tcp` rules that expose these ports to public sources.";"Exposed **Cassandra interfaces** (`7199` JMX, `9160` Thrift, `8888` tools) enable:
- Unauthorized reads of data/metrics (confidentiality)
- Schema and cluster changes (integrity)
- Remote operations causing outages (availability)

Public reachability also increases brute-force and exploit attempts.";;"Restrict **ingress** on `7199`, `9160`, `8888` to trusted sources:
- Enforce **least privilege** allow-lists; avoid `0.0.0.0/0` and `::/0`
- Place nodes in private subnets; use VPN or a bastion for admin
- Prefer strong auth and *mTLS*; bind management to internal interfaces
- Apply **defense in depth** with segmentation (north-south and east-west)";https://hub.prowler.com/check/ec2_securitygroup_allow_ingress_from_internet_to_tcp_port_cassandra_7199_9160_8888;"```yaml
# CloudFormation: restrict Cassandra ports from Internet
Resources:
  <example_resource_name>:
    Type: AWS::EC2::SecurityGroup
    Properties:
      GroupDescription: Restrict Cassandra ports
      VpcId: <example_resource_id>
      SecurityGroupIngress:
        - IpProtocol: tcp
          FromPort: 7199
          ToPort: 7199
          CidrIp: 10.0.0.0/16  # Critical: not 0.0.0.0/0; restricts IPv4 source
        - IpProtocol: tcp
          FromPort: 9160
          ToPort: 9160
          CidrIp: 10.0.0.0/16  # Critical: not 0.0.0.0/0; restricts IPv4 source
        - IpProtocol: tcp
          FromPort: 8888
          ToPort: 8888
          CidrIp: 10.0.0.0/16  # Critical: not 0.0.0.0/0; restricts IPv4 source
```";"```hcl
# Restrict Cassandra ports from Internet
resource ""aws_security_group"" ""example"" {
  name   = ""<example_resource_name>""
  vpc_id = ""<example_resource_id>""

  ingress {
    from_port   = 7199
    to_port     = 7199
    protocol    = ""tcp""
    cidr_blocks = [""10.0.0.0/16""]  # Critical: not 0.0.0.0/0; restricts IPv4 source
  }
  ingress {
    from_port   = 9160
    to_port     = 9160
    protocol    = ""tcp""
    cidr_blocks = [""10.0.0.0/16""]  # Critical: not 0.0.0.0/0; restricts IPv4 source
  }
  ingress {
    from_port   = 8888
    to_port     = 8888
    protocol    = ""tcp""
    cidr_blocks = [""10.0.0.0/16""]  # Critical: not 0.0.0.0/0; restricts IPv4 source
  }
}
```";aws ec2 revoke-security-group-ingress --group-id <SECURITY_GROUP_ID> --ip-permissions IpProtocol=tcp,FromPort=7199,ToPort=7199,IpRanges='[{CidrIp=0.0.0.0/0}]',Ipv6Ranges='[{CidrIpv6=::/0}]' IpProtocol=tcp,FromPort=9160,ToPort=9160,IpRanges='[{CidrIp=0.0.0.0/0}]',Ipv6Ranges='[{CidrIpv6=::/0}]' IpProtocol=tcp,FromPort=8888,ToPort=8888,IpRanges='[{CidrIp=0.0.0.0/0}]',Ipv6Ranges='[{CidrIpv6=::/0}]';"1. In AWS Console, go to EC2 > Security Groups
2. Select the security group attached to the instance
3. In Inbound rules, delete any rule allowing TCP 7199, 9160, or 8888 from 0.0.0.0/0 or ::/0
4. If needed, add new rules for these ports limited to specific trusted CIDR(s)
5. Save rules";SOC2: cc_6_6 | MITRE-ATTACK: T1199, T1048, T1499, T1498, T1046 | KISA-ISMS-P-2023: 2.6.1, 2.6.4, 2.10.2 | C5-2025: PI-01.01AC | KISA-ISMS-P-2023-korean: 2.6.1, 2.6.4, 2.10.2 | AWS-Well-Architected-Framework-Security-Pillar: SEC05-BP03 | AWS-Foundational-Technical-Review: NETSEC-001 | ProwlerThreatScore-1.0: 2.1.7 | ISO27001-2022: A.8.20, A.8.21, A.8.22;internet-exposed;;;;5.40.0;https://docs.aws.amazon.com/vpc/latest/userguide/VPC_SecurityGroups.html | https://support.icompaas.com/support/solutions/articles/62000127020-ensure-security-groups-do-not-allow-unrestricted-ingress-access-to-cassandra-ports-7199-or-9160-or-88;;
profile: None;2026-09-01 14:23:41.589109;128529977749;;;;;;prowler-aws-ec2_securitygroup_allow_ingress_from_internet_to_tcp_port_cassandra_7199_9160_8888-128529977749-eu-north-1-sg-0ab21fe0bf7823fec;aws;ec2_securitygroup_allow_ingress_from_internet_to_tcp_port_cassandra_7199_9160_8888;Security group does not allow ingress from 0.0.0.0/0 or ::/0 to Cassandra TCP ports 7199, 9160, or 8888;Software and Configuration Checks/AWS Security Best Practices/Network Reachability | Software and Configuration Checks/Industry and Regulatory Standards/AWS Foundational Security Best Practices | TTPs/Initial Access/Unauthorized Access | Effects/Data Exposure;PASS;Security group ce-capstone-db-20260831143455943400000009 (sg-0ab21fe0bf7823fec) does not have Casandra ports 7199, 8888 and 9160 open to the Internet.;False;ec2;;high;AwsEc2SecurityGroup;arn:aws:ec2:eu-north-1:128529977749:security-group/sg-0ab21fe0bf7823fec;sg-0ab21fe0bf7823fec;ce-capstone-db-20260831143455943400000009;Owner=OWNER | Environment=prod | Project=ce-capstone | Name=ce-capstone-db-sg | ManagedBy=terraform;aws;eu-north-1;"**EC2 security groups** are evaluated for inbound rules that allow the Internet (`0.0.0.0/0` or `::/0`) to reach **Cassandra ports** `7199`, `9160`, or `8888`.

Focuses on `tcp` rules that expose these ports to public sources.";"Exposed **Cassandra interfaces** (`7199` JMX, `9160` Thrift, `8888` tools) enable:
- Unauthorized reads of data/metrics (confidentiality)
- Schema and cluster changes (integrity)
- Remote operations causing outages (availability)

Public reachability also increases brute-force and exploit attempts.";;"Restrict **ingress** on `7199`, `9160`, `8888` to trusted sources:
- Enforce **least privilege** allow-lists; avoid `0.0.0.0/0` and `::/0`
- Place nodes in private subnets; use VPN or a bastion for admin
- Prefer strong auth and *mTLS*; bind management to internal interfaces
- Apply **defense in depth** with segmentation (north-south and east-west)";https://hub.prowler.com/check/ec2_securitygroup_allow_ingress_from_internet_to_tcp_port_cassandra_7199_9160_8888;"```yaml
# CloudFormation: restrict Cassandra ports from Internet
Resources:
  <example_resource_name>:
    Type: AWS::EC2::SecurityGroup
    Properties:
      GroupDescription: Restrict Cassandra ports
      VpcId: <example_resource_id>
      SecurityGroupIngress:
        - IpProtocol: tcp
          FromPort: 7199
          ToPort: 7199
          CidrIp: 10.0.0.0/16  # Critical: not 0.0.0.0/0; restricts IPv4 source
        - IpProtocol: tcp
          FromPort: 9160
          ToPort: 9160
          CidrIp: 10.0.0.0/16  # Critical: not 0.0.0.0/0; restricts IPv4 source
        - IpProtocol: tcp
          FromPort: 8888
          ToPort: 8888
          CidrIp: 10.0.0.0/16  # Critical: not 0.0.0.0/0; restricts IPv4 source
```";"```hcl
# Restrict Cassandra ports from Internet
resource ""aws_security_group"" ""example"" {
  name   = ""<example_resource_name>""
  vpc_id = ""<example_resource_id>""

  ingress {
    from_port   = 7199
    to_port     = 7199
    protocol    = ""tcp""
    cidr_blocks = [""10.0.0.0/16""]  # Critical: not 0.0.0.0/0; restricts IPv4 source
  }
  ingress {
    from_port   = 9160
    to_port     = 9160
    protocol    = ""tcp""
    cidr_blocks = [""10.0.0.0/16""]  # Critical: not 0.0.0.0/0; restricts IPv4 source
  }
  ingress {
    from_port   = 8888
    to_port     = 8888
    protocol    = ""tcp""
    cidr_blocks = [""10.0.0.0/16""]  # Critical: not 0.0.0.0/0; restricts IPv4 source
  }
}
```";aws ec2 revoke-security-group-ingress --group-id <SECURITY_GROUP_ID> --ip-permissions IpProtocol=tcp,FromPort=7199,ToPort=7199,IpRanges='[{CidrIp=0.0.0.0/0}]',Ipv6Ranges='[{CidrIpv6=::/0}]' IpProtocol=tcp,FromPort=9160,ToPort=9160,IpRanges='[{CidrIp=0.0.0.0/0}]',Ipv6Ranges='[{CidrIpv6=::/0}]' IpProtocol=tcp,FromPort=8888,ToPort=8888,IpRanges='[{CidrIp=0.0.0.0/0}]',Ipv6Ranges='[{CidrIpv6=::/0}]';"1. In AWS Console, go to EC2 > Security Groups
2. Select the security group attached to the instance
3. In Inbound rules, delete any rule allowing TCP 7199, 9160, or 8888 from 0.0.0.0/0 or ::/0
4. If needed, add new rules for these ports limited to specific trusted CIDR(s)
5. Save rules";SOC2: cc_6_6 | MITRE-ATTACK: T1199, T1048, T1499, T1498, T1046 | KISA-ISMS-P-2023: 2.6.1, 2.6.4, 2.10.2 | C5-2025: PI-01.01AC | KISA-ISMS-P-2023-korean: 2.6.1, 2.6.4, 2.10.2 | AWS-Well-Architected-Framework-Security-Pillar: SEC05-BP03 | AWS-Foundational-Technical-Review: NETSEC-001 | ProwlerThreatScore-1.0: 2.1.7 | ISO27001-2022: A.8.20, A.8.21, A.8.22;internet-exposed;;;;5.40.0;https://docs.aws.amazon.com/vpc/latest/userguide/VPC_SecurityGroups.html | https://support.icompaas.com/support/solutions/articles/62000127020-ensure-security-groups-do-not-allow-unrestricted-ingress-access-to-cassandra-ports-7199-or-9160-or-88;;
profile: None;2026-09-01 14:23:41.589109;128529977749;;;;;;prowler-aws-ec2_securitygroup_allow_ingress_from_internet_to_tcp_port_cassandra_7199_9160_8888-128529977749-eu-north-1-sg-0ae6dc99a169add31;aws;ec2_securitygroup_allow_ingress_from_internet_to_tcp_port_cassandra_7199_9160_8888;Security group does not allow ingress from 0.0.0.0/0 or ::/0 to Cassandra TCP ports 7199, 9160, or 8888;Software and Configuration Checks/AWS Security Best Practices/Network Reachability | Software and Configuration Checks/Industry and Regulatory Standards/AWS Foundational Security Best Practices | TTPs/Initial Access/Unauthorized Access | Effects/Data Exposure;PASS;Security group ce-capstone-alb-20260831143450720000000006 (sg-0ae6dc99a169add31) does not have Casandra ports 7199, 8888 and 9160 open to the Internet.;False;ec2;;high;AwsEc2SecurityGroup;arn:aws:ec2:eu-north-1:128529977749:security-group/sg-0ae6dc99a169add31;sg-0ae6dc99a169add31;ce-capstone-alb-20260831143450720000000006;Environment=prod | Owner=OWNER | ManagedBy=terraform | Name=ce-capstone-alb-sg | Project=ce-capstone;aws;eu-north-1;"**EC2 security groups** are evaluated for inbound rules that allow the Internet (`0.0.0.0/0` or `::/0`) to reach **Cassandra ports** `7199`, `9160`, or `8888`.

Focuses on `tcp` rules that expose these ports to public sources.";"Exposed **Cassandra interfaces** (`7199` JMX, `9160` Thrift, `8888` tools) enable:
- Unauthorized reads of data/metrics (confidentiality)
- Schema and cluster changes (integrity)
- Remote operations causing outages (availability)

Public reachability also increases brute-force and exploit attempts.";;"Restrict **ingress** on `7199`, `9160`, `8888` to trusted sources:
- Enforce **least privilege** allow-lists; avoid `0.0.0.0/0` and `::/0`
- Place nodes in private subnets; use VPN or a bastion for admin
- Prefer strong auth and *mTLS*; bind management to internal interfaces
- Apply **defense in depth** with segmentation (north-south and east-west)";https://hub.prowler.com/check/ec2_securitygroup_allow_ingress_from_internet_to_tcp_port_cassandra_7199_9160_8888;"```yaml
# CloudFormation: restrict Cassandra ports from Internet
Resources:
  <example_resource_name>:
    Type: AWS::EC2::SecurityGroup
    Properties:
      GroupDescription: Restrict Cassandra ports
      VpcId: <example_resource_id>
      SecurityGroupIngress:
        - IpProtocol: tcp
          FromPort: 7199
          ToPort: 7199
          CidrIp: 10.0.0.0/16  # Critical: not 0.0.0.0/0; restricts IPv4 source
        - IpProtocol: tcp
          FromPort: 9160
          ToPort: 9160
          CidrIp: 10.0.0.0/16  # Critical: not 0.0.0.0/0; restricts IPv4 source
        - IpProtocol: tcp
          FromPort: 8888
          ToPort: 8888
          CidrIp: 10.0.0.0/16  # Critical: not 0.0.0.0/0; restricts IPv4 source
```";"```hcl
# Restrict Cassandra ports from Internet
resource ""aws_security_group"" ""example"" {
  name   = ""<example_resource_name>""
  vpc_id = ""<example_resource_id>""

  ingress {
    from_port   = 7199
    to_port     = 7199
    protocol    = ""tcp""
    cidr_blocks = [""10.0.0.0/16""]  # Critical: not 0.0.0.0/0; restricts IPv4 source
  }
  ingress {
    from_port   = 9160
    to_port     = 9160
    protocol    = ""tcp""
    cidr_blocks = [""10.0.0.0/16""]  # Critical: not 0.0.0.0/0; restricts IPv4 source
  }
  ingress {
    from_port   = 8888
    to_port     = 8888
    protocol    = ""tcp""
    cidr_blocks = [""10.0.0.0/16""]  # Critical: not 0.0.0.0/0; restricts IPv4 source
  }
}
```";aws ec2 revoke-security-group-ingress --group-id <SECURITY_GROUP_ID> --ip-permissions IpProtocol=tcp,FromPort=7199,ToPort=7199,IpRanges='[{CidrIp=0.0.0.0/0}]',Ipv6Ranges='[{CidrIpv6=::/0}]' IpProtocol=tcp,FromPort=9160,ToPort=9160,IpRanges='[{CidrIp=0.0.0.0/0}]',Ipv6Ranges='[{CidrIpv6=::/0}]' IpProtocol=tcp,FromPort=8888,ToPort=8888,IpRanges='[{CidrIp=0.0.0.0/0}]',Ipv6Ranges='[{CidrIpv6=::/0}]';"1. In AWS Console, go to EC2 > Security Groups
2. Select the security group attached to the instance
3. In Inbound rules, delete any rule allowing TCP 7199, 9160, or 8888 from 0.0.0.0/0 or ::/0
4. If needed, add new rules for these ports limited to specific trusted CIDR(s)
5. Save rules";SOC2: cc_6_6 | MITRE-ATTACK: T1199, T1048, T1499, T1498, T1046 | KISA-ISMS-P-2023: 2.6.1, 2.6.4, 2.10.2 | C5-2025: PI-01.01AC | KISA-ISMS-P-2023-korean: 2.6.1, 2.6.4, 2.10.2 | AWS-Well-Architected-Framework-Security-Pillar: SEC05-BP03 | AWS-Foundational-Technical-Review: NETSEC-001 | ProwlerThreatScore-1.0: 2.1.7 | ISO27001-2022: A.8.20, A.8.21, A.8.22;internet-exposed;;;;5.40.0;https://docs.aws.amazon.com/vpc/latest/userguide/VPC_SecurityGroups.html | https://support.icompaas.com/support/solutions/articles/62000127020-ensure-security-groups-do-not-allow-unrestricted-ingress-access-to-cassandra-ports-7199-or-9160-or-88;;
profile: None;2026-09-01 14:23:41.589109;128529977749;;;;;;prowler-aws-ec2_securitygroup_allow_ingress_from_internet_to_tcp_port_cassandra_7199_9160_8888-128529977749-eu-north-1-sg-0f559018c82176a2b;aws;ec2_securitygroup_allow_ingress_from_internet_to_tcp_port_cassandra_7199_9160_8888;Security group does not allow ingress from 0.0.0.0/0 or ::/0 to Cassandra TCP ports 7199, 9160, or 8888;Software and Configuration Checks/AWS Security Best Practices/Network Reachability | Software and Configuration Checks/Industry and Regulatory Standards/AWS Foundational Security Best Practices | TTPs/Initial Access/Unauthorized Access | Effects/Data Exposure;PASS;Security group ce-capstone-nat-20260831143450716100000005 (sg-0f559018c82176a2b) does not have Casandra ports 7199, 8888 and 9160 open to the Internet.;False;ec2;;high;AwsEc2SecurityGroup;arn:aws:ec2:eu-north-1:128529977749:security-group/sg-0f559018c82176a2b;sg-0f559018c82176a2b;ce-capstone-nat-20260831143450716100000005;ManagedBy=terraform | Name=ce-capstone-nat-sg | Project=ce-capstone | Environment=prod | Owner=OWNER;aws;eu-north-1;"**EC2 security groups** are evaluated for inbound rules that allow the Internet (`0.0.0.0/0` or `::/0`) to reach **Cassandra ports** `7199`, `9160`, or `8888`.

Focuses on `tcp` rules that expose these ports to public sources.";"Exposed **Cassandra interfaces** (`7199` JMX, `9160` Thrift, `8888` tools) enable:
- Unauthorized reads of data/metrics (confidentiality)
- Schema and cluster changes (integrity)
- Remote operations causing outages (availability)

Public reachability also increases brute-force and exploit attempts.";;"Restrict **ingress** on `7199`, `9160`, `8888` to trusted sources:
- Enforce **least privilege** allow-lists; avoid `0.0.0.0/0` and `::/0`
- Place nodes in private subnets; use VPN or a bastion for admin
- Prefer strong auth and *mTLS*; bind management to internal interfaces
- Apply **defense in depth** with segmentation (north-south and east-west)";https://hub.prowler.com/check/ec2_securitygroup_allow_ingress_from_internet_to_tcp_port_cassandra_7199_9160_8888;"```yaml
# CloudFormation: restrict Cassandra ports from Internet
Resources:
  <example_resource_name>:
    Type: AWS::EC2::SecurityGroup
    Properties:
      GroupDescription: Restrict Cassandra ports
      VpcId: <example_resource_id>
      SecurityGroupIngress:
        - IpProtocol: tcp
          FromPort: 7199
          ToPort: 7199
          CidrIp: 10.0.0.0/16  # Critical: not 0.0.0.0/0; restricts IPv4 source
        - IpProtocol: tcp
          FromPort: 9160
          ToPort: 9160
          CidrIp: 10.0.0.0/16  # Critical: not 0.0.0.0/0; restricts IPv4 source
        - IpProtocol: tcp
          FromPort: 8888
          ToPort: 8888
          CidrIp: 10.0.0.0/16  # Critical: not 0.0.0.0/0; restricts IPv4 source
```";"```hcl
# Restrict Cassandra ports from Internet
resource ""aws_security_group"" ""example"" {
  name   = ""<example_resource_name>""
  vpc_id = ""<example_resource_id>""

  ingress {
    from_port   = 7199
    to_port     = 7199
    protocol    = ""tcp""
    cidr_blocks = [""10.0.0.0/16""]  # Critical: not 0.0.0.0/0; restricts IPv4 source
  }
  ingress {
    from_port   = 9160
    to_port     = 9160
    protocol    = ""tcp""
    cidr_blocks = [""10.0.0.0/16""]  # Critical: not 0.0.0.0/0; restricts IPv4 source
  }
  ingress {
    from_port   = 8888
    to_port     = 8888
    protocol    = ""tcp""
    cidr_blocks = [""10.0.0.0/16""]  # Critical: not 0.0.0.0/0; restricts IPv4 source
  }
}
```";aws ec2 revoke-security-group-ingress --group-id <SECURITY_GROUP_ID> --ip-permissions IpProtocol=tcp,FromPort=7199,ToPort=7199,IpRanges='[{CidrIp=0.0.0.0/0}]',Ipv6Ranges='[{CidrIpv6=::/0}]' IpProtocol=tcp,FromPort=9160,ToPort=9160,IpRanges='[{CidrIp=0.0.0.0/0}]',Ipv6Ranges='[{CidrIpv6=::/0}]' IpProtocol=tcp,FromPort=8888,ToPort=8888,IpRanges='[{CidrIp=0.0.0.0/0}]',Ipv6Ranges='[{CidrIpv6=::/0}]';"1. In AWS Console, go to EC2 > Security Groups
2. Select the security group attached to the instance
3. In Inbound rules, delete any rule allowing TCP 7199, 9160, or 8888 from 0.0.0.0/0 or ::/0
4. If needed, add new rules for these ports limited to specific trusted CIDR(s)
5. Save rules";SOC2: cc_6_6 | MITRE-ATTACK: T1199, T1048, T1499, T1498, T1046 | KISA-ISMS-P-2023: 2.6.1, 2.6.4, 2.10.2 | C5-2025: PI-01.01AC | KISA-ISMS-P-2023-korean: 2.6.1, 2.6.4, 2.10.2 | AWS-Well-Architected-Framework-Security-Pillar: SEC05-BP03 | AWS-Foundational-Technical-Review: NETSEC-001 | ProwlerThreatScore-1.0: 2.1.7 | ISO27001-2022: A.8.20, A.8.21, A.8.22;internet-exposed;;;;5.40.0;https://docs.aws.amazon.com/vpc/latest/userguide/VPC_SecurityGroups.html | https://support.icompaas.com/support/solutions/articles/62000127020-ensure-security-groups-do-not-allow-unrestricted-ingress-access-to-cassandra-ports-7199-or-9160-or-88;;
profile: None;2026-09-01 14:23:41.589109;128529977749;;;;;;prowler-aws-ec2_securitygroup_allow_ingress_from_internet_to_tcp_port_elasticsearch_kibana_9200_9300_5601-128529977749-eu-north-1-sg-004d1060824dafc6d;aws;ec2_securitygroup_allow_ingress_from_internet_to_tcp_port_elasticsearch_kibana_9200_9300_5601;Security group does not allow ingress from 0.0.0.0/0 or ::/0 to Elasticsearch/Kibana TCP ports 9200, 9300, and 5601;Software and Configuration Checks/AWS Security Best Practices/Network Reachability | Software and Configuration Checks/Industry and Regulatory Standards/AWS Foundational Security Best Practices | TTPs/Initial Access;PASS;Security group ce-capstone-app-20260831143453433000000008 (sg-004d1060824dafc6d) does not have Elasticsearch/Kibana ports 9200, 9300 and 5601 open to the Internet.;False;ec2;;high;AwsEc2SecurityGroup;arn:aws:ec2:eu-north-1:128529977749:security-group/sg-004d1060824dafc6d;sg-004d1060824dafc6d;ce-capstone-app-20260831143453433000000008;Name=ce-capstone-app-sg | Project=ce-capstone | Environment=prod | ManagedBy=terraform | Owner=OWNER;aws;eu-north-1;**EC2 security groups** restrict public ingress to Elasticsearch/Kibana ports `9200`, `9300`, and `5601`, denying sources `0.0.0.0/0` and `::/0`;"Open Elasticsearch/Kibana ports to the Internet erode CIA:
- Confidentiality: unauthorized queries and data exfiltration
- Integrity: index tampering/deletion, cluster control via `9300`
- Availability: API abuse, exploit-based outages, and Kibana `5601` brute-force";;"Limit ingress to `9200`, `9300`, and `5601` to trusted CIDRs or private connectivity; never allow `0.0.0.0/0` or `::/0`. Prefer **private access** via VPN, bastion, or private endpoints. Apply **least privilege**, network segmentation, and **defense in depth** (NACLs/WAF). Require strong auth and TLS on Elasticsearch/Kibana.";https://hub.prowler.com/check/ec2_securitygroup_allow_ingress_from_internet_to_tcp_port_elasticsearch_kibana_9200_9300_5601;"```yaml
# CloudFormation: restrict Elasticsearch/Kibana ports from Internet
Resources:
  <example_resource_name>:
    Type: AWS::EC2::SecurityGroup
    Properties:
      GroupDescription: Block Internet access to 9200, 9300, 5601
      VpcId: vpc-<example_resource_id>
      SecurityGroupIngress:
        - IpProtocol: tcp
          FromPort: 9200
          ToPort: 9200
          CidrIp: 10.0.0.0/8  # CRITICAL: not 0.0.0.0/0 or ::/0; restricts 9200 to trusted CIDR
        - IpProtocol: tcp
          FromPort: 9300
          ToPort: 9300
          CidrIp: 10.0.0.0/8  # CRITICAL: restricts 9300 from Internet
        - IpProtocol: tcp
          FromPort: 5601
          ToPort: 5601
          CidrIp: 10.0.0.0/8  # CRITICAL: restricts 5601 (Kibana) from Internet
```";"```hcl
resource ""aws_security_group"" ""<example_resource_name>"" {
  name   = ""<example_resource_name>""
  vpc_id = ""<example_resource_id>""

  # CRITICAL: Do not use 0.0.0.0/0 or ::/0; restrict these ports to trusted CIDRs
  ingress {
    from_port   = 9200
    to_port     = 9200
    protocol    = ""tcp""
    cidr_blocks = [""10.0.0.0/8""]  # CRITICAL: restricts 9200 from Internet
  }
  ingress {
    from_port   = 9300
    to_port     = 9300
    protocol    = ""tcp""
    cidr_blocks = [""10.0.0.0/8""]  # CRITICAL: restricts 9300 from Internet
  }
  ingress {
    from_port   = 5601
    to_port     = 5601
    protocol    = ""tcp""
    cidr_blocks = [""10.0.0.0/8""]  # CRITICAL: restricts 5601 (Kibana) from Internet
  }
}
```";"aws ec2 revoke-security-group-ingress --group-id <SECURITY_GROUP_ID> --ip-permissions '[{""IpProtocol"":""tcp"",""FromPort"":9200,""ToPort"":9200,""IpRanges"":[{""CidrIp"":""0.0.0.0/0""}],""Ipv6Ranges"":[{""CidrIpv6"":""::/0""}]},{""IpProtocol"":""tcp"",""FromPort"":9300,""ToPort"":9300,""IpRanges"":[{""CidrIp"":""0.0.0.0/0""}],""Ipv6Ranges"":[{""CidrIpv6"":""::/0""}]},{""IpProtocol"":""tcp"",""FromPort"":5601,""ToPort"":5601,""IpRanges"":[{""CidrIp"":""0.0.0.0/0""}],""Ipv6Ranges"":[{""CidrIpv6"":""::/0""}]}]'";"1. Open the AWS Console and go to VPC > Security Groups
2. Select the affected security group
3. Choose Inbound rules > Edit inbound rules
4. For ports 9200, 9300, and 5601, remove any rule with Source 0.0.0.0/0 or ::/0
5. If access is required, add rules for only trusted CIDR(s) instead
6. Save rules";SOC2: cc_6_6 | MITRE-ATTACK: T1199, T1048, T1499, T1498, T1046 | KISA-ISMS-P-2023: 2.6.1, 2.6.2, 2.10.2 | C5-2025: PI-01.01AC | KISA-ISMS-P-2023-korean: 2.6.1, 2.6.2, 2.10.2 | AWS-Well-Architected-Framework-Security-Pillar: SEC05-BP03 | NIST-CSF-2.0: ac_5 | AWS-Foundational-Technical-Review: NETSEC-001 | ProwlerThreatScore-1.0: 2.1.7 | ISO27001-2022: A.8.20, A.8.21, A.8.22;internet-exposed;;;;5.40.0;https://docs.aws.amazon.com/vpc/latest/userguide/VPC_SecurityGroups.html | https://support.icompaas.com/support/solutions/articles/62000233821-ensure-no-ec2-instances-allow-ingress-from-the-internet-to-elasticsearch-and-kibana-ports-tcp-9200-;;
profile: None;2026-09-01 14:23:41.589109;128529977749;;;;;;prowler-aws-ec2_securitygroup_allow_ingress_from_internet_to_tcp_port_elasticsearch_kibana_9200_9300_5601-128529977749-eu-north-1-sg-0ab21fe0bf7823fec;aws;ec2_securitygroup_allow_ingress_from_internet_to_tcp_port_elasticsearch_kibana_9200_9300_5601;Security group does not allow ingress from 0.0.0.0/0 or ::/0 to Elasticsearch/Kibana TCP ports 9200, 9300, and 5601;Software and Configuration Checks/AWS Security Best Practices/Network Reachability | Software and Configuration Checks/Industry and Regulatory Standards/AWS Foundational Security Best Practices | TTPs/Initial Access;PASS;Security group ce-capstone-db-20260831143455943400000009 (sg-0ab21fe0bf7823fec) does not have Elasticsearch/Kibana ports 9200, 9300 and 5601 open to the Internet.;False;ec2;;high;AwsEc2SecurityGroup;arn:aws:ec2:eu-north-1:128529977749:security-group/sg-0ab21fe0bf7823fec;sg-0ab21fe0bf7823fec;ce-capstone-db-20260831143455943400000009;Owner=OWNER | Environment=prod | Project=ce-capstone | Name=ce-capstone-db-sg | ManagedBy=terraform;aws;eu-north-1;**EC2 security groups** restrict public ingress to Elasticsearch/Kibana ports `9200`, `9300`, and `5601`, denying sources `0.0.0.0/0` and `::/0`;"Open Elasticsearch/Kibana ports to the Internet erode CIA:
- Confidentiality: unauthorized queries and data exfiltration
- Integrity: index tampering/deletion, cluster control via `9300`
- Availability: API abuse, exploit-based outages, and Kibana `5601` brute-force";;"Limit ingress to `9200`, `9300`, and `5601` to trusted CIDRs or private connectivity; never allow `0.0.0.0/0` or `::/0`. Prefer **private access** via VPN, bastion, or private endpoints. Apply **least privilege**, network segmentation, and **defense in depth** (NACLs/WAF). Require strong auth and TLS on Elasticsearch/Kibana.";https://hub.prowler.com/check/ec2_securitygroup_allow_ingress_from_internet_to_tcp_port_elasticsearch_kibana_9200_9300_5601;"```yaml
# CloudFormation: restrict Elasticsearch/Kibana ports from Internet
Resources:
  <example_resource_name>:
    Type: AWS::EC2::SecurityGroup
    Properties:
      GroupDescription: Block Internet access to 9200, 9300, 5601
      VpcId: vpc-<example_resource_id>
      SecurityGroupIngress:
        - IpProtocol: tcp
          FromPort: 9200
          ToPort: 9200
          CidrIp: 10.0.0.0/8  # CRITICAL: not 0.0.0.0/0 or ::/0; restricts 9200 to trusted CIDR
        - IpProtocol: tcp
          FromPort: 9300
          ToPort: 9300
          CidrIp: 10.0.0.0/8  # CRITICAL: restricts 9300 from Internet
        - IpProtocol: tcp
          FromPort: 5601
          ToPort: 5601
          CidrIp: 10.0.0.0/8  # CRITICAL: restricts 5601 (Kibana) from Internet
```";"```hcl
resource ""aws_security_group"" ""<example_resource_name>"" {
  name   = ""<example_resource_name>""
  vpc_id = ""<example_resource_id>""

  # CRITICAL: Do not use 0.0.0.0/0 or ::/0; restrict these ports to trusted CIDRs
  ingress {
    from_port   = 9200
    to_port     = 9200
    protocol    = ""tcp""
    cidr_blocks = [""10.0.0.0/8""]  # CRITICAL: restricts 9200 from Internet
  }
  ingress {
    from_port   = 9300
    to_port     = 9300
    protocol    = ""tcp""
    cidr_blocks = [""10.0.0.0/8""]  # CRITICAL: restricts 9300 from Internet
  }
  ingress {
    from_port   = 5601
    to_port     = 5601
    protocol    = ""tcp""
    cidr_blocks = [""10.0.0.0/8""]  # CRITICAL: restricts 5601 (Kibana) from Internet
  }
}
```";"aws ec2 revoke-security-group-ingress --group-id <SECURITY_GROUP_ID> --ip-permissions '[{""IpProtocol"":""tcp"",""FromPort"":9200,""ToPort"":9200,""IpRanges"":[{""CidrIp"":""0.0.0.0/0""}],""Ipv6Ranges"":[{""CidrIpv6"":""::/0""}]},{""IpProtocol"":""tcp"",""FromPort"":9300,""ToPort"":9300,""IpRanges"":[{""CidrIp"":""0.0.0.0/0""}],""Ipv6Ranges"":[{""CidrIpv6"":""::/0""}]},{""IpProtocol"":""tcp"",""FromPort"":5601,""ToPort"":5601,""IpRanges"":[{""CidrIp"":""0.0.0.0/0""}],""Ipv6Ranges"":[{""CidrIpv6"":""::/0""}]}]'";"1. Open the AWS Console and go to VPC > Security Groups
2. Select the affected security group
3. Choose Inbound rules > Edit inbound rules
4. For ports 9200, 9300, and 5601, remove any rule with Source 0.0.0.0/0 or ::/0
5. If access is required, add rules for only trusted CIDR(s) instead
6. Save rules";SOC2: cc_6_6 | MITRE-ATTACK: T1199, T1048, T1499, T1498, T1046 | KISA-ISMS-P-2023: 2.6.1, 2.6.2, 2.10.2 | C5-2025: PI-01.01AC | KISA-ISMS-P-2023-korean: 2.6.1, 2.6.2, 2.10.2 | AWS-Well-Architected-Framework-Security-Pillar: SEC05-BP03 | NIST-CSF-2.0: ac_5 | AWS-Foundational-Technical-Review: NETSEC-001 | ProwlerThreatScore-1.0: 2.1.7 | ISO27001-2022: A.8.20, A.8.21, A.8.22;internet-exposed;;;;5.40.0;https://docs.aws.amazon.com/vpc/latest/userguide/VPC_SecurityGroups.html | https://support.icompaas.com/support/solutions/articles/62000233821-ensure-no-ec2-instances-allow-ingress-from-the-internet-to-elasticsearch-and-kibana-ports-tcp-9200-;;
profile: None;2026-09-01 14:23:41.589109;128529977749;;;;;;prowler-aws-ec2_securitygroup_allow_ingress_from_internet_to_tcp_port_elasticsearch_kibana_9200_9300_5601-128529977749-eu-north-1-sg-0ae6dc99a169add31;aws;ec2_securitygroup_allow_ingress_from_internet_to_tcp_port_elasticsearch_kibana_9200_9300_5601;Security group does not allow ingress from 0.0.0.0/0 or ::/0 to Elasticsearch/Kibana TCP ports 9200, 9300, and 5601;Software and Configuration Checks/AWS Security Best Practices/Network Reachability | Software and Configuration Checks/Industry and Regulatory Standards/AWS Foundational Security Best Practices | TTPs/Initial Access;PASS;Security group ce-capstone-alb-20260831143450720000000006 (sg-0ae6dc99a169add31) does not have Elasticsearch/Kibana ports 9200, 9300 and 5601 open to the Internet.;False;ec2;;high;AwsEc2SecurityGroup;arn:aws:ec2:eu-north-1:128529977749:security-group/sg-0ae6dc99a169add31;sg-0ae6dc99a169add31;ce-capstone-alb-20260831143450720000000006;Environment=prod | Owner=OWNER | ManagedBy=terraform | Name=ce-capstone-alb-sg | Project=ce-capstone;aws;eu-north-1;**EC2 security groups** restrict public ingress to Elasticsearch/Kibana ports `9200`, `9300`, and `5601`, denying sources `0.0.0.0/0` and `::/0`;"Open Elasticsearch/Kibana ports to the Internet erode CIA:
- Confidentiality: unauthorized queries and data exfiltration
- Integrity: index tampering/deletion, cluster control via `9300`
- Availability: API abuse, exploit-based outages, and Kibana `5601` brute-force";;"Limit ingress to `9200`, `9300`, and `5601` to trusted CIDRs or private connectivity; never allow `0.0.0.0/0` or `::/0`. Prefer **private access** via VPN, bastion, or private endpoints. Apply **least privilege**, network segmentation, and **defense in depth** (NACLs/WAF). Require strong auth and TLS on Elasticsearch/Kibana.";https://hub.prowler.com/check/ec2_securitygroup_allow_ingress_from_internet_to_tcp_port_elasticsearch_kibana_9200_9300_5601;"```yaml
# CloudFormation: restrict Elasticsearch/Kibana ports from Internet
Resources:
  <example_resource_name>:
    Type: AWS::EC2::SecurityGroup
    Properties:
      GroupDescription: Block Internet access to 9200, 9300, 5601
      VpcId: vpc-<example_resource_id>
      SecurityGroupIngress:
        - IpProtocol: tcp
          FromPort: 9200
          ToPort: 9200
          CidrIp: 10.0.0.0/8  # CRITICAL: not 0.0.0.0/0 or ::/0; restricts 9200 to trusted CIDR
        - IpProtocol: tcp
          FromPort: 9300
          ToPort: 9300
          CidrIp: 10.0.0.0/8  # CRITICAL: restricts 9300 from Internet
        - IpProtocol: tcp
          FromPort: 5601
          ToPort: 5601
          CidrIp: 10.0.0.0/8  # CRITICAL: restricts 5601 (Kibana) from Internet
```";"```hcl
resource ""aws_security_group"" ""<example_resource_name>"" {
  name   = ""<example_resource_name>""
  vpc_id = ""<example_resource_id>""

  # CRITICAL: Do not use 0.0.0.0/0 or ::/0; restrict these ports to trusted CIDRs
  ingress {
    from_port   = 9200
    to_port     = 9200
    protocol    = ""tcp""
    cidr_blocks = [""10.0.0.0/8""]  # CRITICAL: restricts 9200 from Internet
  }
  ingress {
    from_port   = 9300
    to_port     = 9300
    protocol    = ""tcp""
    cidr_blocks = [""10.0.0.0/8""]  # CRITICAL: restricts 9300 from Internet
  }
  ingress {
    from_port   = 5601
    to_port     = 5601
    protocol    = ""tcp""
    cidr_blocks = [""10.0.0.0/8""]  # CRITICAL: restricts 5601 (Kibana) from Internet
  }
}
```";"aws ec2 revoke-security-group-ingress --group-id <SECURITY_GROUP_ID> --ip-permissions '[{""IpProtocol"":""tcp"",""FromPort"":9200,""ToPort"":9200,""IpRanges"":[{""CidrIp"":""0.0.0.0/0""}],""Ipv6Ranges"":[{""CidrIpv6"":""::/0""}]},{""IpProtocol"":""tcp"",""FromPort"":9300,""ToPort"":9300,""IpRanges"":[{""CidrIp"":""0.0.0.0/0""}],""Ipv6Ranges"":[{""CidrIpv6"":""::/0""}]},{""IpProtocol"":""tcp"",""FromPort"":5601,""ToPort"":5601,""IpRanges"":[{""CidrIp"":""0.0.0.0/0""}],""Ipv6Ranges"":[{""CidrIpv6"":""::/0""}]}]'";"1. Open the AWS Console and go to VPC > Security Groups
2. Select the affected security group
3. Choose Inbound rules > Edit inbound rules
4. For ports 9200, 9300, and 5601, remove any rule with Source 0.0.0.0/0 or ::/0
5. If access is required, add rules for only trusted CIDR(s) instead
6. Save rules";SOC2: cc_6_6 | MITRE-ATTACK: T1199, T1048, T1499, T1498, T1046 | KISA-ISMS-P-2023: 2.6.1, 2.6.2, 2.10.2 | C5-2025: PI-01.01AC | KISA-ISMS-P-2023-korean: 2.6.1, 2.6.2, 2.10.2 | AWS-Well-Architected-Framework-Security-Pillar: SEC05-BP03 | NIST-CSF-2.0: ac_5 | AWS-Foundational-Technical-Review: NETSEC-001 | ProwlerThreatScore-1.0: 2.1.7 | ISO27001-2022: A.8.20, A.8.21, A.8.22;internet-exposed;;;;5.40.0;https://docs.aws.amazon.com/vpc/latest/userguide/VPC_SecurityGroups.html | https://support.icompaas.com/support/solutions/articles/62000233821-ensure-no-ec2-instances-allow-ingress-from-the-internet-to-elasticsearch-and-kibana-ports-tcp-9200-;;
profile: None;2026-09-01 14:23:41.589109;128529977749;;;;;;prowler-aws-ec2_securitygroup_allow_ingress_from_internet_to_tcp_port_elasticsearch_kibana_9200_9300_5601-128529977749-eu-north-1-sg-0f559018c82176a2b;aws;ec2_securitygroup_allow_ingress_from_internet_to_tcp_port_elasticsearch_kibana_9200_9300_5601;Security group does not allow ingress from 0.0.0.0/0 or ::/0 to Elasticsearch/Kibana TCP ports 9200, 9300, and 5601;Software and Configuration Checks/AWS Security Best Practices/Network Reachability | Software and Configuration Checks/Industry and Regulatory Standards/AWS Foundational Security Best Practices | TTPs/Initial Access;PASS;Security group ce-capstone-nat-20260831143450716100000005 (sg-0f559018c82176a2b) does not have Elasticsearch/Kibana ports 9200, 9300 and 5601 open to the Internet.;False;ec2;;high;AwsEc2SecurityGroup;arn:aws:ec2:eu-north-1:128529977749:security-group/sg-0f559018c82176a2b;sg-0f559018c82176a2b;ce-capstone-nat-20260831143450716100000005;ManagedBy=terraform | Name=ce-capstone-nat-sg | Project=ce-capstone | Environment=prod | Owner=OWNER;aws;eu-north-1;**EC2 security groups** restrict public ingress to Elasticsearch/Kibana ports `9200`, `9300`, and `5601`, denying sources `0.0.0.0/0` and `::/0`;"Open Elasticsearch/Kibana ports to the Internet erode CIA:
- Confidentiality: unauthorized queries and data exfiltration
- Integrity: index tampering/deletion, cluster control via `9300`
- Availability: API abuse, exploit-based outages, and Kibana `5601` brute-force";;"Limit ingress to `9200`, `9300`, and `5601` to trusted CIDRs or private connectivity; never allow `0.0.0.0/0` or `::/0`. Prefer **private access** via VPN, bastion, or private endpoints. Apply **least privilege**, network segmentation, and **defense in depth** (NACLs/WAF). Require strong auth and TLS on Elasticsearch/Kibana.";https://hub.prowler.com/check/ec2_securitygroup_allow_ingress_from_internet_to_tcp_port_elasticsearch_kibana_9200_9300_5601;"```yaml
# CloudFormation: restrict Elasticsearch/Kibana ports from Internet
Resources:
  <example_resource_name>:
    Type: AWS::EC2::SecurityGroup
    Properties:
      GroupDescription: Block Internet access to 9200, 9300, 5601
      VpcId: vpc-<example_resource_id>
      SecurityGroupIngress:
        - IpProtocol: tcp
          FromPort: 9200
          ToPort: 9200
          CidrIp: 10.0.0.0/8  # CRITICAL: not 0.0.0.0/0 or ::/0; restricts 9200 to trusted CIDR
        - IpProtocol: tcp
          FromPort: 9300
          ToPort: 9300
          CidrIp: 10.0.0.0/8  # CRITICAL: restricts 9300 from Internet
        - IpProtocol: tcp
          FromPort: 5601
          ToPort: 5601
          CidrIp: 10.0.0.0/8  # CRITICAL: restricts 5601 (Kibana) from Internet
```";"```hcl
resource ""aws_security_group"" ""<example_resource_name>"" {
  name   = ""<example_resource_name>""
  vpc_id = ""<example_resource_id>""

  # CRITICAL: Do not use 0.0.0.0/0 or ::/0; restrict these ports to trusted CIDRs
  ingress {
    from_port   = 9200
    to_port     = 9200
    protocol    = ""tcp""
    cidr_blocks = [""10.0.0.0/8""]  # CRITICAL: restricts 9200 from Internet
  }
  ingress {
    from_port   = 9300
    to_port     = 9300
    protocol    = ""tcp""
    cidr_blocks = [""10.0.0.0/8""]  # CRITICAL: restricts 9300 from Internet
  }
  ingress {
    from_port   = 5601
    to_port     = 5601
    protocol    = ""tcp""
    cidr_blocks = [""10.0.0.0/8""]  # CRITICAL: restricts 5601 (Kibana) from Internet
  }
}
```";"aws ec2 revoke-security-group-ingress --group-id <SECURITY_GROUP_ID> --ip-permissions '[{""IpProtocol"":""tcp"",""FromPort"":9200,""ToPort"":9200,""IpRanges"":[{""CidrIp"":""0.0.0.0/0""}],""Ipv6Ranges"":[{""CidrIpv6"":""::/0""}]},{""IpProtocol"":""tcp"",""FromPort"":9300,""ToPort"":9300,""IpRanges"":[{""CidrIp"":""0.0.0.0/0""}],""Ipv6Ranges"":[{""CidrIpv6"":""::/0""}]},{""IpProtocol"":""tcp"",""FromPort"":5601,""ToPort"":5601,""IpRanges"":[{""CidrIp"":""0.0.0.0/0""}],""Ipv6Ranges"":[{""CidrIpv6"":""::/0""}]}]'";"1. Open the AWS Console and go to VPC > Security Groups
2. Select the affected security group
3. Choose Inbound rules > Edit inbound rules
4. For ports 9200, 9300, and 5601, remove any rule with Source 0.0.0.0/0 or ::/0
5. If access is required, add rules for only trusted CIDR(s) instead
6. Save rules";SOC2: cc_6_6 | MITRE-ATTACK: T1199, T1048, T1499, T1498, T1046 | KISA-ISMS-P-2023: 2.6.1, 2.6.2, 2.10.2 | C5-2025: PI-01.01AC | KISA-ISMS-P-2023-korean: 2.6.1, 2.6.2, 2.10.2 | AWS-Well-Architected-Framework-Security-Pillar: SEC05-BP03 | NIST-CSF-2.0: ac_5 | AWS-Foundational-Technical-Review: NETSEC-001 | ProwlerThreatScore-1.0: 2.1.7 | ISO27001-2022: A.8.20, A.8.21, A.8.22;internet-exposed;;;;5.40.0;https://docs.aws.amazon.com/vpc/latest/userguide/VPC_SecurityGroups.html | https://support.icompaas.com/support/solutions/articles/62000233821-ensure-no-ec2-instances-allow-ingress-from-the-internet-to-elasticsearch-and-kibana-ports-tcp-9200-;;
profile: None;2026-09-01 14:23:41.589109;128529977749;;;;;;prowler-aws-ec2_securitygroup_allow_ingress_from_internet_to_tcp_port_ftp_20_21-128529977749-eu-north-1-sg-004d1060824dafc6d;aws;ec2_securitygroup_allow_ingress_from_internet_to_tcp_port_ftp_20_21;Security group does not allow ingress from 0.0.0.0/0 or ::/0 to FTP ports 20 or 21;Software and Configuration Checks/AWS Security Best Practices/Network Reachability | TTPs/Initial Access;PASS;Security group ce-capstone-app-20260831143453433000000008 (sg-004d1060824dafc6d) does not have FTP ports 20 and 21 open to the Internet.;False;ec2;;high;AwsEc2SecurityGroup;arn:aws:ec2:eu-north-1:128529977749:security-group/sg-004d1060824dafc6d;sg-004d1060824dafc6d;ce-capstone-app-20260831143453433000000008;Name=ce-capstone-app-sg | Project=ce-capstone | Environment=prod | ManagedBy=terraform | Owner=OWNER;aws;eu-north-1;EC2 security groups are evaluated for Internet-exposed **FTP**: any inbound rule allowing `tcp` ports `20` or `21` from `0.0.0.0/0` or `::/0`.;"Exposed FTP weakens CIA:
- Confidentiality: cleartext credentials/files enable interception and brute force.
- Integrity: unauthorized uploads or tampering enable malware staging.
- Availability: mass scans and login attempts can exhaust resources and disrupt services.";;"Apply **least privilege** and **defense in depth**:
- Remove `0.0.0.0/0` and `::/0` to `20`/`21`; allow only trusted IPs or private access (VPN/peering).
- Prefer **SFTP/FTPS** or HTTPS; disable anonymous FTP.
- Segment transfer hosts, monitor access, and enforce rate limits and strong authentication.";https://hub.prowler.com/check/ec2_securitygroup_allow_ingress_from_internet_to_tcp_port_ftp_20_21;"```yaml
# CloudFormation: restrict FTP (20,21) from Internet
Resources:
  <example_resource_name>:
    Type: AWS::EC2::SecurityGroup
    Properties:
      GroupDescription: Restrict FTP from Internet
      VpcId: <example_resource_id>
      SecurityGroupIngress:
        - IpProtocol: tcp
          FromPort: 20
          ToPort: 20
          CidrIp: 10.0.0.0/8  # Critical: not 0.0.0.0/0; limits IPv4 to a private range
        - IpProtocol: tcp
          FromPort: 21
          ToPort: 21
          CidrIp: 10.0.0.0/8  # Critical: not 0.0.0.0/0; limits IPv4 to a private range
```";"```hcl
# Terraform: restrict FTP (20,21) from Internet
resource ""aws_security_group"" ""<example_resource_name>"" {
  name   = ""<example_resource_name>""
  vpc_id = ""<example_resource_id>""

  ingress {
    from_port   = 20
    to_port     = 20
    protocol    = ""tcp""
    cidr_blocks = [""10.0.0.0/8""] # Critical: not 0.0.0.0/0; restricts IPv4
  }

  ingress {
    from_port   = 21
    to_port     = 21
    protocol    = ""tcp""
    cidr_blocks = [""10.0.0.0/8""] # Critical: not 0.0.0.0/0; restricts IPv4
  }
}
```";"aws ec2 revoke-security-group-ingress --group-id <SECURITY_GROUP_ID> --ip-permissions '[{""IpProtocol"":""tcp"",""FromPort"":20,""ToPort"":20,""IpRanges"":[{""CidrIp"":""0.0.0.0/0""}],""Ipv6Ranges"":[{""CidrIpv6"":""::/0""}]},{""IpProtocol"":""tcp"",""FromPort"":21,""ToPort"":21,""IpRanges"":[{""CidrIp"":""0.0.0.0/0""}],""Ipv6Ranges"":[{""CidrIpv6"":""::/0""}]}]'";"1. Open the AWS Console and go to EC2 > Security Groups
2. Select the security group attached to the affected resource
3. In Inbound rules, find any rules for TCP ports 20 or 21 with Source 0.0.0.0/0 or ::/0
4. Delete those rules (or edit them to a specific trusted CIDR only)
5. Save rules";SOC2: cc_6_6 | MITRE-ATTACK: T1199, T1048, T1499, T1498, T1046 | KISA-ISMS-P-2023: 2.6.1, 2.6.2, 2.6.6, 2.10.2 | C5-2025: PI-01.01AC | KISA-ISMS-P-2023-korean: 2.6.1, 2.6.2, 2.6.6, 2.10.2 | AWS-Well-Architected-Framework-Security-Pillar: SEC05-BP03 | AWS-Foundational-Technical-Review: NETSEC-001 | CCC-v2025.10: CCC.Core.CN01.AR03 | RBI-Cyber-Security-Framework: annex_i_1_3 | ProwlerThreatScore-1.0: 2.1.7 | ISO27001-2022: A.8.20, A.8.21, A.8.22;internet-exposed;;;;5.40.0;https://docs.aws.amazon.com/vpc/latest/userguide/VPC_SecurityGroups.html | https://www.trendmicro.com/trendaivisiononecloudriskmanagement/knowledge-base/aws/EC2/unrestricted-ftp-access.html;;
profile: None;2026-09-01 14:23:41.589109;128529977749;;;;;;prowler-aws-ec2_securitygroup_allow_ingress_from_internet_to_tcp_port_ftp_20_21-128529977749-eu-north-1-sg-0ab21fe0bf7823fec;aws;ec2_securitygroup_allow_ingress_from_internet_to_tcp_port_ftp_20_21;Security group does not allow ingress from 0.0.0.0/0 or ::/0 to FTP ports 20 or 21;Software and Configuration Checks/AWS Security Best Practices/Network Reachability | TTPs/Initial Access;PASS;Security group ce-capstone-db-20260831143455943400000009 (sg-0ab21fe0bf7823fec) does not have FTP ports 20 and 21 open to the Internet.;False;ec2;;high;AwsEc2SecurityGroup;arn:aws:ec2:eu-north-1:128529977749:security-group/sg-0ab21fe0bf7823fec;sg-0ab21fe0bf7823fec;ce-capstone-db-20260831143455943400000009;Owner=OWNER | Environment=prod | Project=ce-capstone | Name=ce-capstone-db-sg | ManagedBy=terraform;aws;eu-north-1;EC2 security groups are evaluated for Internet-exposed **FTP**: any inbound rule allowing `tcp` ports `20` or `21` from `0.0.0.0/0` or `::/0`.;"Exposed FTP weakens CIA:
- Confidentiality: cleartext credentials/files enable interception and brute force.
- Integrity: unauthorized uploads or tampering enable malware staging.
- Availability: mass scans and login attempts can exhaust resources and disrupt services.";;"Apply **least privilege** and **defense in depth**:
- Remove `0.0.0.0/0` and `::/0` to `20`/`21`; allow only trusted IPs or private access (VPN/peering).
- Prefer **SFTP/FTPS** or HTTPS; disable anonymous FTP.
- Segment transfer hosts, monitor access, and enforce rate limits and strong authentication.";https://hub.prowler.com/check/ec2_securitygroup_allow_ingress_from_internet_to_tcp_port_ftp_20_21;"```yaml
# CloudFormation: restrict FTP (20,21) from Internet
Resources:
  <example_resource_name>:
    Type: AWS::EC2::SecurityGroup
    Properties:
      GroupDescription: Restrict FTP from Internet
      VpcId: <example_resource_id>
      SecurityGroupIngress:
        - IpProtocol: tcp
          FromPort: 20
          ToPort: 20
          CidrIp: 10.0.0.0/8  # Critical: not 0.0.0.0/0; limits IPv4 to a private range
        - IpProtocol: tcp
          FromPort: 21
          ToPort: 21
          CidrIp: 10.0.0.0/8  # Critical: not 0.0.0.0/0; limits IPv4 to a private range
```";"```hcl
# Terraform: restrict FTP (20,21) from Internet
resource ""aws_security_group"" ""<example_resource_name>"" {
  name   = ""<example_resource_name>""
  vpc_id = ""<example_resource_id>""

  ingress {
    from_port   = 20
    to_port     = 20
    protocol    = ""tcp""
    cidr_blocks = [""10.0.0.0/8""] # Critical: not 0.0.0.0/0; restricts IPv4
  }

  ingress {
    from_port   = 21
    to_port     = 21
    protocol    = ""tcp""
    cidr_blocks = [""10.0.0.0/8""] # Critical: not 0.0.0.0/0; restricts IPv4
  }
}
```";"aws ec2 revoke-security-group-ingress --group-id <SECURITY_GROUP_ID> --ip-permissions '[{""IpProtocol"":""tcp"",""FromPort"":20,""ToPort"":20,""IpRanges"":[{""CidrIp"":""0.0.0.0/0""}],""Ipv6Ranges"":[{""CidrIpv6"":""::/0""}]},{""IpProtocol"":""tcp"",""FromPort"":21,""ToPort"":21,""IpRanges"":[{""CidrIp"":""0.0.0.0/0""}],""Ipv6Ranges"":[{""CidrIpv6"":""::/0""}]}]'";"1. Open the AWS Console and go to EC2 > Security Groups
2. Select the security group attached to the affected resource
3. In Inbound rules, find any rules for TCP ports 20 or 21 with Source 0.0.0.0/0 or ::/0
4. Delete those rules (or edit them to a specific trusted CIDR only)
5. Save rules";SOC2: cc_6_6 | MITRE-ATTACK: T1199, T1048, T1499, T1498, T1046 | KISA-ISMS-P-2023: 2.6.1, 2.6.2, 2.6.6, 2.10.2 | C5-2025: PI-01.01AC | KISA-ISMS-P-2023-korean: 2.6.1, 2.6.2, 2.6.6, 2.10.2 | AWS-Well-Architected-Framework-Security-Pillar: SEC05-BP03 | AWS-Foundational-Technical-Review: NETSEC-001 | CCC-v2025.10: CCC.Core.CN01.AR03 | RBI-Cyber-Security-Framework: annex_i_1_3 | ProwlerThreatScore-1.0: 2.1.7 | ISO27001-2022: A.8.20, A.8.21, A.8.22;internet-exposed;;;;5.40.0;https://docs.aws.amazon.com/vpc/latest/userguide/VPC_SecurityGroups.html | https://www.trendmicro.com/trendaivisiononecloudriskmanagement/knowledge-base/aws/EC2/unrestricted-ftp-access.html;;
profile: None;2026-09-01 14:23:41.589109;128529977749;;;;;;prowler-aws-ec2_securitygroup_allow_ingress_from_internet_to_tcp_port_ftp_20_21-128529977749-eu-north-1-sg-0ae6dc99a169add31;aws;ec2_securitygroup_allow_ingress_from_internet_to_tcp_port_ftp_20_21;Security group does not allow ingress from 0.0.0.0/0 or ::/0 to FTP ports 20 or 21;Software and Configuration Checks/AWS Security Best Practices/Network Reachability | TTPs/Initial Access;PASS;Security group ce-capstone-alb-20260831143450720000000006 (sg-0ae6dc99a169add31) does not have FTP ports 20 and 21 open to the Internet.;False;ec2;;high;AwsEc2SecurityGroup;arn:aws:ec2:eu-north-1:128529977749:security-group/sg-0ae6dc99a169add31;sg-0ae6dc99a169add31;ce-capstone-alb-20260831143450720000000006;Environment=prod | Owner=OWNER | ManagedBy=terraform | Name=ce-capstone-alb-sg | Project=ce-capstone;aws;eu-north-1;EC2 security groups are evaluated for Internet-exposed **FTP**: any inbound rule allowing `tcp` ports `20` or `21` from `0.0.0.0/0` or `::/0`.;"Exposed FTP weakens CIA:
- Confidentiality: cleartext credentials/files enable interception and brute force.
- Integrity: unauthorized uploads or tampering enable malware staging.
- Availability: mass scans and login attempts can exhaust resources and disrupt services.";;"Apply **least privilege** and **defense in depth**:
- Remove `0.0.0.0/0` and `::/0` to `20`/`21`; allow only trusted IPs or private access (VPN/peering).
- Prefer **SFTP/FTPS** or HTTPS; disable anonymous FTP.
- Segment transfer hosts, monitor access, and enforce rate limits and strong authentication.";https://hub.prowler.com/check/ec2_securitygroup_allow_ingress_from_internet_to_tcp_port_ftp_20_21;"```yaml
# CloudFormation: restrict FTP (20,21) from Internet
Resources:
  <example_resource_name>:
    Type: AWS::EC2::SecurityGroup
    Properties:
      GroupDescription: Restrict FTP from Internet
      VpcId: <example_resource_id>
      SecurityGroupIngress:
        - IpProtocol: tcp
          FromPort: 20
          ToPort: 20
          CidrIp: 10.0.0.0/8  # Critical: not 0.0.0.0/0; limits IPv4 to a private range
        - IpProtocol: tcp
          FromPort: 21
          ToPort: 21
          CidrIp: 10.0.0.0/8  # Critical: not 0.0.0.0/0; limits IPv4 to a private range
```";"```hcl
# Terraform: restrict FTP (20,21) from Internet
resource ""aws_security_group"" ""<example_resource_name>"" {
  name   = ""<example_resource_name>""
  vpc_id = ""<example_resource_id>""

  ingress {
    from_port   = 20
    to_port     = 20
    protocol    = ""tcp""
    cidr_blocks = [""10.0.0.0/8""] # Critical: not 0.0.0.0/0; restricts IPv4
  }

  ingress {
    from_port   = 21
    to_port     = 21
    protocol    = ""tcp""
    cidr_blocks = [""10.0.0.0/8""] # Critical: not 0.0.0.0/0; restricts IPv4
  }
}
```";"aws ec2 revoke-security-group-ingress --group-id <SECURITY_GROUP_ID> --ip-permissions '[{""IpProtocol"":""tcp"",""FromPort"":20,""ToPort"":20,""IpRanges"":[{""CidrIp"":""0.0.0.0/0""}],""Ipv6Ranges"":[{""CidrIpv6"":""::/0""}]},{""IpProtocol"":""tcp"",""FromPort"":21,""ToPort"":21,""IpRanges"":[{""CidrIp"":""0.0.0.0/0""}],""Ipv6Ranges"":[{""CidrIpv6"":""::/0""}]}]'";"1. Open the AWS Console and go to EC2 > Security Groups
2. Select the security group attached to the affected resource
3. In Inbound rules, find any rules for TCP ports 20 or 21 with Source 0.0.0.0/0 or ::/0
4. Delete those rules (or edit them to a specific trusted CIDR only)
5. Save rules";SOC2: cc_6_6 | MITRE-ATTACK: T1199, T1048, T1499, T1498, T1046 | KISA-ISMS-P-2023: 2.6.1, 2.6.2, 2.6.6, 2.10.2 | C5-2025: PI-01.01AC | KISA-ISMS-P-2023-korean: 2.6.1, 2.6.2, 2.6.6, 2.10.2 | AWS-Well-Architected-Framework-Security-Pillar: SEC05-BP03 | AWS-Foundational-Technical-Review: NETSEC-001 | CCC-v2025.10: CCC.Core.CN01.AR03 | RBI-Cyber-Security-Framework: annex_i_1_3 | ProwlerThreatScore-1.0: 2.1.7 | ISO27001-2022: A.8.20, A.8.21, A.8.22;internet-exposed;;;;5.40.0;https://docs.aws.amazon.com/vpc/latest/userguide/VPC_SecurityGroups.html | https://www.trendmicro.com/trendaivisiononecloudriskmanagement/knowledge-base/aws/EC2/unrestricted-ftp-access.html;;
profile: None;2026-09-01 14:23:41.589109;128529977749;;;;;;prowler-aws-ec2_securitygroup_allow_ingress_from_internet_to_tcp_port_ftp_20_21-128529977749-eu-north-1-sg-0f559018c82176a2b;aws;ec2_securitygroup_allow_ingress_from_internet_to_tcp_port_ftp_20_21;Security group does not allow ingress from 0.0.0.0/0 or ::/0 to FTP ports 20 or 21;Software and Configuration Checks/AWS Security Best Practices/Network Reachability | TTPs/Initial Access;PASS;Security group ce-capstone-nat-20260831143450716100000005 (sg-0f559018c82176a2b) does not have FTP ports 20 and 21 open to the Internet.;False;ec2;;high;AwsEc2SecurityGroup;arn:aws:ec2:eu-north-1:128529977749:security-group/sg-0f559018c82176a2b;sg-0f559018c82176a2b;ce-capstone-nat-20260831143450716100000005;ManagedBy=terraform | Name=ce-capstone-nat-sg | Project=ce-capstone | Environment=prod | Owner=OWNER;aws;eu-north-1;EC2 security groups are evaluated for Internet-exposed **FTP**: any inbound rule allowing `tcp` ports `20` or `21` from `0.0.0.0/0` or `::/0`.;"Exposed FTP weakens CIA:
- Confidentiality: cleartext credentials/files enable interception and brute force.
- Integrity: unauthorized uploads or tampering enable malware staging.
- Availability: mass scans and login attempts can exhaust resources and disrupt services.";;"Apply **least privilege** and **defense in depth**:
- Remove `0.0.0.0/0` and `::/0` to `20`/`21`; allow only trusted IPs or private access (VPN/peering).
- Prefer **SFTP/FTPS** or HTTPS; disable anonymous FTP.
- Segment transfer hosts, monitor access, and enforce rate limits and strong authentication.";https://hub.prowler.com/check/ec2_securitygroup_allow_ingress_from_internet_to_tcp_port_ftp_20_21;"```yaml
# CloudFormation: restrict FTP (20,21) from Internet
Resources:
  <example_resource_name>:
    Type: AWS::EC2::SecurityGroup
    Properties:
      GroupDescription: Restrict FTP from Internet
      VpcId: <example_resource_id>
      SecurityGroupIngress:
        - IpProtocol: tcp
          FromPort: 20
          ToPort: 20
          CidrIp: 10.0.0.0/8  # Critical: not 0.0.0.0/0; limits IPv4 to a private range
        - IpProtocol: tcp
          FromPort: 21
          ToPort: 21
          CidrIp: 10.0.0.0/8  # Critical: not 0.0.0.0/0; limits IPv4 to a private range
```";"```hcl
# Terraform: restrict FTP (20,21) from Internet
resource ""aws_security_group"" ""<example_resource_name>"" {
  name   = ""<example_resource_name>""
  vpc_id = ""<example_resource_id>""

  ingress {
    from_port   = 20
    to_port     = 20
    protocol    = ""tcp""
    cidr_blocks = [""10.0.0.0/8""] # Critical: not 0.0.0.0/0; restricts IPv4
  }

  ingress {
    from_port   = 21
    to_port     = 21
    protocol    = ""tcp""
    cidr_blocks = [""10.0.0.0/8""] # Critical: not 0.0.0.0/0; restricts IPv4
  }
}
```";"aws ec2 revoke-security-group-ingress --group-id <SECURITY_GROUP_ID> --ip-permissions '[{""IpProtocol"":""tcp"",""FromPort"":20,""ToPort"":20,""IpRanges"":[{""CidrIp"":""0.0.0.0/0""}],""Ipv6Ranges"":[{""CidrIpv6"":""::/0""}]},{""IpProtocol"":""tcp"",""FromPort"":21,""ToPort"":21,""IpRanges"":[{""CidrIp"":""0.0.0.0/0""}],""Ipv6Ranges"":[{""CidrIpv6"":""::/0""}]}]'";"1. Open the AWS Console and go to EC2 > Security Groups
2. Select the security group attached to the affected resource
3. In Inbound rules, find any rules for TCP ports 20 or 21 with Source 0.0.0.0/0 or ::/0
4. Delete those rules (or edit them to a specific trusted CIDR only)
5. Save rules";SOC2: cc_6_6 | MITRE-ATTACK: T1199, T1048, T1499, T1498, T1046 | KISA-ISMS-P-2023: 2.6.1, 2.6.2, 2.6.6, 2.10.2 | C5-2025: PI-01.01AC | KISA-ISMS-P-2023-korean: 2.6.1, 2.6.2, 2.6.6, 2.10.2 | AWS-Well-Architected-Framework-Security-Pillar: SEC05-BP03 | AWS-Foundational-Technical-Review: NETSEC-001 | CCC-v2025.10: CCC.Core.CN01.AR03 | RBI-Cyber-Security-Framework: annex_i_1_3 | ProwlerThreatScore-1.0: 2.1.7 | ISO27001-2022: A.8.20, A.8.21, A.8.22;internet-exposed;;;;5.40.0;https://docs.aws.amazon.com/vpc/latest/userguide/VPC_SecurityGroups.html | https://www.trendmicro.com/trendaivisiononecloudriskmanagement/knowledge-base/aws/EC2/unrestricted-ftp-access.html;;
profile: None;2026-09-01 14:23:41.589109;128529977749;;;;;;prowler-aws-ec2_securitygroup_allow_ingress_from_internet_to_tcp_port_kafka_9092-128529977749-eu-north-1-sg-004d1060824dafc6d;aws;ec2_securitygroup_allow_ingress_from_internet_to_tcp_port_kafka_9092;Security group does not allow ingress from 0.0.0.0/0 or ::/0 to TCP port 9092 (Kafka);Software and Configuration Checks/AWS Security Best Practices/Network Reachability | Software and Configuration Checks/Industry and Regulatory Standards/AWS Foundational Security Best Practices | TTPs/Initial Access/Unauthorized Access | Effects/Data Exposure;PASS;Security group ce-capstone-app-20260831143453433000000008 (sg-004d1060824dafc6d) does not have Kafka port 9092 open to the Internet.;False;ec2;;high;AwsEc2SecurityGroup;arn:aws:ec2:eu-north-1:128529977749:security-group/sg-004d1060824dafc6d;sg-004d1060824dafc6d;ce-capstone-app-20260831143453433000000008;Name=ce-capstone-app-sg | Project=ce-capstone | Environment=prod | ManagedBy=terraform | Owner=OWNER;aws;eu-north-1;**EC2 security groups** are evaluated for ingress rules that expose **Kafka** on `TCP 9092` to the Internet via `0.0.0.0/0` or `::/0`;Public Kafka `9092` access allows arbitrary clients to connect, enabling topic enumeration, data exfiltration, and producer/consumer impersonation (**C/I**). Brokers can be flooded or exploited, disrupting clusters (**A**). Exposure gives attackers a foothold for lateral movement inside the VPC.;;"Apply **least privilege**: restrict `9092` to required subnets or IPs; avoid `0.0.0.0/0` and `::/0`. Place brokers on private networks and use peering or VPN for access. Enforce **mutual TLS/SASL** and topic ACLs, and add **defense in depth** with segmentation and NACLs.";https://hub.prowler.com/check/ec2_securitygroup_allow_ingress_from_internet_to_tcp_port_kafka_9092;"```yaml
# CloudFormation: restrict Kafka (9092) from Internet
Resources:
  <example_resource_name>:
    Type: AWS::EC2::SecurityGroup
    Properties:
      GroupDescription: Restrict Kafka 9092
      VpcId: <example_resource_id>
      SecurityGroupIngress:
        - IpProtocol: tcp
          FromPort: 9092
          ToPort: 9092
          CidrIp: 10.0.0.0/8  # Critical: not 0.0.0.0/0; restricts access to private range to avoid Internet exposure
```";"```hcl
# Restrict Kafka (9092) from Internet
resource ""aws_security_group"" ""<example_resource_name>"" {
  name   = ""<example_resource_name>""
  vpc_id = ""<example_resource_id>""

  ingress {
    from_port   = 9092
    to_port     = 9092
    protocol    = ""tcp""
    cidr_blocks = [""10.0.0.0/8""] # Critical: not 0.0.0.0/0; restricts access to avoid Internet exposure
  }
}
```";"aws ec2 revoke-security-group-ingress --group-id <SECURITY_GROUP_ID> --ip-permissions '[{""IpProtocol"":""tcp"",""FromPort"":9092,""ToPort"":9092,""IpRanges"":[{""CidrIp"":""0.0.0.0/0""}],""Ipv6Ranges"":[{""CidrIpv6"":""::/0""}]}]'";"1. In AWS Console, go to EC2 > Security Groups
2. Select the group attached to the resource
3. Inbound rules > Edit inbound rules
4. Find any rule for TCP port 9092 with Source 0.0.0.0/0 or ::/0
5. Delete the rule or change Source to a specific trusted CIDR or security group
6. Save rules";SOC2: cc_6_6 | MITRE-ATTACK: T1199, T1048, T1499, T1498, T1046 | KISA-ISMS-P-2023: 2.6.1, 2.6.2, 2.10.2 | C5-2025: PI-01.01AC | KISA-ISMS-P-2023-korean: 2.6.1, 2.6.2, 2.10.2 | AWS-Well-Architected-Framework-Security-Pillar: SEC05-BP03 | AWS-Foundational-Technical-Review: NETSEC-001 | ProwlerThreatScore-1.0: 2.1.7 | ISO27001-2022: A.8.20, A.8.21, A.8.22;internet-exposed;;;;5.40.0;https://docs.aws.amazon.com/vpc/latest/userguide/VPC_SecurityGroups.html | https://support.icompaas.com/support/solutions/articles/62000233725-ensure-no-security-groups-allow-ingress-from-0-0-0-0-0-or-0-to-kafka-port-9092-;;
profile: None;2026-09-01 14:23:41.589109;128529977749;;;;;;prowler-aws-ec2_securitygroup_allow_ingress_from_internet_to_tcp_port_kafka_9092-128529977749-eu-north-1-sg-0ab21fe0bf7823fec;aws;ec2_securitygroup_allow_ingress_from_internet_to_tcp_port_kafka_9092;Security group does not allow ingress from 0.0.0.0/0 or ::/0 to TCP port 9092 (Kafka);Software and Configuration Checks/AWS Security Best Practices/Network Reachability | Software and Configuration Checks/Industry and Regulatory Standards/AWS Foundational Security Best Practices | TTPs/Initial Access/Unauthorized Access | Effects/Data Exposure;PASS;Security group ce-capstone-db-20260831143455943400000009 (sg-0ab21fe0bf7823fec) does not have Kafka port 9092 open to the Internet.;False;ec2;;high;AwsEc2SecurityGroup;arn:aws:ec2:eu-north-1:128529977749:security-group/sg-0ab21fe0bf7823fec;sg-0ab21fe0bf7823fec;ce-capstone-db-20260831143455943400000009;Owner=OWNER | Environment=prod | Project=ce-capstone | Name=ce-capstone-db-sg | ManagedBy=terraform;aws;eu-north-1;**EC2 security groups** are evaluated for ingress rules that expose **Kafka** on `TCP 9092` to the Internet via `0.0.0.0/0` or `::/0`;Public Kafka `9092` access allows arbitrary clients to connect, enabling topic enumeration, data exfiltration, and producer/consumer impersonation (**C/I**). Brokers can be flooded or exploited, disrupting clusters (**A**). Exposure gives attackers a foothold for lateral movement inside the VPC.;;"Apply **least privilege**: restrict `9092` to required subnets or IPs; avoid `0.0.0.0/0` and `::/0`. Place brokers on private networks and use peering or VPN for access. Enforce **mutual TLS/SASL** and topic ACLs, and add **defense in depth** with segmentation and NACLs.";https://hub.prowler.com/check/ec2_securitygroup_allow_ingress_from_internet_to_tcp_port_kafka_9092;"```yaml
# CloudFormation: restrict Kafka (9092) from Internet
Resources:
  <example_resource_name>:
    Type: AWS::EC2::SecurityGroup
    Properties:
      GroupDescription: Restrict Kafka 9092
      VpcId: <example_resource_id>
      SecurityGroupIngress:
        - IpProtocol: tcp
          FromPort: 9092
          ToPort: 9092
          CidrIp: 10.0.0.0/8  # Critical: not 0.0.0.0/0; restricts access to private range to avoid Internet exposure
```";"```hcl
# Restrict Kafka (9092) from Internet
resource ""aws_security_group"" ""<example_resource_name>"" {
  name   = ""<example_resource_name>""
  vpc_id = ""<example_resource_id>""

  ingress {
    from_port   = 9092
    to_port     = 9092
    protocol    = ""tcp""
    cidr_blocks = [""10.0.0.0/8""] # Critical: not 0.0.0.0/0; restricts access to avoid Internet exposure
  }
}
```";"aws ec2 revoke-security-group-ingress --group-id <SECURITY_GROUP_ID> --ip-permissions '[{""IpProtocol"":""tcp"",""FromPort"":9092,""ToPort"":9092,""IpRanges"":[{""CidrIp"":""0.0.0.0/0""}],""Ipv6Ranges"":[{""CidrIpv6"":""::/0""}]}]'";"1. In AWS Console, go to EC2 > Security Groups
2. Select the group attached to the resource
3. Inbound rules > Edit inbound rules
4. Find any rule for TCP port 9092 with Source 0.0.0.0/0 or ::/0
5. Delete the rule or change Source to a specific trusted CIDR or security group
6. Save rules";SOC2: cc_6_6 | MITRE-ATTACK: T1199, T1048, T1499, T1498, T1046 | KISA-ISMS-P-2023: 2.6.1, 2.6.2, 2.10.2 | C5-2025: PI-01.01AC | KISA-ISMS-P-2023-korean: 2.6.1, 2.6.2, 2.10.2 | AWS-Well-Architected-Framework-Security-Pillar: SEC05-BP03 | AWS-Foundational-Technical-Review: NETSEC-001 | ProwlerThreatScore-1.0: 2.1.7 | ISO27001-2022: A.8.20, A.8.21, A.8.22;internet-exposed;;;;5.40.0;https://docs.aws.amazon.com/vpc/latest/userguide/VPC_SecurityGroups.html | https://support.icompaas.com/support/solutions/articles/62000233725-ensure-no-security-groups-allow-ingress-from-0-0-0-0-0-or-0-to-kafka-port-9092-;;
profile: None;2026-09-01 14:23:41.589109;128529977749;;;;;;prowler-aws-ec2_securitygroup_allow_ingress_from_internet_to_tcp_port_kafka_9092-128529977749-eu-north-1-sg-0ae6dc99a169add31;aws;ec2_securitygroup_allow_ingress_from_internet_to_tcp_port_kafka_9092;Security group does not allow ingress from 0.0.0.0/0 or ::/0 to TCP port 9092 (Kafka);Software and Configuration Checks/AWS Security Best Practices/Network Reachability | Software and Configuration Checks/Industry and Regulatory Standards/AWS Foundational Security Best Practices | TTPs/Initial Access/Unauthorized Access | Effects/Data Exposure;PASS;Security group ce-capstone-alb-20260831143450720000000006 (sg-0ae6dc99a169add31) does not have Kafka port 9092 open to the Internet.;False;ec2;;high;AwsEc2SecurityGroup;arn:aws:ec2:eu-north-1:128529977749:security-group/sg-0ae6dc99a169add31;sg-0ae6dc99a169add31;ce-capstone-alb-20260831143450720000000006;Environment=prod | Owner=OWNER | ManagedBy=terraform | Name=ce-capstone-alb-sg | Project=ce-capstone;aws;eu-north-1;**EC2 security groups** are evaluated for ingress rules that expose **Kafka** on `TCP 9092` to the Internet via `0.0.0.0/0` or `::/0`;Public Kafka `9092` access allows arbitrary clients to connect, enabling topic enumeration, data exfiltration, and producer/consumer impersonation (**C/I**). Brokers can be flooded or exploited, disrupting clusters (**A**). Exposure gives attackers a foothold for lateral movement inside the VPC.;;"Apply **least privilege**: restrict `9092` to required subnets or IPs; avoid `0.0.0.0/0` and `::/0`. Place brokers on private networks and use peering or VPN for access. Enforce **mutual TLS/SASL** and topic ACLs, and add **defense in depth** with segmentation and NACLs.";https://hub.prowler.com/check/ec2_securitygroup_allow_ingress_from_internet_to_tcp_port_kafka_9092;"```yaml
# CloudFormation: restrict Kafka (9092) from Internet
Resources:
  <example_resource_name>:
    Type: AWS::EC2::SecurityGroup
    Properties:
      GroupDescription: Restrict Kafka 9092
      VpcId: <example_resource_id>
      SecurityGroupIngress:
        - IpProtocol: tcp
          FromPort: 9092
          ToPort: 9092
          CidrIp: 10.0.0.0/8  # Critical: not 0.0.0.0/0; restricts access to private range to avoid Internet exposure
```";"```hcl
# Restrict Kafka (9092) from Internet
resource ""aws_security_group"" ""<example_resource_name>"" {
  name   = ""<example_resource_name>""
  vpc_id = ""<example_resource_id>""

  ingress {
    from_port   = 9092
    to_port     = 9092
    protocol    = ""tcp""
    cidr_blocks = [""10.0.0.0/8""] # Critical: not 0.0.0.0/0; restricts access to avoid Internet exposure
  }
}
```";"aws ec2 revoke-security-group-ingress --group-id <SECURITY_GROUP_ID> --ip-permissions '[{""IpProtocol"":""tcp"",""FromPort"":9092,""ToPort"":9092,""IpRanges"":[{""CidrIp"":""0.0.0.0/0""}],""Ipv6Ranges"":[{""CidrIpv6"":""::/0""}]}]'";"1. In AWS Console, go to EC2 > Security Groups
2. Select the group attached to the resource
3. Inbound rules > Edit inbound rules
4. Find any rule for TCP port 9092 with Source 0.0.0.0/0 or ::/0
5. Delete the rule or change Source to a specific trusted CIDR or security group
6. Save rules";SOC2: cc_6_6 | MITRE-ATTACK: T1199, T1048, T1499, T1498, T1046 | KISA-ISMS-P-2023: 2.6.1, 2.6.2, 2.10.2 | C5-2025: PI-01.01AC | KISA-ISMS-P-2023-korean: 2.6.1, 2.6.2, 2.10.2 | AWS-Well-Architected-Framework-Security-Pillar: SEC05-BP03 | AWS-Foundational-Technical-Review: NETSEC-001 | ProwlerThreatScore-1.0: 2.1.7 | ISO27001-2022: A.8.20, A.8.21, A.8.22;internet-exposed;;;;5.40.0;https://docs.aws.amazon.com/vpc/latest/userguide/VPC_SecurityGroups.html | https://support.icompaas.com/support/solutions/articles/62000233725-ensure-no-security-groups-allow-ingress-from-0-0-0-0-0-or-0-to-kafka-port-9092-;;
profile: None;2026-09-01 14:23:41.589109;128529977749;;;;;;prowler-aws-ec2_securitygroup_allow_ingress_from_internet_to_tcp_port_kafka_9092-128529977749-eu-north-1-sg-0f559018c82176a2b;aws;ec2_securitygroup_allow_ingress_from_internet_to_tcp_port_kafka_9092;Security group does not allow ingress from 0.0.0.0/0 or ::/0 to TCP port 9092 (Kafka);Software and Configuration Checks/AWS Security Best Practices/Network Reachability | Software and Configuration Checks/Industry and Regulatory Standards/AWS Foundational Security Best Practices | TTPs/Initial Access/Unauthorized Access | Effects/Data Exposure;PASS;Security group ce-capstone-nat-20260831143450716100000005 (sg-0f559018c82176a2b) does not have Kafka port 9092 open to the Internet.;False;ec2;;high;AwsEc2SecurityGroup;arn:aws:ec2:eu-north-1:128529977749:security-group/sg-0f559018c82176a2b;sg-0f559018c82176a2b;ce-capstone-nat-20260831143450716100000005;ManagedBy=terraform | Name=ce-capstone-nat-sg | Project=ce-capstone | Environment=prod | Owner=OWNER;aws;eu-north-1;**EC2 security groups** are evaluated for ingress rules that expose **Kafka** on `TCP 9092` to the Internet via `0.0.0.0/0` or `::/0`;Public Kafka `9092` access allows arbitrary clients to connect, enabling topic enumeration, data exfiltration, and producer/consumer impersonation (**C/I**). Brokers can be flooded or exploited, disrupting clusters (**A**). Exposure gives attackers a foothold for lateral movement inside the VPC.;;"Apply **least privilege**: restrict `9092` to required subnets or IPs; avoid `0.0.0.0/0` and `::/0`. Place brokers on private networks and use peering or VPN for access. Enforce **mutual TLS/SASL** and topic ACLs, and add **defense in depth** with segmentation and NACLs.";https://hub.prowler.com/check/ec2_securitygroup_allow_ingress_from_internet_to_tcp_port_kafka_9092;"```yaml
# CloudFormation: restrict Kafka (9092) from Internet
Resources:
  <example_resource_name>:
    Type: AWS::EC2::SecurityGroup
    Properties:
      GroupDescription: Restrict Kafka 9092
      VpcId: <example_resource_id>
      SecurityGroupIngress:
        - IpProtocol: tcp
          FromPort: 9092
          ToPort: 9092
          CidrIp: 10.0.0.0/8  # Critical: not 0.0.0.0/0; restricts access to private range to avoid Internet exposure
```";"```hcl
# Restrict Kafka (9092) from Internet
resource ""aws_security_group"" ""<example_resource_name>"" {
  name   = ""<example_resource_name>""
  vpc_id = ""<example_resource_id>""

  ingress {
    from_port   = 9092
    to_port     = 9092
    protocol    = ""tcp""
    cidr_blocks = [""10.0.0.0/8""] # Critical: not 0.0.0.0/0; restricts access to avoid Internet exposure
  }
}
```";"aws ec2 revoke-security-group-ingress --group-id <SECURITY_GROUP_ID> --ip-permissions '[{""IpProtocol"":""tcp"",""FromPort"":9092,""ToPort"":9092,""IpRanges"":[{""CidrIp"":""0.0.0.0/0""}],""Ipv6Ranges"":[{""CidrIpv6"":""::/0""}]}]'";"1. In AWS Console, go to EC2 > Security Groups
2. Select the group attached to the resource
3. Inbound rules > Edit inbound rules
4. Find any rule for TCP port 9092 with Source 0.0.0.0/0 or ::/0
5. Delete the rule or change Source to a specific trusted CIDR or security group
6. Save rules";SOC2: cc_6_6 | MITRE-ATTACK: T1199, T1048, T1499, T1498, T1046 | KISA-ISMS-P-2023: 2.6.1, 2.6.2, 2.10.2 | C5-2025: PI-01.01AC | KISA-ISMS-P-2023-korean: 2.6.1, 2.6.2, 2.10.2 | AWS-Well-Architected-Framework-Security-Pillar: SEC05-BP03 | AWS-Foundational-Technical-Review: NETSEC-001 | ProwlerThreatScore-1.0: 2.1.7 | ISO27001-2022: A.8.20, A.8.21, A.8.22;internet-exposed;;;;5.40.0;https://docs.aws.amazon.com/vpc/latest/userguide/VPC_SecurityGroups.html | https://support.icompaas.com/support/solutions/articles/62000233725-ensure-no-security-groups-allow-ingress-from-0-0-0-0-0-or-0-to-kafka-port-9092-;;
profile: None;2026-09-01 14:23:41.589109;128529977749;;;;;;prowler-aws-ec2_securitygroup_allow_ingress_from_internet_to_tcp_port_memcached_11211-128529977749-eu-north-1-sg-004d1060824dafc6d;aws;ec2_securitygroup_allow_ingress_from_internet_to_tcp_port_memcached_11211;Security group does not allow ingress from 0.0.0.0/0 or ::/0 to Memcached TCP port 11211;Software and Configuration Checks/AWS Security Best Practices/Network Reachability | Software and Configuration Checks/Industry and Regulatory Standards/AWS Foundational Security Best Practices | TTPs/Initial Access | Effects/Data Exposure;PASS;Security group ce-capstone-app-20260831143453433000000008 (sg-004d1060824dafc6d) does not have Memcached port 11211 open to the Internet.;False;ec2;;high;AwsEc2SecurityGroup;arn:aws:ec2:eu-north-1:128529977749:security-group/sg-004d1060824dafc6d;sg-004d1060824dafc6d;ce-capstone-app-20260831143453433000000008;Name=ce-capstone-app-sg | Project=ce-capstone | Environment=prod | ManagedBy=terraform | Owner=OWNER;aws;eu-north-1;**EC2 security groups** are evaluated for inbound rules that permit Internet-sourced access to `TCP 11211` (Memcached) from `0.0.0.0/0` or `::/0`.;"Exposed **Memcached** enables unauthenticated access, impacting CIA:
- **Confidentiality**: read cached data (sessions, secrets)
- **Integrity**: modify or poison entries
- **Availability**: flush or overload cache, degrading apps

Open `11211` is widely scanned, enabling unauthorized access and lateral movement.";;"Apply **least privilege** and **segmentation**:
- Restrict `TCP 11211` to trusted CIDRs or security groups
- Keep Memcached on private subnets; avoid public IPs
- Add **defense in depth** with NACLs/firewalls; disable unused protocols
- Use private connectivity (VPN/peering) and monitor access";https://hub.prowler.com/check/ec2_securitygroup_allow_ingress_from_internet_to_tcp_port_memcached_11211;"```yaml
# CloudFormation: restrict Memcached (11211) from Internet
Resources:
  <example_resource_name>:
    Type: AWS::EC2::SecurityGroup
    Properties:
      GroupDescription: Restrict Memcached access
      VpcId: <example_resource_id>
      SecurityGroupIngress:
        - IpProtocol: tcp
          FromPort: 11211
          ToPort: 11211
          CidrIp: 10.0.0.0/8  # FIX: Not 0.0.0.0/0; limits access so 11211 isn't open to the Internet
```";"```hcl
# Restrict Memcached (11211) from Internet
resource ""aws_security_group"" ""<example_resource_name>"" {
  vpc_id = ""<example_resource_id>""

  ingress {
    from_port   = 11211
    to_port     = 11211
    protocol    = ""tcp""
    cidr_blocks = [""10.0.0.0/8""] # FIX: avoid 0.0.0.0/0 to prevent Internet exposure
  }
}
```";;"1. In the AWS Console, go to EC2 > Security Groups
2. Select the affected security group and open the Inbound rules tab
3. Click Edit inbound rules
4. Delete any rule allowing TCP 11211 from 0.0.0.0/0 or ::/0, or change its Source to a specific trusted CIDR
5. Click Save rules";SOC2: cc_6_6 | MITRE-ATTACK: T1199, T1048, T1499, T1498, T1046 | KISA-ISMS-P-2023: 2.6.1, 2.6.4, 2.10.2 | C5-2025: PI-01.01AC | KISA-ISMS-P-2023-korean: 2.6.1, 2.6.4, 2.10.2 | AWS-Well-Architected-Framework-Security-Pillar: SEC05-BP03 | AWS-Foundational-Technical-Review: NETSEC-001 | ProwlerThreatScore-1.0: 2.1.7 | ISO27001-2022: A.8.20, A.8.21, A.8.22;internet-exposed;;;;5.40.0;https://docs.aws.amazon.com/vpc/latest/userguide/VPC_SecurityGroups.html | https://support.icompaas.com/support/solutions/articles/62000127021-ensure-security-groups-do-not-allow-unrestricted-ingress-access-to-memcached-port-11211;;
profile: None;2026-09-01 14:23:41.589109;128529977749;;;;;;prowler-aws-ec2_securitygroup_allow_ingress_from_internet_to_tcp_port_memcached_11211-128529977749-eu-north-1-sg-0ab21fe0bf7823fec;aws;ec2_securitygroup_allow_ingress_from_internet_to_tcp_port_memcached_11211;Security group does not allow ingress from 0.0.0.0/0 or ::/0 to Memcached TCP port 11211;Software and Configuration Checks/AWS Security Best Practices/Network Reachability | Software and Configuration Checks/Industry and Regulatory Standards/AWS Foundational Security Best Practices | TTPs/Initial Access | Effects/Data Exposure;PASS;Security group ce-capstone-db-20260831143455943400000009 (sg-0ab21fe0bf7823fec) does not have Memcached port 11211 open to the Internet.;False;ec2;;high;AwsEc2SecurityGroup;arn:aws:ec2:eu-north-1:128529977749:security-group/sg-0ab21fe0bf7823fec;sg-0ab21fe0bf7823fec;ce-capstone-db-20260831143455943400000009;Owner=OWNER | Environment=prod | Project=ce-capstone | Name=ce-capstone-db-sg | ManagedBy=terraform;aws;eu-north-1;**EC2 security groups** are evaluated for inbound rules that permit Internet-sourced access to `TCP 11211` (Memcached) from `0.0.0.0/0` or `::/0`.;"Exposed **Memcached** enables unauthenticated access, impacting CIA:
- **Confidentiality**: read cached data (sessions, secrets)
- **Integrity**: modify or poison entries
- **Availability**: flush or overload cache, degrading apps

Open `11211` is widely scanned, enabling unauthorized access and lateral movement.";;"Apply **least privilege** and **segmentation**:
- Restrict `TCP 11211` to trusted CIDRs or security groups
- Keep Memcached on private subnets; avoid public IPs
- Add **defense in depth** with NACLs/firewalls; disable unused protocols
- Use private connectivity (VPN/peering) and monitor access";https://hub.prowler.com/check/ec2_securitygroup_allow_ingress_from_internet_to_tcp_port_memcached_11211;"```yaml
# CloudFormation: restrict Memcached (11211) from Internet
Resources:
  <example_resource_name>:
    Type: AWS::EC2::SecurityGroup
    Properties:
      GroupDescription: Restrict Memcached access
      VpcId: <example_resource_id>
      SecurityGroupIngress:
        - IpProtocol: tcp
          FromPort: 11211
          ToPort: 11211
          CidrIp: 10.0.0.0/8  # FIX: Not 0.0.0.0/0; limits access so 11211 isn't open to the Internet
```";"```hcl
# Restrict Memcached (11211) from Internet
resource ""aws_security_group"" ""<example_resource_name>"" {
  vpc_id = ""<example_resource_id>""

  ingress {
    from_port   = 11211
    to_port     = 11211
    protocol    = ""tcp""
    cidr_blocks = [""10.0.0.0/8""] # FIX: avoid 0.0.0.0/0 to prevent Internet exposure
  }
}
```";;"1. In the AWS Console, go to EC2 > Security Groups
2. Select the affected security group and open the Inbound rules tab
3. Click Edit inbound rules
4. Delete any rule allowing TCP 11211 from 0.0.0.0/0 or ::/0, or change its Source to a specific trusted CIDR
5. Click Save rules";SOC2: cc_6_6 | MITRE-ATTACK: T1199, T1048, T1499, T1498, T1046 | KISA-ISMS-P-2023: 2.6.1, 2.6.4, 2.10.2 | C5-2025: PI-01.01AC | KISA-ISMS-P-2023-korean: 2.6.1, 2.6.4, 2.10.2 | AWS-Well-Architected-Framework-Security-Pillar: SEC05-BP03 | AWS-Foundational-Technical-Review: NETSEC-001 | ProwlerThreatScore-1.0: 2.1.7 | ISO27001-2022: A.8.20, A.8.21, A.8.22;internet-exposed;;;;5.40.0;https://docs.aws.amazon.com/vpc/latest/userguide/VPC_SecurityGroups.html | https://support.icompaas.com/support/solutions/articles/62000127021-ensure-security-groups-do-not-allow-unrestricted-ingress-access-to-memcached-port-11211;;
profile: None;2026-09-01 14:23:41.589109;128529977749;;;;;;prowler-aws-ec2_securitygroup_allow_ingress_from_internet_to_tcp_port_memcached_11211-128529977749-eu-north-1-sg-0ae6dc99a169add31;aws;ec2_securitygroup_allow_ingress_from_internet_to_tcp_port_memcached_11211;Security group does not allow ingress from 0.0.0.0/0 or ::/0 to Memcached TCP port 11211;Software and Configuration Checks/AWS Security Best Practices/Network Reachability | Software and Configuration Checks/Industry and Regulatory Standards/AWS Foundational Security Best Practices | TTPs/Initial Access | Effects/Data Exposure;PASS;Security group ce-capstone-alb-20260831143450720000000006 (sg-0ae6dc99a169add31) does not have Memcached port 11211 open to the Internet.;False;ec2;;high;AwsEc2SecurityGroup;arn:aws:ec2:eu-north-1:128529977749:security-group/sg-0ae6dc99a169add31;sg-0ae6dc99a169add31;ce-capstone-alb-20260831143450720000000006;Environment=prod | Owner=OWNER | ManagedBy=terraform | Name=ce-capstone-alb-sg | Project=ce-capstone;aws;eu-north-1;**EC2 security groups** are evaluated for inbound rules that permit Internet-sourced access to `TCP 11211` (Memcached) from `0.0.0.0/0` or `::/0`.;"Exposed **Memcached** enables unauthenticated access, impacting CIA:
- **Confidentiality**: read cached data (sessions, secrets)
- **Integrity**: modify or poison entries
- **Availability**: flush or overload cache, degrading apps

Open `11211` is widely scanned, enabling unauthorized access and lateral movement.";;"Apply **least privilege** and **segmentation**:
- Restrict `TCP 11211` to trusted CIDRs or security groups
- Keep Memcached on private subnets; avoid public IPs
- Add **defense in depth** with NACLs/firewalls; disable unused protocols
- Use private connectivity (VPN/peering) and monitor access";https://hub.prowler.com/check/ec2_securitygroup_allow_ingress_from_internet_to_tcp_port_memcached_11211;"```yaml
# CloudFormation: restrict Memcached (11211) from Internet
Resources:
  <example_resource_name>:
    Type: AWS::EC2::SecurityGroup
    Properties:
      GroupDescription: Restrict Memcached access
      VpcId: <example_resource_id>
      SecurityGroupIngress:
        - IpProtocol: tcp
          FromPort: 11211
          ToPort: 11211
          CidrIp: 10.0.0.0/8  # FIX: Not 0.0.0.0/0; limits access so 11211 isn't open to the Internet
```";"```hcl
# Restrict Memcached (11211) from Internet
resource ""aws_security_group"" ""<example_resource_name>"" {
  vpc_id = ""<example_resource_id>""

  ingress {
    from_port   = 11211
    to_port     = 11211
    protocol    = ""tcp""
    cidr_blocks = [""10.0.0.0/8""] # FIX: avoid 0.0.0.0/0 to prevent Internet exposure
  }
}
```";;"1. In the AWS Console, go to EC2 > Security Groups
2. Select the affected security group and open the Inbound rules tab
3. Click Edit inbound rules
4. Delete any rule allowing TCP 11211 from 0.0.0.0/0 or ::/0, or change its Source to a specific trusted CIDR
5. Click Save rules";SOC2: cc_6_6 | MITRE-ATTACK: T1199, T1048, T1499, T1498, T1046 | KISA-ISMS-P-2023: 2.6.1, 2.6.4, 2.10.2 | C5-2025: PI-01.01AC | KISA-ISMS-P-2023-korean: 2.6.1, 2.6.4, 2.10.2 | AWS-Well-Architected-Framework-Security-Pillar: SEC05-BP03 | AWS-Foundational-Technical-Review: NETSEC-001 | ProwlerThreatScore-1.0: 2.1.7 | ISO27001-2022: A.8.20, A.8.21, A.8.22;internet-exposed;;;;5.40.0;https://docs.aws.amazon.com/vpc/latest/userguide/VPC_SecurityGroups.html | https://support.icompaas.com/support/solutions/articles/62000127021-ensure-security-groups-do-not-allow-unrestricted-ingress-access-to-memcached-port-11211;;
profile: None;2026-09-01 14:23:41.589109;128529977749;;;;;;prowler-aws-ec2_securitygroup_allow_ingress_from_internet_to_tcp_port_memcached_11211-128529977749-eu-north-1-sg-0f559018c82176a2b;aws;ec2_securitygroup_allow_ingress_from_internet_to_tcp_port_memcached_11211;Security group does not allow ingress from 0.0.0.0/0 or ::/0 to Memcached TCP port 11211;Software and Configuration Checks/AWS Security Best Practices/Network Reachability | Software and Configuration Checks/Industry and Regulatory Standards/AWS Foundational Security Best Practices | TTPs/Initial Access | Effects/Data Exposure;PASS;Security group ce-capstone-nat-20260831143450716100000005 (sg-0f559018c82176a2b) does not have Memcached port 11211 open to the Internet.;False;ec2;;high;AwsEc2SecurityGroup;arn:aws:ec2:eu-north-1:128529977749:security-group/sg-0f559018c82176a2b;sg-0f559018c82176a2b;ce-capstone-nat-20260831143450716100000005;ManagedBy=terraform | Name=ce-capstone-nat-sg | Project=ce-capstone | Environment=prod | Owner=OWNER;aws;eu-north-1;**EC2 security groups** are evaluated for inbound rules that permit Internet-sourced access to `TCP 11211` (Memcached) from `0.0.0.0/0` or `::/0`.;"Exposed **Memcached** enables unauthenticated access, impacting CIA:
- **Confidentiality**: read cached data (sessions, secrets)
- **Integrity**: modify or poison entries
- **Availability**: flush or overload cache, degrading apps

Open `11211` is widely scanned, enabling unauthorized access and lateral movement.";;"Apply **least privilege** and **segmentation**:
- Restrict `TCP 11211` to trusted CIDRs or security groups
- Keep Memcached on private subnets; avoid public IPs
- Add **defense in depth** with NACLs/firewalls; disable unused protocols
- Use private connectivity (VPN/peering) and monitor access";https://hub.prowler.com/check/ec2_securitygroup_allow_ingress_from_internet_to_tcp_port_memcached_11211;"```yaml
# CloudFormation: restrict Memcached (11211) from Internet
Resources:
  <example_resource_name>:
    Type: AWS::EC2::SecurityGroup
    Properties:
      GroupDescription: Restrict Memcached access
      VpcId: <example_resource_id>
      SecurityGroupIngress:
        - IpProtocol: tcp
          FromPort: 11211
          ToPort: 11211
          CidrIp: 10.0.0.0/8  # FIX: Not 0.0.0.0/0; limits access so 11211 isn't open to the Internet
```";"```hcl
# Restrict Memcached (11211) from Internet
resource ""aws_security_group"" ""<example_resource_name>"" {
  vpc_id = ""<example_resource_id>""

  ingress {
    from_port   = 11211
    to_port     = 11211
    protocol    = ""tcp""
    cidr_blocks = [""10.0.0.0/8""] # FIX: avoid 0.0.0.0/0 to prevent Internet exposure
  }
}
```";;"1. In the AWS Console, go to EC2 > Security Groups
2. Select the affected security group and open the Inbound rules tab
3. Click Edit inbound rules
4. Delete any rule allowing TCP 11211 from 0.0.0.0/0 or ::/0, or change its Source to a specific trusted CIDR
5. Click Save rules";SOC2: cc_6_6 | MITRE-ATTACK: T1199, T1048, T1499, T1498, T1046 | KISA-ISMS-P-2023: 2.6.1, 2.6.4, 2.10.2 | C5-2025: PI-01.01AC | KISA-ISMS-P-2023-korean: 2.6.1, 2.6.4, 2.10.2 | AWS-Well-Architected-Framework-Security-Pillar: SEC05-BP03 | AWS-Foundational-Technical-Review: NETSEC-001 | ProwlerThreatScore-1.0: 2.1.7 | ISO27001-2022: A.8.20, A.8.21, A.8.22;internet-exposed;;;;5.40.0;https://docs.aws.amazon.com/vpc/latest/userguide/VPC_SecurityGroups.html | https://support.icompaas.com/support/solutions/articles/62000127021-ensure-security-groups-do-not-allow-unrestricted-ingress-access-to-memcached-port-11211;;
profile: None;2026-09-01 14:23:41.589109;128529977749;;;;;;prowler-aws-ec2_securitygroup_allow_ingress_from_internet_to_tcp_port_mongodb_27017_27018-128529977749-eu-north-1-sg-004d1060824dafc6d;aws;ec2_securitygroup_allow_ingress_from_internet_to_tcp_port_mongodb_27017_27018;Security group does not allow ingress from 0.0.0.0/0 or ::/0 to MongoDB TCP ports 27017 and 27018;Software and Configuration Checks/AWS Security Best Practices/Network Reachability | TTPs/Initial Access | Effects/Data Exposure;PASS;Security group ce-capstone-app-20260831143453433000000008 (sg-004d1060824dafc6d) does not have MongoDB ports 27017 and 27018 open to the Internet.;False;ec2;;high;AwsEc2SecurityGroup;arn:aws:ec2:eu-north-1:128529977749:security-group/sg-004d1060824dafc6d;sg-004d1060824dafc6d;ce-capstone-app-20260831143453433000000008;Name=ce-capstone-app-sg | Project=ce-capstone | Environment=prod | ManagedBy=terraform | Owner=OWNER;aws;eu-north-1;"**EC2 security groups** are inspected for inbound rules that expose **MongoDB** on `TCP 27017-27018` to the Internet via `0.0.0.0/0` or `::/0`.

It identifies groups where these ports are reachable from any address.";"Public **MongoDB** ports invite unauthenticated probing, brute force, and misuse of weak configs. Attackers can read/alter data, drop collections, or deploy ransomware, compromising **confidentiality** and **integrity**.

Exposure also enables enumeration and lateral movement, threatening **availability**.";;"Apply **least privilege** to MongoDB access:
- Block `0.0.0.0/0` and `::/0`
- Allow only trusted IPs or private networks
- Prefer private connectivity and SG-to-SG references
- Enforce authentication and TLS
- Segment east-west traffic and monitor access for **defense in depth**";https://hub.prowler.com/check/ec2_securitygroup_allow_ingress_from_internet_to_tcp_port_mongodb_27017_27018;"```yaml
# CloudFormation: restrict MongoDB ports from Internet
Resources:
  <example_resource_name>:
    Type: AWS::EC2::SecurityGroup
    Properties:
      GroupDescription: Restrict MongoDB ports
      VpcId: <example_resource_id>
      SecurityGroupIngress:
        - IpProtocol: tcp
          FromPort: 27017
          ToPort: 27018
          CidrIp: 10.0.0.0/8  # FIX: not 0.0.0.0/0 or ::/0; limits access to internal range
```";"```hcl
# Restrict MongoDB ports from Internet
resource ""aws_security_group"" ""secure"" {
  name   = ""<example_resource_name>""
  vpc_id = ""<example_resource_id>""

  ingress {
    from_port   = 27017
    to_port     = 27018
    protocol    = ""tcp""
    cidr_blocks = [""10.0.0.0/8""] # FIX: not 0.0.0.0/0 or ::/0; restricts Internet access
  }
}
```";"aws ec2 revoke-security-group-ingress --group-id <SECURITY_GROUP_ID> --ip-permissions '[{""IpProtocol"":""tcp"",""FromPort"":27017,""ToPort"":27018,""IpRanges"":[{""CidrIp"":""0.0.0.0/0""}],""Ipv6Ranges"":[{""CidrIpv6"":""::/0""}]}]'";"1. In the AWS Console, go to EC2 > Security Groups
2. Select the security group attached to your resource
3. Open the Inbound rules tab and click Edit inbound rules
4. Find rules for TCP ports 27017 or 27018 with Source 0.0.0.0/0 or ::/0
5. Delete those rules or change Source to a specific trusted CIDR (e.g., 10.0.0.0/8)
6. Click Save rules";SOC2: cc_6_6 | MITRE-ATTACK: T1199, T1048, T1499, T1498, T1046 | KISA-ISMS-P-2023: 2.6.1, 2.6.4, 2.10.2 | C5-2025: PI-01.01AC | KISA-ISMS-P-2023-korean: 2.6.1, 2.6.4, 2.10.2 | AWS-Well-Architected-Framework-Security-Pillar: SEC05-BP03 | NIST-CSF-2.0: ac_5 | AWS-Foundational-Technical-Review: NETSEC-001 | ProwlerThreatScore-1.0: 2.1.7 | ISO27001-2022: A.8.20, A.8.21, A.8.22;internet-exposed;;;;5.40.0;https://docs.aws.amazon.com/vpc/latest/userguide/VPC_SecurityGroups.html | https://support.icompaas.com/support/solutions/articles/62000127019-ensure-security-groups-do-not-allow-unrestricted-ingress-access-to-mongodb-ports-27017-and-27018;;
profile: None;2026-09-01 14:23:41.589109;128529977749;;;;;;prowler-aws-ec2_securitygroup_allow_ingress_from_internet_to_tcp_port_mongodb_27017_27018-128529977749-eu-north-1-sg-0ab21fe0bf7823fec;aws;ec2_securitygroup_allow_ingress_from_internet_to_tcp_port_mongodb_27017_27018;Security group does not allow ingress from 0.0.0.0/0 or ::/0 to MongoDB TCP ports 27017 and 27018;Software and Configuration Checks/AWS Security Best Practices/Network Reachability | TTPs/Initial Access | Effects/Data Exposure;PASS;Security group ce-capstone-db-20260831143455943400000009 (sg-0ab21fe0bf7823fec) does not have MongoDB ports 27017 and 27018 open to the Internet.;False;ec2;;high;AwsEc2SecurityGroup;arn:aws:ec2:eu-north-1:128529977749:security-group/sg-0ab21fe0bf7823fec;sg-0ab21fe0bf7823fec;ce-capstone-db-20260831143455943400000009;Owner=OWNER | Environment=prod | Project=ce-capstone | Name=ce-capstone-db-sg | ManagedBy=terraform;aws;eu-north-1;"**EC2 security groups** are inspected for inbound rules that expose **MongoDB** on `TCP 27017-27018` to the Internet via `0.0.0.0/0` or `::/0`.

It identifies groups where these ports are reachable from any address.";"Public **MongoDB** ports invite unauthenticated probing, brute force, and misuse of weak configs. Attackers can read/alter data, drop collections, or deploy ransomware, compromising **confidentiality** and **integrity**.

Exposure also enables enumeration and lateral movement, threatening **availability**.";;"Apply **least privilege** to MongoDB access:
- Block `0.0.0.0/0` and `::/0`
- Allow only trusted IPs or private networks
- Prefer private connectivity and SG-to-SG references
- Enforce authentication and TLS
- Segment east-west traffic and monitor access for **defense in depth**";https://hub.prowler.com/check/ec2_securitygroup_allow_ingress_from_internet_to_tcp_port_mongodb_27017_27018;"```yaml
# CloudFormation: restrict MongoDB ports from Internet
Resources:
  <example_resource_name>:
    Type: AWS::EC2::SecurityGroup
    Properties:
      GroupDescription: Restrict MongoDB ports
      VpcId: <example_resource_id>
      SecurityGroupIngress:
        - IpProtocol: tcp
          FromPort: 27017
          ToPort: 27018
          CidrIp: 10.0.0.0/8  # FIX: not 0.0.0.0/0 or ::/0; limits access to internal range
```";"```hcl
# Restrict MongoDB ports from Internet
resource ""aws_security_group"" ""secure"" {
  name   = ""<example_resource_name>""
  vpc_id = ""<example_resource_id>""

  ingress {
    from_port   = 27017
    to_port     = 27018
    protocol    = ""tcp""
    cidr_blocks = [""10.0.0.0/8""] # FIX: not 0.0.0.0/0 or ::/0; restricts Internet access
  }
}
```";"aws ec2 revoke-security-group-ingress --group-id <SECURITY_GROUP_ID> --ip-permissions '[{""IpProtocol"":""tcp"",""FromPort"":27017,""ToPort"":27018,""IpRanges"":[{""CidrIp"":""0.0.0.0/0""}],""Ipv6Ranges"":[{""CidrIpv6"":""::/0""}]}]'";"1. In the AWS Console, go to EC2 > Security Groups
2. Select the security group attached to your resource
3. Open the Inbound rules tab and click Edit inbound rules
4. Find rules for TCP ports 27017 or 27018 with Source 0.0.0.0/0 or ::/0
5. Delete those rules or change Source to a specific trusted CIDR (e.g., 10.0.0.0/8)
6. Click Save rules";SOC2: cc_6_6 | MITRE-ATTACK: T1199, T1048, T1499, T1498, T1046 | KISA-ISMS-P-2023: 2.6.1, 2.6.4, 2.10.2 | C5-2025: PI-01.01AC | KISA-ISMS-P-2023-korean: 2.6.1, 2.6.4, 2.10.2 | AWS-Well-Architected-Framework-Security-Pillar: SEC05-BP03 | NIST-CSF-2.0: ac_5 | AWS-Foundational-Technical-Review: NETSEC-001 | ProwlerThreatScore-1.0: 2.1.7 | ISO27001-2022: A.8.20, A.8.21, A.8.22;internet-exposed;;;;5.40.0;https://docs.aws.amazon.com/vpc/latest/userguide/VPC_SecurityGroups.html | https://support.icompaas.com/support/solutions/articles/62000127019-ensure-security-groups-do-not-allow-unrestricted-ingress-access-to-mongodb-ports-27017-and-27018;;
profile: None;2026-09-01 14:23:41.589109;128529977749;;;;;;prowler-aws-ec2_securitygroup_allow_ingress_from_internet_to_tcp_port_mongodb_27017_27018-128529977749-eu-north-1-sg-0ae6dc99a169add31;aws;ec2_securitygroup_allow_ingress_from_internet_to_tcp_port_mongodb_27017_27018;Security group does not allow ingress from 0.0.0.0/0 or ::/0 to MongoDB TCP ports 27017 and 27018;Software and Configuration Checks/AWS Security Best Practices/Network Reachability | TTPs/Initial Access | Effects/Data Exposure;PASS;Security group ce-capstone-alb-20260831143450720000000006 (sg-0ae6dc99a169add31) does not have MongoDB ports 27017 and 27018 open to the Internet.;False;ec2;;high;AwsEc2SecurityGroup;arn:aws:ec2:eu-north-1:128529977749:security-group/sg-0ae6dc99a169add31;sg-0ae6dc99a169add31;ce-capstone-alb-20260831143450720000000006;Environment=prod | Owner=OWNER | ManagedBy=terraform | Name=ce-capstone-alb-sg | Project=ce-capstone;aws;eu-north-1;"**EC2 security groups** are inspected for inbound rules that expose **MongoDB** on `TCP 27017-27018` to the Internet via `0.0.0.0/0` or `::/0`.

It identifies groups where these ports are reachable from any address.";"Public **MongoDB** ports invite unauthenticated probing, brute force, and misuse of weak configs. Attackers can read/alter data, drop collections, or deploy ransomware, compromising **confidentiality** and **integrity**.

Exposure also enables enumeration and lateral movement, threatening **availability**.";;"Apply **least privilege** to MongoDB access:
- Block `0.0.0.0/0` and `::/0`
- Allow only trusted IPs or private networks
- Prefer private connectivity and SG-to-SG references
- Enforce authentication and TLS
- Segment east-west traffic and monitor access for **defense in depth**";https://hub.prowler.com/check/ec2_securitygroup_allow_ingress_from_internet_to_tcp_port_mongodb_27017_27018;"```yaml
# CloudFormation: restrict MongoDB ports from Internet
Resources:
  <example_resource_name>:
    Type: AWS::EC2::SecurityGroup
    Properties:
      GroupDescription: Restrict MongoDB ports
      VpcId: <example_resource_id>
      SecurityGroupIngress:
        - IpProtocol: tcp
          FromPort: 27017
          ToPort: 27018
          CidrIp: 10.0.0.0/8  # FIX: not 0.0.0.0/0 or ::/0; limits access to internal range
```";"```hcl
# Restrict MongoDB ports from Internet
resource ""aws_security_group"" ""secure"" {
  name   = ""<example_resource_name>""
  vpc_id = ""<example_resource_id>""

  ingress {
    from_port   = 27017
    to_port     = 27018
    protocol    = ""tcp""
    cidr_blocks = [""10.0.0.0/8""] # FIX: not 0.0.0.0/0 or ::/0; restricts Internet access
  }
}
```";"aws ec2 revoke-security-group-ingress --group-id <SECURITY_GROUP_ID> --ip-permissions '[{""IpProtocol"":""tcp"",""FromPort"":27017,""ToPort"":27018,""IpRanges"":[{""CidrIp"":""0.0.0.0/0""}],""Ipv6Ranges"":[{""CidrIpv6"":""::/0""}]}]'";"1. In the AWS Console, go to EC2 > Security Groups
2. Select the security group attached to your resource
3. Open the Inbound rules tab and click Edit inbound rules
4. Find rules for TCP ports 27017 or 27018 with Source 0.0.0.0/0 or ::/0
5. Delete those rules or change Source to a specific trusted CIDR (e.g., 10.0.0.0/8)
6. Click Save rules";SOC2: cc_6_6 | MITRE-ATTACK: T1199, T1048, T1499, T1498, T1046 | KISA-ISMS-P-2023: 2.6.1, 2.6.4, 2.10.2 | C5-2025: PI-01.01AC | KISA-ISMS-P-2023-korean: 2.6.1, 2.6.4, 2.10.2 | AWS-Well-Architected-Framework-Security-Pillar: SEC05-BP03 | NIST-CSF-2.0: ac_5 | AWS-Foundational-Technical-Review: NETSEC-001 | ProwlerThreatScore-1.0: 2.1.7 | ISO27001-2022: A.8.20, A.8.21, A.8.22;internet-exposed;;;;5.40.0;https://docs.aws.amazon.com/vpc/latest/userguide/VPC_SecurityGroups.html | https://support.icompaas.com/support/solutions/articles/62000127019-ensure-security-groups-do-not-allow-unrestricted-ingress-access-to-mongodb-ports-27017-and-27018;;
profile: None;2026-09-01 14:23:41.589109;128529977749;;;;;;prowler-aws-ec2_securitygroup_allow_ingress_from_internet_to_tcp_port_mongodb_27017_27018-128529977749-eu-north-1-sg-0f559018c82176a2b;aws;ec2_securitygroup_allow_ingress_from_internet_to_tcp_port_mongodb_27017_27018;Security group does not allow ingress from 0.0.0.0/0 or ::/0 to MongoDB TCP ports 27017 and 27018;Software and Configuration Checks/AWS Security Best Practices/Network Reachability | TTPs/Initial Access | Effects/Data Exposure;PASS;Security group ce-capstone-nat-20260831143450716100000005 (sg-0f559018c82176a2b) does not have MongoDB ports 27017 and 27018 open to the Internet.;False;ec2;;high;AwsEc2SecurityGroup;arn:aws:ec2:eu-north-1:128529977749:security-group/sg-0f559018c82176a2b;sg-0f559018c82176a2b;ce-capstone-nat-20260831143450716100000005;ManagedBy=terraform | Name=ce-capstone-nat-sg | Project=ce-capstone | Environment=prod | Owner=OWNER;aws;eu-north-1;"**EC2 security groups** are inspected for inbound rules that expose **MongoDB** on `TCP 27017-27018` to the Internet via `0.0.0.0/0` or `::/0`.

It identifies groups where these ports are reachable from any address.";"Public **MongoDB** ports invite unauthenticated probing, brute force, and misuse of weak configs. Attackers can read/alter data, drop collections, or deploy ransomware, compromising **confidentiality** and **integrity**.

Exposure also enables enumeration and lateral movement, threatening **availability**.";;"Apply **least privilege** to MongoDB access:
- Block `0.0.0.0/0` and `::/0`
- Allow only trusted IPs or private networks
- Prefer private connectivity and SG-to-SG references
- Enforce authentication and TLS
- Segment east-west traffic and monitor access for **defense in depth**";https://hub.prowler.com/check/ec2_securitygroup_allow_ingress_from_internet_to_tcp_port_mongodb_27017_27018;"```yaml
# CloudFormation: restrict MongoDB ports from Internet
Resources:
  <example_resource_name>:
    Type: AWS::EC2::SecurityGroup
    Properties:
      GroupDescription: Restrict MongoDB ports
      VpcId: <example_resource_id>
      SecurityGroupIngress:
        - IpProtocol: tcp
          FromPort: 27017
          ToPort: 27018
          CidrIp: 10.0.0.0/8  # FIX: not 0.0.0.0/0 or ::/0; limits access to internal range
```";"```hcl
# Restrict MongoDB ports from Internet
resource ""aws_security_group"" ""secure"" {
  name   = ""<example_resource_name>""
  vpc_id = ""<example_resource_id>""

  ingress {
    from_port   = 27017
    to_port     = 27018
    protocol    = ""tcp""
    cidr_blocks = [""10.0.0.0/8""] # FIX: not 0.0.0.0/0 or ::/0; restricts Internet access
  }
}
```";"aws ec2 revoke-security-group-ingress --group-id <SECURITY_GROUP_ID> --ip-permissions '[{""IpProtocol"":""tcp"",""FromPort"":27017,""ToPort"":27018,""IpRanges"":[{""CidrIp"":""0.0.0.0/0""}],""Ipv6Ranges"":[{""CidrIpv6"":""::/0""}]}]'";"1. In the AWS Console, go to EC2 > Security Groups
2. Select the security group attached to your resource
3. Open the Inbound rules tab and click Edit inbound rules
4. Find rules for TCP ports 27017 or 27018 with Source 0.0.0.0/0 or ::/0
5. Delete those rules or change Source to a specific trusted CIDR (e.g., 10.0.0.0/8)
6. Click Save rules";SOC2: cc_6_6 | MITRE-ATTACK: T1199, T1048, T1499, T1498, T1046 | KISA-ISMS-P-2023: 2.6.1, 2.6.4, 2.10.2 | C5-2025: PI-01.01AC | KISA-ISMS-P-2023-korean: 2.6.1, 2.6.4, 2.10.2 | AWS-Well-Architected-Framework-Security-Pillar: SEC05-BP03 | NIST-CSF-2.0: ac_5 | AWS-Foundational-Technical-Review: NETSEC-001 | ProwlerThreatScore-1.0: 2.1.7 | ISO27001-2022: A.8.20, A.8.21, A.8.22;internet-exposed;;;;5.40.0;https://docs.aws.amazon.com/vpc/latest/userguide/VPC_SecurityGroups.html | https://support.icompaas.com/support/solutions/articles/62000127019-ensure-security-groups-do-not-allow-unrestricted-ingress-access-to-mongodb-ports-27017-and-27018;;
profile: None;2026-09-01 14:23:41.589109;128529977749;;;;;;prowler-aws-ec2_securitygroup_allow_ingress_from_internet_to_tcp_port_mysql_3306-128529977749-eu-north-1-sg-004d1060824dafc6d;aws;ec2_securitygroup_allow_ingress_from_internet_to_tcp_port_mysql_3306;Security group does not allow ingress from 0.0.0.0/0 or ::/0 to MySQL port 3306;Software and Configuration Checks/AWS Security Best Practices/Network Reachability | Software and Configuration Checks/Industry and Regulatory Standards/AWS Foundational Security Best Practices | Software and Configuration Checks/Industry and Regulatory Standards/CIS AWS Foundations Benchmark | TTPs/Initial Access;PASS;Security group ce-capstone-app-20260831143453433000000008 (sg-004d1060824dafc6d) does not have MySQL port 3306 open to the Internet.;False;ec2;;high;AwsEc2SecurityGroup;arn:aws:ec2:eu-north-1:128529977749:security-group/sg-004d1060824dafc6d;sg-004d1060824dafc6d;ce-capstone-app-20260831143453433000000008;Name=ce-capstone-app-sg | Project=ce-capstone | Environment=prod | ManagedBy=terraform | Owner=OWNER;aws;eu-north-1;"**EC2 security groups** are assessed for **inbound exposure** of **MySQL** on `TCP 3306` from `0.0.0.0/0` or `::/0`.

The finding reflects whether this port is reachable from any IPv4 or IPv6 address.";"**Public MySQL** access lets anyone reach the service, enabling credential brute force and vulnerability exploitation. This threatens:
- **Confidentiality**: data exfiltration
- **Integrity**: unauthorized writes or schema changes
- **Availability**: DoS from abuse or scans";;Apply **least privilege**: restrict `3306` to specific sources or peer security groups only. Keep databases in private subnets and use **VPN**, **bastion**, or application proxies for admin access. Enable **defense in depth** with TLS and strong auth. Never allow `0.0.0.0/0` or `::/0` ingress.;https://hub.prowler.com/check/ec2_securitygroup_allow_ingress_from_internet_to_tcp_port_mysql_3306;"```yaml
# CloudFormation: restrict MySQL (3306) from Internet
Resources:
  ExampleSecurityGroup:
    Type: AWS::EC2::SecurityGroup
    Properties:
      GroupDescription: Limit MySQL access
      VpcId: <example_resource_id>
      SecurityGroupIngress:
        - IpProtocol: tcp
          FromPort: 3306
          ToPort: 3306
          CidrIp: 10.0.0.0/8  # Critical: not 0.0.0.0/0 or ::/0; limits MySQL to internal range
```";"```hcl
# Restrict MySQL (3306) from Internet
resource ""aws_security_group"" ""example_resource_name"" {
  vpc_id = ""<example_resource_id>""

  ingress {
    from_port   = 3306
    to_port     = 3306
    protocol    = ""tcp""
    cidr_blocks = [""10.0.0.0/8""] # Critical: not 0.0.0.0/0 or ::/0; restricts MySQL access
  }
}
```";;"1. In AWS Console, go to EC2 > Security Groups
2. Select the security group in use by the instance
3. In Inbound rules, click Edit inbound rules
4. Remove any rule for TCP port 3306 with source 0.0.0.0/0 or ::/0
5. Add a rule for TCP 3306 only from a trusted source (e.g., specific IP/CIDR or a security group)
6. Click Save rules";SOC2: cc_6_6 | MITRE-ATTACK: T1199, T1048, T1499, T1498, T1046 | KISA-ISMS-P-2023: 2.6.1, 2.6.4, 2.10.2 | C5-2025: PI-01.01AC | KISA-ISMS-P-2023-korean: 2.6.1, 2.6.4, 2.10.2 | AWS-Well-Architected-Framework-Security-Pillar: SEC05-BP03 | RBI-Cyber-Security-Framework: annex_i_1_3 | ProwlerThreatScore-1.0: 2.1.7 | ISO27001-2022: A.8.20, A.8.21, A.8.22;internet-exposed;;;;5.40.0;https://docs.aws.amazon.com/vpc/latest/userguide/VPC_SecurityGroups.html | https://www.trendmicro.com/trendaivisiononecloudriskmanagement/knowledge-base/aws/EC2/unrestricted-mysql-access.html;;
profile: None;2026-09-01 14:23:41.589109;128529977749;;;;;;prowler-aws-ec2_securitygroup_allow_ingress_from_internet_to_tcp_port_mysql_3306-128529977749-eu-north-1-sg-0ab21fe0bf7823fec;aws;ec2_securitygroup_allow_ingress_from_internet_to_tcp_port_mysql_3306;Security group does not allow ingress from 0.0.0.0/0 or ::/0 to MySQL port 3306;Software and Configuration Checks/AWS Security Best Practices/Network Reachability | Software and Configuration Checks/Industry and Regulatory Standards/AWS Foundational Security Best Practices | Software and Configuration Checks/Industry and Regulatory Standards/CIS AWS Foundations Benchmark | TTPs/Initial Access;PASS;Security group ce-capstone-db-20260831143455943400000009 (sg-0ab21fe0bf7823fec) does not have MySQL port 3306 open to the Internet.;False;ec2;;high;AwsEc2SecurityGroup;arn:aws:ec2:eu-north-1:128529977749:security-group/sg-0ab21fe0bf7823fec;sg-0ab21fe0bf7823fec;ce-capstone-db-20260831143455943400000009;Owner=OWNER | Environment=prod | Project=ce-capstone | Name=ce-capstone-db-sg | ManagedBy=terraform;aws;eu-north-1;"**EC2 security groups** are assessed for **inbound exposure** of **MySQL** on `TCP 3306` from `0.0.0.0/0` or `::/0`.

The finding reflects whether this port is reachable from any IPv4 or IPv6 address.";"**Public MySQL** access lets anyone reach the service, enabling credential brute force and vulnerability exploitation. This threatens:
- **Confidentiality**: data exfiltration
- **Integrity**: unauthorized writes or schema changes
- **Availability**: DoS from abuse or scans";;Apply **least privilege**: restrict `3306` to specific sources or peer security groups only. Keep databases in private subnets and use **VPN**, **bastion**, or application proxies for admin access. Enable **defense in depth** with TLS and strong auth. Never allow `0.0.0.0/0` or `::/0` ingress.;https://hub.prowler.com/check/ec2_securitygroup_allow_ingress_from_internet_to_tcp_port_mysql_3306;"```yaml
# CloudFormation: restrict MySQL (3306) from Internet
Resources:
  ExampleSecurityGroup:
    Type: AWS::EC2::SecurityGroup
    Properties:
      GroupDescription: Limit MySQL access
      VpcId: <example_resource_id>
      SecurityGroupIngress:
        - IpProtocol: tcp
          FromPort: 3306
          ToPort: 3306
          CidrIp: 10.0.0.0/8  # Critical: not 0.0.0.0/0 or ::/0; limits MySQL to internal range
```";"```hcl
# Restrict MySQL (3306) from Internet
resource ""aws_security_group"" ""example_resource_name"" {
  vpc_id = ""<example_resource_id>""

  ingress {
    from_port   = 3306
    to_port     = 3306
    protocol    = ""tcp""
    cidr_blocks = [""10.0.0.0/8""] # Critical: not 0.0.0.0/0 or ::/0; restricts MySQL access
  }
}
```";;"1. In AWS Console, go to EC2 > Security Groups
2. Select the security group in use by the instance
3. In Inbound rules, click Edit inbound rules
4. Remove any rule for TCP port 3306 with source 0.0.0.0/0 or ::/0
5. Add a rule for TCP 3306 only from a trusted source (e.g., specific IP/CIDR or a security group)
6. Click Save rules";SOC2: cc_6_6 | MITRE-ATTACK: T1199, T1048, T1499, T1498, T1046 | KISA-ISMS-P-2023: 2.6.1, 2.6.4, 2.10.2 | C5-2025: PI-01.01AC | KISA-ISMS-P-2023-korean: 2.6.1, 2.6.4, 2.10.2 | AWS-Well-Architected-Framework-Security-Pillar: SEC05-BP03 | RBI-Cyber-Security-Framework: annex_i_1_3 | ProwlerThreatScore-1.0: 2.1.7 | ISO27001-2022: A.8.20, A.8.21, A.8.22;internet-exposed;;;;5.40.0;https://docs.aws.amazon.com/vpc/latest/userguide/VPC_SecurityGroups.html | https://www.trendmicro.com/trendaivisiononecloudriskmanagement/knowledge-base/aws/EC2/unrestricted-mysql-access.html;;
profile: None;2026-09-01 14:23:41.589109;128529977749;;;;;;prowler-aws-ec2_securitygroup_allow_ingress_from_internet_to_tcp_port_mysql_3306-128529977749-eu-north-1-sg-0ae6dc99a169add31;aws;ec2_securitygroup_allow_ingress_from_internet_to_tcp_port_mysql_3306;Security group does not allow ingress from 0.0.0.0/0 or ::/0 to MySQL port 3306;Software and Configuration Checks/AWS Security Best Practices/Network Reachability | Software and Configuration Checks/Industry and Regulatory Standards/AWS Foundational Security Best Practices | Software and Configuration Checks/Industry and Regulatory Standards/CIS AWS Foundations Benchmark | TTPs/Initial Access;PASS;Security group ce-capstone-alb-20260831143450720000000006 (sg-0ae6dc99a169add31) does not have MySQL port 3306 open to the Internet.;False;ec2;;high;AwsEc2SecurityGroup;arn:aws:ec2:eu-north-1:128529977749:security-group/sg-0ae6dc99a169add31;sg-0ae6dc99a169add31;ce-capstone-alb-20260831143450720000000006;Environment=prod | Owner=OWNER | ManagedBy=terraform | Name=ce-capstone-alb-sg | Project=ce-capstone;aws;eu-north-1;"**EC2 security groups** are assessed for **inbound exposure** of **MySQL** on `TCP 3306` from `0.0.0.0/0` or `::/0`.

The finding reflects whether this port is reachable from any IPv4 or IPv6 address.";"**Public MySQL** access lets anyone reach the service, enabling credential brute force and vulnerability exploitation. This threatens:
- **Confidentiality**: data exfiltration
- **Integrity**: unauthorized writes or schema changes
- **Availability**: DoS from abuse or scans";;Apply **least privilege**: restrict `3306` to specific sources or peer security groups only. Keep databases in private subnets and use **VPN**, **bastion**, or application proxies for admin access. Enable **defense in depth** with TLS and strong auth. Never allow `0.0.0.0/0` or `::/0` ingress.;https://hub.prowler.com/check/ec2_securitygroup_allow_ingress_from_internet_to_tcp_port_mysql_3306;"```yaml
# CloudFormation: restrict MySQL (3306) from Internet
Resources:
  ExampleSecurityGroup:
    Type: AWS::EC2::SecurityGroup
    Properties:
      GroupDescription: Limit MySQL access
      VpcId: <example_resource_id>
      SecurityGroupIngress:
        - IpProtocol: tcp
          FromPort: 3306
          ToPort: 3306
          CidrIp: 10.0.0.0/8  # Critical: not 0.0.0.0/0 or ::/0; limits MySQL to internal range
```";"```hcl
# Restrict MySQL (3306) from Internet
resource ""aws_security_group"" ""example_resource_name"" {
  vpc_id = ""<example_resource_id>""

  ingress {
    from_port   = 3306
    to_port     = 3306
    protocol    = ""tcp""
    cidr_blocks = [""10.0.0.0/8""] # Critical: not 0.0.0.0/0 or ::/0; restricts MySQL access
  }
}
```";;"1. In AWS Console, go to EC2 > Security Groups
2. Select the security group in use by the instance
3. In Inbound rules, click Edit inbound rules
4. Remove any rule for TCP port 3306 with source 0.0.0.0/0 or ::/0
5. Add a rule for TCP 3306 only from a trusted source (e.g., specific IP/CIDR or a security group)
6. Click Save rules";SOC2: cc_6_6 | MITRE-ATTACK: T1199, T1048, T1499, T1498, T1046 | KISA-ISMS-P-2023: 2.6.1, 2.6.4, 2.10.2 | C5-2025: PI-01.01AC | KISA-ISMS-P-2023-korean: 2.6.1, 2.6.4, 2.10.2 | AWS-Well-Architected-Framework-Security-Pillar: SEC05-BP03 | RBI-Cyber-Security-Framework: annex_i_1_3 | ProwlerThreatScore-1.0: 2.1.7 | ISO27001-2022: A.8.20, A.8.21, A.8.22;internet-exposed;;;;5.40.0;https://docs.aws.amazon.com/vpc/latest/userguide/VPC_SecurityGroups.html | https://www.trendmicro.com/trendaivisiononecloudriskmanagement/knowledge-base/aws/EC2/unrestricted-mysql-access.html;;
profile: None;2026-09-01 14:23:41.589109;128529977749;;;;;;prowler-aws-ec2_securitygroup_allow_ingress_from_internet_to_tcp_port_mysql_3306-128529977749-eu-north-1-sg-0f559018c82176a2b;aws;ec2_securitygroup_allow_ingress_from_internet_to_tcp_port_mysql_3306;Security group does not allow ingress from 0.0.0.0/0 or ::/0 to MySQL port 3306;Software and Configuration Checks/AWS Security Best Practices/Network Reachability | Software and Configuration Checks/Industry and Regulatory Standards/AWS Foundational Security Best Practices | Software and Configuration Checks/Industry and Regulatory Standards/CIS AWS Foundations Benchmark | TTPs/Initial Access;PASS;Security group ce-capstone-nat-20260831143450716100000005 (sg-0f559018c82176a2b) does not have MySQL port 3306 open to the Internet.;False;ec2;;high;AwsEc2SecurityGroup;arn:aws:ec2:eu-north-1:128529977749:security-group/sg-0f559018c82176a2b;sg-0f559018c82176a2b;ce-capstone-nat-20260831143450716100000005;ManagedBy=terraform | Name=ce-capstone-nat-sg | Project=ce-capstone | Environment=prod | Owner=OWNER;aws;eu-north-1;"**EC2 security groups** are assessed for **inbound exposure** of **MySQL** on `TCP 3306` from `0.0.0.0/0` or `::/0`.

The finding reflects whether this port is reachable from any IPv4 or IPv6 address.";"**Public MySQL** access lets anyone reach the service, enabling credential brute force and vulnerability exploitation. This threatens:
- **Confidentiality**: data exfiltration
- **Integrity**: unauthorized writes or schema changes
- **Availability**: DoS from abuse or scans";;Apply **least privilege**: restrict `3306` to specific sources or peer security groups only. Keep databases in private subnets and use **VPN**, **bastion**, or application proxies for admin access. Enable **defense in depth** with TLS and strong auth. Never allow `0.0.0.0/0` or `::/0` ingress.;https://hub.prowler.com/check/ec2_securitygroup_allow_ingress_from_internet_to_tcp_port_mysql_3306;"```yaml
# CloudFormation: restrict MySQL (3306) from Internet
Resources:
  ExampleSecurityGroup:
    Type: AWS::EC2::SecurityGroup
    Properties:
      GroupDescription: Limit MySQL access
      VpcId: <example_resource_id>
      SecurityGroupIngress:
        - IpProtocol: tcp
          FromPort: 3306
          ToPort: 3306
          CidrIp: 10.0.0.0/8  # Critical: not 0.0.0.0/0 or ::/0; limits MySQL to internal range
```";"```hcl
# Restrict MySQL (3306) from Internet
resource ""aws_security_group"" ""example_resource_name"" {
  vpc_id = ""<example_resource_id>""

  ingress {
    from_port   = 3306
    to_port     = 3306
    protocol    = ""tcp""
    cidr_blocks = [""10.0.0.0/8""] # Critical: not 0.0.0.0/0 or ::/0; restricts MySQL access
  }
}
```";;"1. In AWS Console, go to EC2 > Security Groups
2. Select the security group in use by the instance
3. In Inbound rules, click Edit inbound rules
4. Remove any rule for TCP port 3306 with source 0.0.0.0/0 or ::/0
5. Add a rule for TCP 3306 only from a trusted source (e.g., specific IP/CIDR or a security group)
6. Click Save rules";SOC2: cc_6_6 | MITRE-ATTACK: T1199, T1048, T1499, T1498, T1046 | KISA-ISMS-P-2023: 2.6.1, 2.6.4, 2.10.2 | C5-2025: PI-01.01AC | KISA-ISMS-P-2023-korean: 2.6.1, 2.6.4, 2.10.2 | AWS-Well-Architected-Framework-Security-Pillar: SEC05-BP03 | RBI-Cyber-Security-Framework: annex_i_1_3 | ProwlerThreatScore-1.0: 2.1.7 | ISO27001-2022: A.8.20, A.8.21, A.8.22;internet-exposed;;;;5.40.0;https://docs.aws.amazon.com/vpc/latest/userguide/VPC_SecurityGroups.html | https://www.trendmicro.com/trendaivisiononecloudriskmanagement/knowledge-base/aws/EC2/unrestricted-mysql-access.html;;
profile: None;2026-09-01 14:23:41.589109;128529977749;;;;;;prowler-aws-ec2_securitygroup_allow_ingress_from_internet_to_tcp_port_oracle_1521_2483-128529977749-eu-north-1-sg-004d1060824dafc6d;aws;ec2_securitygroup_allow_ingress_from_internet_to_tcp_port_oracle_1521_2483;Security group does not allow ingress from 0.0.0.0/0 or ::/0 to Oracle TCP ports 1521 or 2483;Software and Configuration Checks/AWS Security Best Practices/Network Reachability | TTPs/Initial Access;PASS;Security group ce-capstone-app-20260831143453433000000008 (sg-004d1060824dafc6d) does not have Oracle ports 1521 and 2483 open to the Internet.;False;ec2;;high;AwsEc2SecurityGroup;arn:aws:ec2:eu-north-1:128529977749:security-group/sg-004d1060824dafc6d;sg-004d1060824dafc6d;ce-capstone-app-20260831143453433000000008;Name=ce-capstone-app-sg | Project=ce-capstone | Environment=prod | ManagedBy=terraform | Owner=OWNER;aws;eu-north-1;"**EC2 security groups** are evaluated for inbound rules that permit public sources (`0.0.0.0/0` or `::/0`) to `TCP 1521` or `TCP 2483`-Oracle listener ports.

The focus is on rules that make these ports reachable from the Internet over IPv4 or IPv6.";"Public Oracle listener exposure enables attackers to:
- **Brute force** credentials and enumerate services
- Exploit **listener flaws** for remote access
- Run unauthorized queries causing **data exfiltration**
- Launch **DoS** on the listener

This jeopardizes database confidentiality, integrity, and availability.";;"Apply **least privilege** and **defense in depth**: disallow public ingress to `TCP 1521` and `TCP 2483`.

Restrict access to trusted CIDRs or peer security groups, keep databases on private networks, and require **VPN**, **bastion**, or **proxy** access. Enforce **TLS** and segment east-west and north-south traffic.";https://hub.prowler.com/check/ec2_securitygroup_allow_ingress_from_internet_to_tcp_port_oracle_1521_2483;"```yaml
# CloudFormation: restrict Oracle ports 1521 and 2483 from Internet
Resources:
  <example_resource_name>:
    Type: AWS::EC2::SecurityGroup
    Properties:
      GroupDescription: Restrict Oracle ports from Internet
      VpcId: <example_resource_id>
      SecurityGroupIngress:
        - IpProtocol: tcp
          FromPort: 1521
          ToPort: 1521
          CidrIp: 10.0.0.0/8  # Critical: do not use 0.0.0.0/0; restrict source to internal range to block Internet
        - IpProtocol: tcp
          FromPort: 2483
          ToPort: 2483
          CidrIp: 10.0.0.0/8  # Critical: restrict Oracle port 2483 from Internet
```";"```hcl
# Restrict Oracle ports 1521 and 2483 from Internet
resource ""aws_security_group"" ""<example_resource_name>"" {
  name   = ""<example_resource_name>""
  vpc_id = ""<example_resource_id>""

  ingress {
    from_port   = 1521
    to_port     = 1521
    protocol    = ""tcp""
    cidr_blocks = [""10.0.0.0/8""] # Critical: do not use 0.0.0.0/0; restrict to internal range
  }

  ingress {
    from_port   = 2483
    to_port     = 2483
    protocol    = ""tcp""
    cidr_blocks = [""10.0.0.0/8""] # Critical: restrict Oracle port 2483 from Internet
  }
}
```";;"1. In the AWS Console, go to EC2 > Security Groups
2. Select the security group attached to the resource
3. Open the Inbound rules tab and click Edit inbound rules
4. For rules on TCP ports 1521 or 2483 with Source 0.0.0.0/0 or ::/0, delete them or change Source to a specific trusted CIDR (e.g., your internal range)
5. Click Save rules";SOC2: cc_6_6 | MITRE-ATTACK: T1199, T1048, T1499, T1498, T1046 | KISA-ISMS-P-2023: 2.6.1, 2.6.4, 2.10.2 | C5-2025: PI-01.01AC | KISA-ISMS-P-2023-korean: 2.6.1, 2.6.4, 2.10.2 | AWS-Well-Architected-Framework-Security-Pillar: SEC05-BP03 | NIST-CSF-2.0: ac_5 | AWS-Foundational-Technical-Review: NETSEC-001 | ProwlerThreatScore-1.0: 2.1.7 | ISO27001-2022: A.8.20, A.8.21, A.8.22;internet-exposed;;;;5.40.0;https://docs.aws.amazon.com/vpc/latest/userguide/VPC_SecurityGroups.html | https://support.icompaas.com/support/solutions/articles/62000236318-ensure-no-security-groups-allow-ingress-from-0-0-0-0-0-or-0-to-oracle-ports-1521-or-2483-;;
profile: None;2026-09-01 14:23:41.589109;128529977749;;;;;;prowler-aws-ec2_securitygroup_allow_ingress_from_internet_to_tcp_port_oracle_1521_2483-128529977749-eu-north-1-sg-0ab21fe0bf7823fec;aws;ec2_securitygroup_allow_ingress_from_internet_to_tcp_port_oracle_1521_2483;Security group does not allow ingress from 0.0.0.0/0 or ::/0 to Oracle TCP ports 1521 or 2483;Software and Configuration Checks/AWS Security Best Practices/Network Reachability | TTPs/Initial Access;PASS;Security group ce-capstone-db-20260831143455943400000009 (sg-0ab21fe0bf7823fec) does not have Oracle ports 1521 and 2483 open to the Internet.;False;ec2;;high;AwsEc2SecurityGroup;arn:aws:ec2:eu-north-1:128529977749:security-group/sg-0ab21fe0bf7823fec;sg-0ab21fe0bf7823fec;ce-capstone-db-20260831143455943400000009;Owner=OWNER | Environment=prod | Project=ce-capstone | Name=ce-capstone-db-sg | ManagedBy=terraform;aws;eu-north-1;"**EC2 security groups** are evaluated for inbound rules that permit public sources (`0.0.0.0/0` or `::/0`) to `TCP 1521` or `TCP 2483`-Oracle listener ports.

The focus is on rules that make these ports reachable from the Internet over IPv4 or IPv6.";"Public Oracle listener exposure enables attackers to:
- **Brute force** credentials and enumerate services
- Exploit **listener flaws** for remote access
- Run unauthorized queries causing **data exfiltration**
- Launch **DoS** on the listener

This jeopardizes database confidentiality, integrity, and availability.";;"Apply **least privilege** and **defense in depth**: disallow public ingress to `TCP 1521` and `TCP 2483`.

Restrict access to trusted CIDRs or peer security groups, keep databases on private networks, and require **VPN**, **bastion**, or **proxy** access. Enforce **TLS** and segment east-west and north-south traffic.";https://hub.prowler.com/check/ec2_securitygroup_allow_ingress_from_internet_to_tcp_port_oracle_1521_2483;"```yaml
# CloudFormation: restrict Oracle ports 1521 and 2483 from Internet
Resources:
  <example_resource_name>:
    Type: AWS::EC2::SecurityGroup
    Properties:
      GroupDescription: Restrict Oracle ports from Internet
      VpcId: <example_resource_id>
      SecurityGroupIngress:
        - IpProtocol: tcp
          FromPort: 1521
          ToPort: 1521
          CidrIp: 10.0.0.0/8  # Critical: do not use 0.0.0.0/0; restrict source to internal range to block Internet
        - IpProtocol: tcp
          FromPort: 2483
          ToPort: 2483
          CidrIp: 10.0.0.0/8  # Critical: restrict Oracle port 2483 from Internet
```";"```hcl
# Restrict Oracle ports 1521 and 2483 from Internet
resource ""aws_security_group"" ""<example_resource_name>"" {
  name   = ""<example_resource_name>""
  vpc_id = ""<example_resource_id>""

  ingress {
    from_port   = 1521
    to_port     = 1521
    protocol    = ""tcp""
    cidr_blocks = [""10.0.0.0/8""] # Critical: do not use 0.0.0.0/0; restrict to internal range
  }

  ingress {
    from_port   = 2483
    to_port     = 2483
    protocol    = ""tcp""
    cidr_blocks = [""10.0.0.0/8""] # Critical: restrict Oracle port 2483 from Internet
  }
}
```";;"1. In the AWS Console, go to EC2 > Security Groups
2. Select the security group attached to the resource
3. Open the Inbound rules tab and click Edit inbound rules
4. For rules on TCP ports 1521 or 2483 with Source 0.0.0.0/0 or ::/0, delete them or change Source to a specific trusted CIDR (e.g., your internal range)
5. Click Save rules";SOC2: cc_6_6 | MITRE-ATTACK: T1199, T1048, T1499, T1498, T1046 | KISA-ISMS-P-2023: 2.6.1, 2.6.4, 2.10.2 | C5-2025: PI-01.01AC | KISA-ISMS-P-2023-korean: 2.6.1, 2.6.4, 2.10.2 | AWS-Well-Architected-Framework-Security-Pillar: SEC05-BP03 | NIST-CSF-2.0: ac_5 | AWS-Foundational-Technical-Review: NETSEC-001 | ProwlerThreatScore-1.0: 2.1.7 | ISO27001-2022: A.8.20, A.8.21, A.8.22;internet-exposed;;;;5.40.0;https://docs.aws.amazon.com/vpc/latest/userguide/VPC_SecurityGroups.html | https://support.icompaas.com/support/solutions/articles/62000236318-ensure-no-security-groups-allow-ingress-from-0-0-0-0-0-or-0-to-oracle-ports-1521-or-2483-;;
profile: None;2026-09-01 14:23:41.589109;128529977749;;;;;;prowler-aws-ec2_securitygroup_allow_ingress_from_internet_to_tcp_port_oracle_1521_2483-128529977749-eu-north-1-sg-0ae6dc99a169add31;aws;ec2_securitygroup_allow_ingress_from_internet_to_tcp_port_oracle_1521_2483;Security group does not allow ingress from 0.0.0.0/0 or ::/0 to Oracle TCP ports 1521 or 2483;Software and Configuration Checks/AWS Security Best Practices/Network Reachability | TTPs/Initial Access;PASS;Security group ce-capstone-alb-20260831143450720000000006 (sg-0ae6dc99a169add31) does not have Oracle ports 1521 and 2483 open to the Internet.;False;ec2;;high;AwsEc2SecurityGroup;arn:aws:ec2:eu-north-1:128529977749:security-group/sg-0ae6dc99a169add31;sg-0ae6dc99a169add31;ce-capstone-alb-20260831143450720000000006;Environment=prod | Owner=OWNER | ManagedBy=terraform | Name=ce-capstone-alb-sg | Project=ce-capstone;aws;eu-north-1;"**EC2 security groups** are evaluated for inbound rules that permit public sources (`0.0.0.0/0` or `::/0`) to `TCP 1521` or `TCP 2483`-Oracle listener ports.

The focus is on rules that make these ports reachable from the Internet over IPv4 or IPv6.";"Public Oracle listener exposure enables attackers to:
- **Brute force** credentials and enumerate services
- Exploit **listener flaws** for remote access
- Run unauthorized queries causing **data exfiltration**
- Launch **DoS** on the listener

This jeopardizes database confidentiality, integrity, and availability.";;"Apply **least privilege** and **defense in depth**: disallow public ingress to `TCP 1521` and `TCP 2483`.

Restrict access to trusted CIDRs or peer security groups, keep databases on private networks, and require **VPN**, **bastion**, or **proxy** access. Enforce **TLS** and segment east-west and north-south traffic.";https://hub.prowler.com/check/ec2_securitygroup_allow_ingress_from_internet_to_tcp_port_oracle_1521_2483;"```yaml
# CloudFormation: restrict Oracle ports 1521 and 2483 from Internet
Resources:
  <example_resource_name>:
    Type: AWS::EC2::SecurityGroup
    Properties:
      GroupDescription: Restrict Oracle ports from Internet
      VpcId: <example_resource_id>
      SecurityGroupIngress:
        - IpProtocol: tcp
          FromPort: 1521
          ToPort: 1521
          CidrIp: 10.0.0.0/8  # Critical: do not use 0.0.0.0/0; restrict source to internal range to block Internet
        - IpProtocol: tcp
          FromPort: 2483
          ToPort: 2483
          CidrIp: 10.0.0.0/8  # Critical: restrict Oracle port 2483 from Internet
```";"```hcl
# Restrict Oracle ports 1521 and 2483 from Internet
resource ""aws_security_group"" ""<example_resource_name>"" {
  name   = ""<example_resource_name>""
  vpc_id = ""<example_resource_id>""

  ingress {
    from_port   = 1521
    to_port     = 1521
    protocol    = ""tcp""
    cidr_blocks = [""10.0.0.0/8""] # Critical: do not use 0.0.0.0/0; restrict to internal range
  }

  ingress {
    from_port   = 2483
    to_port     = 2483
    protocol    = ""tcp""
    cidr_blocks = [""10.0.0.0/8""] # Critical: restrict Oracle port 2483 from Internet
  }
}
```";;"1. In the AWS Console, go to EC2 > Security Groups
2. Select the security group attached to the resource
3. Open the Inbound rules tab and click Edit inbound rules
4. For rules on TCP ports 1521 or 2483 with Source 0.0.0.0/0 or ::/0, delete them or change Source to a specific trusted CIDR (e.g., your internal range)
5. Click Save rules";SOC2: cc_6_6 | MITRE-ATTACK: T1199, T1048, T1499, T1498, T1046 | KISA-ISMS-P-2023: 2.6.1, 2.6.4, 2.10.2 | C5-2025: PI-01.01AC | KISA-ISMS-P-2023-korean: 2.6.1, 2.6.4, 2.10.2 | AWS-Well-Architected-Framework-Security-Pillar: SEC05-BP03 | NIST-CSF-2.0: ac_5 | AWS-Foundational-Technical-Review: NETSEC-001 | ProwlerThreatScore-1.0: 2.1.7 | ISO27001-2022: A.8.20, A.8.21, A.8.22;internet-exposed;;;;5.40.0;https://docs.aws.amazon.com/vpc/latest/userguide/VPC_SecurityGroups.html | https://support.icompaas.com/support/solutions/articles/62000236318-ensure-no-security-groups-allow-ingress-from-0-0-0-0-0-or-0-to-oracle-ports-1521-or-2483-;;
profile: None;2026-09-01 14:23:41.589109;128529977749;;;;;;prowler-aws-ec2_securitygroup_allow_ingress_from_internet_to_tcp_port_oracle_1521_2483-128529977749-eu-north-1-sg-0f559018c82176a2b;aws;ec2_securitygroup_allow_ingress_from_internet_to_tcp_port_oracle_1521_2483;Security group does not allow ingress from 0.0.0.0/0 or ::/0 to Oracle TCP ports 1521 or 2483;Software and Configuration Checks/AWS Security Best Practices/Network Reachability | TTPs/Initial Access;PASS;Security group ce-capstone-nat-20260831143450716100000005 (sg-0f559018c82176a2b) does not have Oracle ports 1521 and 2483 open to the Internet.;False;ec2;;high;AwsEc2SecurityGroup;arn:aws:ec2:eu-north-1:128529977749:security-group/sg-0f559018c82176a2b;sg-0f559018c82176a2b;ce-capstone-nat-20260831143450716100000005;ManagedBy=terraform | Name=ce-capstone-nat-sg | Project=ce-capstone | Environment=prod | Owner=OWNER;aws;eu-north-1;"**EC2 security groups** are evaluated for inbound rules that permit public sources (`0.0.0.0/0` or `::/0`) to `TCP 1521` or `TCP 2483`-Oracle listener ports.

The focus is on rules that make these ports reachable from the Internet over IPv4 or IPv6.";"Public Oracle listener exposure enables attackers to:
- **Brute force** credentials and enumerate services
- Exploit **listener flaws** for remote access
- Run unauthorized queries causing **data exfiltration**
- Launch **DoS** on the listener

This jeopardizes database confidentiality, integrity, and availability.";;"Apply **least privilege** and **defense in depth**: disallow public ingress to `TCP 1521` and `TCP 2483`.

Restrict access to trusted CIDRs or peer security groups, keep databases on private networks, and require **VPN**, **bastion**, or **proxy** access. Enforce **TLS** and segment east-west and north-south traffic.";https://hub.prowler.com/check/ec2_securitygroup_allow_ingress_from_internet_to_tcp_port_oracle_1521_2483;"```yaml
# CloudFormation: restrict Oracle ports 1521 and 2483 from Internet
Resources:
  <example_resource_name>:
    Type: AWS::EC2::SecurityGroup
    Properties:
      GroupDescription: Restrict Oracle ports from Internet
      VpcId: <example_resource_id>
      SecurityGroupIngress:
        - IpProtocol: tcp
          FromPort: 1521
          ToPort: 1521
          CidrIp: 10.0.0.0/8  # Critical: do not use 0.0.0.0/0; restrict source to internal range to block Internet
        - IpProtocol: tcp
          FromPort: 2483
          ToPort: 2483
          CidrIp: 10.0.0.0/8  # Critical: restrict Oracle port 2483 from Internet
```";"```hcl
# Restrict Oracle ports 1521 and 2483 from Internet
resource ""aws_security_group"" ""<example_resource_name>"" {
  name   = ""<example_resource_name>""
  vpc_id = ""<example_resource_id>""

  ingress {
    from_port   = 1521
    to_port     = 1521
    protocol    = ""tcp""
    cidr_blocks = [""10.0.0.0/8""] # Critical: do not use 0.0.0.0/0; restrict to internal range
  }

  ingress {
    from_port   = 2483
    to_port     = 2483
    protocol    = ""tcp""
    cidr_blocks = [""10.0.0.0/8""] # Critical: restrict Oracle port 2483 from Internet
  }
}
```";;"1. In the AWS Console, go to EC2 > Security Groups
2. Select the security group attached to the resource
3. Open the Inbound rules tab and click Edit inbound rules
4. For rules on TCP ports 1521 or 2483 with Source 0.0.0.0/0 or ::/0, delete them or change Source to a specific trusted CIDR (e.g., your internal range)
5. Click Save rules";SOC2: cc_6_6 | MITRE-ATTACK: T1199, T1048, T1499, T1498, T1046 | KISA-ISMS-P-2023: 2.6.1, 2.6.4, 2.10.2 | C5-2025: PI-01.01AC | KISA-ISMS-P-2023-korean: 2.6.1, 2.6.4, 2.10.2 | AWS-Well-Architected-Framework-Security-Pillar: SEC05-BP03 | NIST-CSF-2.0: ac_5 | AWS-Foundational-Technical-Review: NETSEC-001 | ProwlerThreatScore-1.0: 2.1.7 | ISO27001-2022: A.8.20, A.8.21, A.8.22;internet-exposed;;;;5.40.0;https://docs.aws.amazon.com/vpc/latest/userguide/VPC_SecurityGroups.html | https://support.icompaas.com/support/solutions/articles/62000236318-ensure-no-security-groups-allow-ingress-from-0-0-0-0-0-or-0-to-oracle-ports-1521-or-2483-;;
profile: None;2026-09-01 14:23:41.589109;128529977749;;;;;;prowler-aws-ec2_securitygroup_allow_ingress_from_internet_to_tcp_port_postgres_5432-128529977749-eu-north-1-sg-004d1060824dafc6d;aws;ec2_securitygroup_allow_ingress_from_internet_to_tcp_port_postgres_5432;Security group does not allow ingress from 0.0.0.0/0 or ::/0 to Postgres TCP port 5432;Software and Configuration Checks/AWS Security Best Practices/Network Reachability | Software and Configuration Checks/Industry and Regulatory Standards/AWS Foundational Security Best Practices | Software and Configuration Checks/Industry and Regulatory Standards/CIS AWS Foundations Benchmark | TTPs/Initial Access | Effects/Data Exposure;PASS;Security group ce-capstone-app-20260831143453433000000008 (sg-004d1060824dafc6d) does not have Postgres port 5432 open to the Internet.;False;ec2;;high;AwsEc2SecurityGroup;arn:aws:ec2:eu-north-1:128529977749:security-group/sg-004d1060824dafc6d;sg-004d1060824dafc6d;ce-capstone-app-20260831143453433000000008;Name=ce-capstone-app-sg | Project=ce-capstone | Environment=prod | ManagedBy=terraform | Owner=OWNER;aws;eu-north-1;**EC2 security groups** are evaluated for inbound rules that expose **Postgres** on `TCP 5432` to the Internet. Rules permitting `0.0.0.0/0` or `::/0` to this port, or policies that open all ports publicly, are identified.;Exposing `5432` to the Internet enables credential stuffing and Postgres exploits, risking data disclosure (**confidentiality**), unauthorized changes (**integrity**), and service disruption via brute force or DoS (**availability**).;;Apply **least privilege** on security groups: remove `0.0.0.0/0` and `::/0` for `5432`, allow only trusted CIDRs or private peers. Prefer **private access** (VPC-only) via VPN, bastion, or proxy. Add **defense in depth** with SG references and network ACLs, and enforce TLS and strong authentication.;https://hub.prowler.com/check/ec2_securitygroup_allow_ingress_from_internet_to_tcp_port_postgres_5432;"```yaml
# CloudFormation: restrict Postgres (5432) from the Internet
Resources:
  <example_resource_name>:
    Type: AWS::EC2::SecurityGroup
    Properties:
      GroupDescription: ""<example_resource_name>""
      VpcId: ""<example_resource_id>""
      SecurityGroupIngress:
        - IpProtocol: tcp
          FromPort: 5432
          ToPort: 5432
          CidrIp: 10.0.0.0/8  # Critical: not 0.0.0.0/0 or ::/0; limits access so 5432 is not open to the Internet
```";"```hcl
# Security group with Postgres (5432) not exposed to the Internet
resource ""aws_security_group"" ""<example_resource_name>"" {
  name   = ""<example_resource_name>""
  vpc_id = ""<example_resource_id>""

  ingress {
    from_port   = 5432
    to_port     = 5432
    protocol    = ""tcp""
    cidr_blocks = [""10.0.0.0/8""] # Critical: avoid 0.0.0.0/0 or ::/0 to prevent Internet exposure
  }
}
```";aws ec2 revoke-security-group-ingress --group-id <SECURITY_GROUP_ID> --protocol tcp --port 5432 --cidr 0.0.0.0/0;"1. In the AWS Console, go to VPC > Security Groups
2. Select the affected security group
3. Open the Inbound rules tab and click Edit inbound rules
4. Locate any rule for PostgreSQL (port 5432) with Source 0.0.0.0/0 or ::/0
5. Delete the rule or change Source to a specific CIDR or security group
6. Click Save rules";SOC2: cc_6_6 | MITRE-ATTACK: T1199, T1048, T1499, T1498, T1046 | KISA-ISMS-P-2023: 2.6.1, 2.6.4, 2.10.2 | C5-2025: PI-01.01AC | KISA-ISMS-P-2023-korean: 2.6.1, 2.6.4, 2.10.2 | AWS-Well-Architected-Framework-Security-Pillar: SEC05-BP03 | NIST-CSF-2.0: ac_5 | AWS-Foundational-Technical-Review: NETSEC-001 | ProwlerThreatScore-1.0: 2.1.7 | ISO27001-2022: A.8.20, A.8.21, A.8.22;internet-exposed;;;;5.40.0;https://docs.aws.amazon.com/vpc/latest/userguide/VPC_SecurityGroups.html | https://www.trendmicro.com/trendaivisiononecloudriskmanagement/knowledge-base/aws/EC2/unrestricted-postgresql-access.html;;
profile: None;2026-09-01 14:23:41.589109;128529977749;;;;;;prowler-aws-ec2_securitygroup_allow_ingress_from_internet_to_tcp_port_postgres_5432-128529977749-eu-north-1-sg-0ab21fe0bf7823fec;aws;ec2_securitygroup_allow_ingress_from_internet_to_tcp_port_postgres_5432;Security group does not allow ingress from 0.0.0.0/0 or ::/0 to Postgres TCP port 5432;Software and Configuration Checks/AWS Security Best Practices/Network Reachability | Software and Configuration Checks/Industry and Regulatory Standards/AWS Foundational Security Best Practices | Software and Configuration Checks/Industry and Regulatory Standards/CIS AWS Foundations Benchmark | TTPs/Initial Access | Effects/Data Exposure;PASS;Security group ce-capstone-db-20260831143455943400000009 (sg-0ab21fe0bf7823fec) does not have Postgres port 5432 open to the Internet.;False;ec2;;high;AwsEc2SecurityGroup;arn:aws:ec2:eu-north-1:128529977749:security-group/sg-0ab21fe0bf7823fec;sg-0ab21fe0bf7823fec;ce-capstone-db-20260831143455943400000009;Owner=OWNER | Environment=prod | Project=ce-capstone | Name=ce-capstone-db-sg | ManagedBy=terraform;aws;eu-north-1;**EC2 security groups** are evaluated for inbound rules that expose **Postgres** on `TCP 5432` to the Internet. Rules permitting `0.0.0.0/0` or `::/0` to this port, or policies that open all ports publicly, are identified.;Exposing `5432` to the Internet enables credential stuffing and Postgres exploits, risking data disclosure (**confidentiality**), unauthorized changes (**integrity**), and service disruption via brute force or DoS (**availability**).;;Apply **least privilege** on security groups: remove `0.0.0.0/0` and `::/0` for `5432`, allow only trusted CIDRs or private peers. Prefer **private access** (VPC-only) via VPN, bastion, or proxy. Add **defense in depth** with SG references and network ACLs, and enforce TLS and strong authentication.;https://hub.prowler.com/check/ec2_securitygroup_allow_ingress_from_internet_to_tcp_port_postgres_5432;"```yaml
# CloudFormation: restrict Postgres (5432) from the Internet
Resources:
  <example_resource_name>:
    Type: AWS::EC2::SecurityGroup
    Properties:
      GroupDescription: ""<example_resource_name>""
      VpcId: ""<example_resource_id>""
      SecurityGroupIngress:
        - IpProtocol: tcp
          FromPort: 5432
          ToPort: 5432
          CidrIp: 10.0.0.0/8  # Critical: not 0.0.0.0/0 or ::/0; limits access so 5432 is not open to the Internet
```";"```hcl
# Security group with Postgres (5432) not exposed to the Internet
resource ""aws_security_group"" ""<example_resource_name>"" {
  name   = ""<example_resource_name>""
  vpc_id = ""<example_resource_id>""

  ingress {
    from_port   = 5432
    to_port     = 5432
    protocol    = ""tcp""
    cidr_blocks = [""10.0.0.0/8""] # Critical: avoid 0.0.0.0/0 or ::/0 to prevent Internet exposure
  }
}
```";aws ec2 revoke-security-group-ingress --group-id <SECURITY_GROUP_ID> --protocol tcp --port 5432 --cidr 0.0.0.0/0;"1. In the AWS Console, go to VPC > Security Groups
2. Select the affected security group
3. Open the Inbound rules tab and click Edit inbound rules
4. Locate any rule for PostgreSQL (port 5432) with Source 0.0.0.0/0 or ::/0
5. Delete the rule or change Source to a specific CIDR or security group
6. Click Save rules";SOC2: cc_6_6 | MITRE-ATTACK: T1199, T1048, T1499, T1498, T1046 | KISA-ISMS-P-2023: 2.6.1, 2.6.4, 2.10.2 | C5-2025: PI-01.01AC | KISA-ISMS-P-2023-korean: 2.6.1, 2.6.4, 2.10.2 | AWS-Well-Architected-Framework-Security-Pillar: SEC05-BP03 | NIST-CSF-2.0: ac_5 | AWS-Foundational-Technical-Review: NETSEC-001 | ProwlerThreatScore-1.0: 2.1.7 | ISO27001-2022: A.8.20, A.8.21, A.8.22;internet-exposed;;;;5.40.0;https://docs.aws.amazon.com/vpc/latest/userguide/VPC_SecurityGroups.html | https://www.trendmicro.com/trendaivisiononecloudriskmanagement/knowledge-base/aws/EC2/unrestricted-postgresql-access.html;;
profile: None;2026-09-01 14:23:41.589109;128529977749;;;;;;prowler-aws-ec2_securitygroup_allow_ingress_from_internet_to_tcp_port_postgres_5432-128529977749-eu-north-1-sg-0ae6dc99a169add31;aws;ec2_securitygroup_allow_ingress_from_internet_to_tcp_port_postgres_5432;Security group does not allow ingress from 0.0.0.0/0 or ::/0 to Postgres TCP port 5432;Software and Configuration Checks/AWS Security Best Practices/Network Reachability | Software and Configuration Checks/Industry and Regulatory Standards/AWS Foundational Security Best Practices | Software and Configuration Checks/Industry and Regulatory Standards/CIS AWS Foundations Benchmark | TTPs/Initial Access | Effects/Data Exposure;PASS;Security group ce-capstone-alb-20260831143450720000000006 (sg-0ae6dc99a169add31) does not have Postgres port 5432 open to the Internet.;False;ec2;;high;AwsEc2SecurityGroup;arn:aws:ec2:eu-north-1:128529977749:security-group/sg-0ae6dc99a169add31;sg-0ae6dc99a169add31;ce-capstone-alb-20260831143450720000000006;Environment=prod | Owner=OWNER | ManagedBy=terraform | Name=ce-capstone-alb-sg | Project=ce-capstone;aws;eu-north-1;**EC2 security groups** are evaluated for inbound rules that expose **Postgres** on `TCP 5432` to the Internet. Rules permitting `0.0.0.0/0` or `::/0` to this port, or policies that open all ports publicly, are identified.;Exposing `5432` to the Internet enables credential stuffing and Postgres exploits, risking data disclosure (**confidentiality**), unauthorized changes (**integrity**), and service disruption via brute force or DoS (**availability**).;;Apply **least privilege** on security groups: remove `0.0.0.0/0` and `::/0` for `5432`, allow only trusted CIDRs or private peers. Prefer **private access** (VPC-only) via VPN, bastion, or proxy. Add **defense in depth** with SG references and network ACLs, and enforce TLS and strong authentication.;https://hub.prowler.com/check/ec2_securitygroup_allow_ingress_from_internet_to_tcp_port_postgres_5432;"```yaml
# CloudFormation: restrict Postgres (5432) from the Internet
Resources:
  <example_resource_name>:
    Type: AWS::EC2::SecurityGroup
    Properties:
      GroupDescription: ""<example_resource_name>""
      VpcId: ""<example_resource_id>""
      SecurityGroupIngress:
        - IpProtocol: tcp
          FromPort: 5432
          ToPort: 5432
          CidrIp: 10.0.0.0/8  # Critical: not 0.0.0.0/0 or ::/0; limits access so 5432 is not open to the Internet
```";"```hcl
# Security group with Postgres (5432) not exposed to the Internet
resource ""aws_security_group"" ""<example_resource_name>"" {
  name   = ""<example_resource_name>""
  vpc_id = ""<example_resource_id>""

  ingress {
    from_port   = 5432
    to_port     = 5432
    protocol    = ""tcp""
    cidr_blocks = [""10.0.0.0/8""] # Critical: avoid 0.0.0.0/0 or ::/0 to prevent Internet exposure
  }
}
```";aws ec2 revoke-security-group-ingress --group-id <SECURITY_GROUP_ID> --protocol tcp --port 5432 --cidr 0.0.0.0/0;"1. In the AWS Console, go to VPC > Security Groups
2. Select the affected security group
3. Open the Inbound rules tab and click Edit inbound rules
4. Locate any rule for PostgreSQL (port 5432) with Source 0.0.0.0/0 or ::/0
5. Delete the rule or change Source to a specific CIDR or security group
6. Click Save rules";SOC2: cc_6_6 | MITRE-ATTACK: T1199, T1048, T1499, T1498, T1046 | KISA-ISMS-P-2023: 2.6.1, 2.6.4, 2.10.2 | C5-2025: PI-01.01AC | KISA-ISMS-P-2023-korean: 2.6.1, 2.6.4, 2.10.2 | AWS-Well-Architected-Framework-Security-Pillar: SEC05-BP03 | NIST-CSF-2.0: ac_5 | AWS-Foundational-Technical-Review: NETSEC-001 | ProwlerThreatScore-1.0: 2.1.7 | ISO27001-2022: A.8.20, A.8.21, A.8.22;internet-exposed;;;;5.40.0;https://docs.aws.amazon.com/vpc/latest/userguide/VPC_SecurityGroups.html | https://www.trendmicro.com/trendaivisiononecloudriskmanagement/knowledge-base/aws/EC2/unrestricted-postgresql-access.html;;
profile: None;2026-09-01 14:23:41.589109;128529977749;;;;;;prowler-aws-ec2_securitygroup_allow_ingress_from_internet_to_tcp_port_postgres_5432-128529977749-eu-north-1-sg-0f559018c82176a2b;aws;ec2_securitygroup_allow_ingress_from_internet_to_tcp_port_postgres_5432;Security group does not allow ingress from 0.0.0.0/0 or ::/0 to Postgres TCP port 5432;Software and Configuration Checks/AWS Security Best Practices/Network Reachability | Software and Configuration Checks/Industry and Regulatory Standards/AWS Foundational Security Best Practices | Software and Configuration Checks/Industry and Regulatory Standards/CIS AWS Foundations Benchmark | TTPs/Initial Access | Effects/Data Exposure;PASS;Security group ce-capstone-nat-20260831143450716100000005 (sg-0f559018c82176a2b) does not have Postgres port 5432 open to the Internet.;False;ec2;;high;AwsEc2SecurityGroup;arn:aws:ec2:eu-north-1:128529977749:security-group/sg-0f559018c82176a2b;sg-0f559018c82176a2b;ce-capstone-nat-20260831143450716100000005;ManagedBy=terraform | Name=ce-capstone-nat-sg | Project=ce-capstone | Environment=prod | Owner=OWNER;aws;eu-north-1;**EC2 security groups** are evaluated for inbound rules that expose **Postgres** on `TCP 5432` to the Internet. Rules permitting `0.0.0.0/0` or `::/0` to this port, or policies that open all ports publicly, are identified.;Exposing `5432` to the Internet enables credential stuffing and Postgres exploits, risking data disclosure (**confidentiality**), unauthorized changes (**integrity**), and service disruption via brute force or DoS (**availability**).;;Apply **least privilege** on security groups: remove `0.0.0.0/0` and `::/0` for `5432`, allow only trusted CIDRs or private peers. Prefer **private access** (VPC-only) via VPN, bastion, or proxy. Add **defense in depth** with SG references and network ACLs, and enforce TLS and strong authentication.;https://hub.prowler.com/check/ec2_securitygroup_allow_ingress_from_internet_to_tcp_port_postgres_5432;"```yaml
# CloudFormation: restrict Postgres (5432) from the Internet
Resources:
  <example_resource_name>:
    Type: AWS::EC2::SecurityGroup
    Properties:
      GroupDescription: ""<example_resource_name>""
      VpcId: ""<example_resource_id>""
      SecurityGroupIngress:
        - IpProtocol: tcp
          FromPort: 5432
          ToPort: 5432
          CidrIp: 10.0.0.0/8  # Critical: not 0.0.0.0/0 or ::/0; limits access so 5432 is not open to the Internet
```";"```hcl
# Security group with Postgres (5432) not exposed to the Internet
resource ""aws_security_group"" ""<example_resource_name>"" {
  name   = ""<example_resource_name>""
  vpc_id = ""<example_resource_id>""

  ingress {
    from_port   = 5432
    to_port     = 5432
    protocol    = ""tcp""
    cidr_blocks = [""10.0.0.0/8""] # Critical: avoid 0.0.0.0/0 or ::/0 to prevent Internet exposure
  }
}
```";aws ec2 revoke-security-group-ingress --group-id <SECURITY_GROUP_ID> --protocol tcp --port 5432 --cidr 0.0.0.0/0;"1. In the AWS Console, go to VPC > Security Groups
2. Select the affected security group
3. Open the Inbound rules tab and click Edit inbound rules
4. Locate any rule for PostgreSQL (port 5432) with Source 0.0.0.0/0 or ::/0
5. Delete the rule or change Source to a specific CIDR or security group
6. Click Save rules";SOC2: cc_6_6 | MITRE-ATTACK: T1199, T1048, T1499, T1498, T1046 | KISA-ISMS-P-2023: 2.6.1, 2.6.4, 2.10.2 | C5-2025: PI-01.01AC | KISA-ISMS-P-2023-korean: 2.6.1, 2.6.4, 2.10.2 | AWS-Well-Architected-Framework-Security-Pillar: SEC05-BP03 | NIST-CSF-2.0: ac_5 | AWS-Foundational-Technical-Review: NETSEC-001 | ProwlerThreatScore-1.0: 2.1.7 | ISO27001-2022: A.8.20, A.8.21, A.8.22;internet-exposed;;;;5.40.0;https://docs.aws.amazon.com/vpc/latest/userguide/VPC_SecurityGroups.html | https://www.trendmicro.com/trendaivisiononecloudriskmanagement/knowledge-base/aws/EC2/unrestricted-postgresql-access.html;;
profile: None;2026-09-01 14:23:41.589109;128529977749;;;;;;prowler-aws-ec2_securitygroup_allow_ingress_from_internet_to_tcp_port_redis_6379-128529977749-eu-north-1-sg-004d1060824dafc6d;aws;ec2_securitygroup_allow_ingress_from_internet_to_tcp_port_redis_6379;Security group does not allow ingress from 0.0.0.0/0 or ::/0 to Redis TCP port 6379;Software and Configuration Checks/AWS Security Best Practices/Network Reachability | Software and Configuration Checks/Industry and Regulatory Standards/AWS Foundational Security Best Practices | Software and Configuration Checks/Industry and Regulatory Standards/CIS AWS Foundations Benchmark | TTPs/Initial Access | Effects/Data Exposure;PASS;Security group ce-capstone-app-20260831143453433000000008 (sg-004d1060824dafc6d) does not have Redis port 6379 open to the Internet.;False;ec2;;high;AwsEc2SecurityGroup;arn:aws:ec2:eu-north-1:128529977749:security-group/sg-004d1060824dafc6d;sg-004d1060824dafc6d;ce-capstone-app-20260831143453433000000008;Name=ce-capstone-app-sg | Project=ce-capstone | Environment=prod | ManagedBy=terraform | Owner=OWNER;aws;eu-north-1;**EC2 security groups** permitting Internet sources (`0.0.0.0/0` or `::/0`) to `TCP 6379` are identified, indicating Redis is reachable from public networks;"Public Redis access undermines **confidentiality, integrity, and availability**:
- Read keys and secrets
- Modify or flush data and configs
- Exhaust memory for DoS
Attackers can brute-force `AUTH`, exploit replication or modules for code execution, and pivot within the VPC.";;"Restrict Redis to **private connectivity** and apply **least privilege**:
- Allow `6379` only from required app hosts, security groups, or CIDRs
- Prefer VPC/private networks or VPN over public IPs
- Enforce Redis `AUTH` and TLS, bind to private interfaces
- Use segmentation and monitoring for **defense in depth**";https://hub.prowler.com/check/ec2_securitygroup_allow_ingress_from_internet_to_tcp_port_redis_6379;"```yaml
# CloudFormation: restrict Redis (6379) from Internet
Resources:
  SecureSecurityGroup:
    Type: AWS::EC2::SecurityGroup
    Properties:
      GroupDescription: Restrict Redis access
      VpcId: <example_resource_id>
      SecurityGroupIngress:
        - IpProtocol: tcp
          FromPort: 6379
          ToPort: 6379
          CidrIp: 10.0.0.0/8  # Critical: do NOT use 0.0.0.0/0 or ::/0; restrict to trusted CIDR
```";"```hcl
# Security group with Redis limited to trusted sources
resource ""aws_security_group"" ""secure"" {
  vpc_id = ""<example_resource_id>""

  ingress {
    from_port   = 6379
    to_port     = 6379
    protocol    = ""tcp""
    cidr_blocks = [""10.0.0.0/8""] # Critical: do NOT use 0.0.0.0/0 or ::/0; restrict to trusted CIDR
  }
}
```";aws ec2 revoke-security-group-ingress --group-id <SECURITY_GROUP_ID> --protocol tcp --port 6379 --cidr 0.0.0.0/0;"1. In the AWS Console, go to EC2 > Security Groups
2. Select the affected security group
3. Open the Inbound rules tab and click Edit inbound rules
4. Find any rule allowing TCP port 6379 with Source 0.0.0.0/0 or ::/0
5. Delete that rule (or change Source to a trusted CIDR or security group)
6. Click Save rules";SOC2: cc_6_6 | MITRE-ATTACK: T1199, T1048, T1499, T1498, T1046 | KISA-ISMS-P-2023: 2.6.1, 2.6.4, 2.10.2 | C5-2025: PI-01.01AC | KISA-ISMS-P-2023-korean: 2.6.1, 2.6.4, 2.10.2 | AWS-Well-Architected-Framework-Security-Pillar: SEC05-BP03 | AWS-Foundational-Technical-Review: NETSEC-001 | ProwlerThreatScore-1.0: 2.1.7 | ISO27001-2022: A.8.20, A.8.21, A.8.22;internet-exposed;;;;5.40.0;https://docs.aws.amazon.com/vpc/latest/userguide/VPC_SecurityGroups.html | https://support.icompaas.com/support/solutions/articles/62000233806-ensure-no-ec2-instances-allow-ingress-from-the-internet-to-tcp-port-6379-redis-;;
profile: None;2026-09-01 14:23:41.589109;128529977749;;;;;;prowler-aws-ec2_securitygroup_allow_ingress_from_internet_to_tcp_port_redis_6379-128529977749-eu-north-1-sg-0ab21fe0bf7823fec;aws;ec2_securitygroup_allow_ingress_from_internet_to_tcp_port_redis_6379;Security group does not allow ingress from 0.0.0.0/0 or ::/0 to Redis TCP port 6379;Software and Configuration Checks/AWS Security Best Practices/Network Reachability | Software and Configuration Checks/Industry and Regulatory Standards/AWS Foundational Security Best Practices | Software and Configuration Checks/Industry and Regulatory Standards/CIS AWS Foundations Benchmark | TTPs/Initial Access | Effects/Data Exposure;PASS;Security group ce-capstone-db-20260831143455943400000009 (sg-0ab21fe0bf7823fec) does not have Redis port 6379 open to the Internet.;False;ec2;;high;AwsEc2SecurityGroup;arn:aws:ec2:eu-north-1:128529977749:security-group/sg-0ab21fe0bf7823fec;sg-0ab21fe0bf7823fec;ce-capstone-db-20260831143455943400000009;Owner=OWNER | Environment=prod | Project=ce-capstone | Name=ce-capstone-db-sg | ManagedBy=terraform;aws;eu-north-1;**EC2 security groups** permitting Internet sources (`0.0.0.0/0` or `::/0`) to `TCP 6379` are identified, indicating Redis is reachable from public networks;"Public Redis access undermines **confidentiality, integrity, and availability**:
- Read keys and secrets
- Modify or flush data and configs
- Exhaust memory for DoS
Attackers can brute-force `AUTH`, exploit replication or modules for code execution, and pivot within the VPC.";;"Restrict Redis to **private connectivity** and apply **least privilege**:
- Allow `6379` only from required app hosts, security groups, or CIDRs
- Prefer VPC/private networks or VPN over public IPs
- Enforce Redis `AUTH` and TLS, bind to private interfaces
- Use segmentation and monitoring for **defense in depth**";https://hub.prowler.com/check/ec2_securitygroup_allow_ingress_from_internet_to_tcp_port_redis_6379;"```yaml
# CloudFormation: restrict Redis (6379) from Internet
Resources:
  SecureSecurityGroup:
    Type: AWS::EC2::SecurityGroup
    Properties:
      GroupDescription: Restrict Redis access
      VpcId: <example_resource_id>
      SecurityGroupIngress:
        - IpProtocol: tcp
          FromPort: 6379
          ToPort: 6379
          CidrIp: 10.0.0.0/8  # Critical: do NOT use 0.0.0.0/0 or ::/0; restrict to trusted CIDR
```";"```hcl
# Security group with Redis limited to trusted sources
resource ""aws_security_group"" ""secure"" {
  vpc_id = ""<example_resource_id>""

  ingress {
    from_port   = 6379
    to_port     = 6379
    protocol    = ""tcp""
    cidr_blocks = [""10.0.0.0/8""] # Critical: do NOT use 0.0.0.0/0 or ::/0; restrict to trusted CIDR
  }
}
```";aws ec2 revoke-security-group-ingress --group-id <SECURITY_GROUP_ID> --protocol tcp --port 6379 --cidr 0.0.0.0/0;"1. In the AWS Console, go to EC2 > Security Groups
2. Select the affected security group
3. Open the Inbound rules tab and click Edit inbound rules
4. Find any rule allowing TCP port 6379 with Source 0.0.0.0/0 or ::/0
5. Delete that rule (or change Source to a trusted CIDR or security group)
6. Click Save rules";SOC2: cc_6_6 | MITRE-ATTACK: T1199, T1048, T1499, T1498, T1046 | KISA-ISMS-P-2023: 2.6.1, 2.6.4, 2.10.2 | C5-2025: PI-01.01AC | KISA-ISMS-P-2023-korean: 2.6.1, 2.6.4, 2.10.2 | AWS-Well-Architected-Framework-Security-Pillar: SEC05-BP03 | AWS-Foundational-Technical-Review: NETSEC-001 | ProwlerThreatScore-1.0: 2.1.7 | ISO27001-2022: A.8.20, A.8.21, A.8.22;internet-exposed;;;;5.40.0;https://docs.aws.amazon.com/vpc/latest/userguide/VPC_SecurityGroups.html | https://support.icompaas.com/support/solutions/articles/62000233806-ensure-no-ec2-instances-allow-ingress-from-the-internet-to-tcp-port-6379-redis-;;
profile: None;2026-09-01 14:23:41.589109;128529977749;;;;;;prowler-aws-ec2_securitygroup_allow_ingress_from_internet_to_tcp_port_redis_6379-128529977749-eu-north-1-sg-0ae6dc99a169add31;aws;ec2_securitygroup_allow_ingress_from_internet_to_tcp_port_redis_6379;Security group does not allow ingress from 0.0.0.0/0 or ::/0 to Redis TCP port 6379;Software and Configuration Checks/AWS Security Best Practices/Network Reachability | Software and Configuration Checks/Industry and Regulatory Standards/AWS Foundational Security Best Practices | Software and Configuration Checks/Industry and Regulatory Standards/CIS AWS Foundations Benchmark | TTPs/Initial Access | Effects/Data Exposure;PASS;Security group ce-capstone-alb-20260831143450720000000006 (sg-0ae6dc99a169add31) does not have Redis port 6379 open to the Internet.;False;ec2;;high;AwsEc2SecurityGroup;arn:aws:ec2:eu-north-1:128529977749:security-group/sg-0ae6dc99a169add31;sg-0ae6dc99a169add31;ce-capstone-alb-20260831143450720000000006;Environment=prod | Owner=OWNER | ManagedBy=terraform | Name=ce-capstone-alb-sg | Project=ce-capstone;aws;eu-north-1;**EC2 security groups** permitting Internet sources (`0.0.0.0/0` or `::/0`) to `TCP 6379` are identified, indicating Redis is reachable from public networks;"Public Redis access undermines **confidentiality, integrity, and availability**:
- Read keys and secrets
- Modify or flush data and configs
- Exhaust memory for DoS
Attackers can brute-force `AUTH`, exploit replication or modules for code execution, and pivot within the VPC.";;"Restrict Redis to **private connectivity** and apply **least privilege**:
- Allow `6379` only from required app hosts, security groups, or CIDRs
- Prefer VPC/private networks or VPN over public IPs
- Enforce Redis `AUTH` and TLS, bind to private interfaces
- Use segmentation and monitoring for **defense in depth**";https://hub.prowler.com/check/ec2_securitygroup_allow_ingress_from_internet_to_tcp_port_redis_6379;"```yaml
# CloudFormation: restrict Redis (6379) from Internet
Resources:
  SecureSecurityGroup:
    Type: AWS::EC2::SecurityGroup
    Properties:
      GroupDescription: Restrict Redis access
      VpcId: <example_resource_id>
      SecurityGroupIngress:
        - IpProtocol: tcp
          FromPort: 6379
          ToPort: 6379
          CidrIp: 10.0.0.0/8  # Critical: do NOT use 0.0.0.0/0 or ::/0; restrict to trusted CIDR
```";"```hcl
# Security group with Redis limited to trusted sources
resource ""aws_security_group"" ""secure"" {
  vpc_id = ""<example_resource_id>""

  ingress {
    from_port   = 6379
    to_port     = 6379
    protocol    = ""tcp""
    cidr_blocks = [""10.0.0.0/8""] # Critical: do NOT use 0.0.0.0/0 or ::/0; restrict to trusted CIDR
  }
}
```";aws ec2 revoke-security-group-ingress --group-id <SECURITY_GROUP_ID> --protocol tcp --port 6379 --cidr 0.0.0.0/0;"1. In the AWS Console, go to EC2 > Security Groups
2. Select the affected security group
3. Open the Inbound rules tab and click Edit inbound rules
4. Find any rule allowing TCP port 6379 with Source 0.0.0.0/0 or ::/0
5. Delete that rule (or change Source to a trusted CIDR or security group)
6. Click Save rules";SOC2: cc_6_6 | MITRE-ATTACK: T1199, T1048, T1499, T1498, T1046 | KISA-ISMS-P-2023: 2.6.1, 2.6.4, 2.10.2 | C5-2025: PI-01.01AC | KISA-ISMS-P-2023-korean: 2.6.1, 2.6.4, 2.10.2 | AWS-Well-Architected-Framework-Security-Pillar: SEC05-BP03 | AWS-Foundational-Technical-Review: NETSEC-001 | ProwlerThreatScore-1.0: 2.1.7 | ISO27001-2022: A.8.20, A.8.21, A.8.22;internet-exposed;;;;5.40.0;https://docs.aws.amazon.com/vpc/latest/userguide/VPC_SecurityGroups.html | https://support.icompaas.com/support/solutions/articles/62000233806-ensure-no-ec2-instances-allow-ingress-from-the-internet-to-tcp-port-6379-redis-;;
profile: None;2026-09-01 14:23:41.589109;128529977749;;;;;;prowler-aws-ec2_securitygroup_allow_ingress_from_internet_to_tcp_port_redis_6379-128529977749-eu-north-1-sg-0f559018c82176a2b;aws;ec2_securitygroup_allow_ingress_from_internet_to_tcp_port_redis_6379;Security group does not allow ingress from 0.0.0.0/0 or ::/0 to Redis TCP port 6379;Software and Configuration Checks/AWS Security Best Practices/Network Reachability | Software and Configuration Checks/Industry and Regulatory Standards/AWS Foundational Security Best Practices | Software and Configuration Checks/Industry and Regulatory Standards/CIS AWS Foundations Benchmark | TTPs/Initial Access | Effects/Data Exposure;PASS;Security group ce-capstone-nat-20260831143450716100000005 (sg-0f559018c82176a2b) does not have Redis port 6379 open to the Internet.;False;ec2;;high;AwsEc2SecurityGroup;arn:aws:ec2:eu-north-1:128529977749:security-group/sg-0f559018c82176a2b;sg-0f559018c82176a2b;ce-capstone-nat-20260831143450716100000005;ManagedBy=terraform | Name=ce-capstone-nat-sg | Project=ce-capstone | Environment=prod | Owner=OWNER;aws;eu-north-1;**EC2 security groups** permitting Internet sources (`0.0.0.0/0` or `::/0`) to `TCP 6379` are identified, indicating Redis is reachable from public networks;"Public Redis access undermines **confidentiality, integrity, and availability**:
- Read keys and secrets
- Modify or flush data and configs
- Exhaust memory for DoS
Attackers can brute-force `AUTH`, exploit replication or modules for code execution, and pivot within the VPC.";;"Restrict Redis to **private connectivity** and apply **least privilege**:
- Allow `6379` only from required app hosts, security groups, or CIDRs
- Prefer VPC/private networks or VPN over public IPs
- Enforce Redis `AUTH` and TLS, bind to private interfaces
- Use segmentation and monitoring for **defense in depth**";https://hub.prowler.com/check/ec2_securitygroup_allow_ingress_from_internet_to_tcp_port_redis_6379;"```yaml
# CloudFormation: restrict Redis (6379) from Internet
Resources:
  SecureSecurityGroup:
    Type: AWS::EC2::SecurityGroup
    Properties:
      GroupDescription: Restrict Redis access
      VpcId: <example_resource_id>
      SecurityGroupIngress:
        - IpProtocol: tcp
          FromPort: 6379
          ToPort: 6379
          CidrIp: 10.0.0.0/8  # Critical: do NOT use 0.0.0.0/0 or ::/0; restrict to trusted CIDR
```";"```hcl
# Security group with Redis limited to trusted sources
resource ""aws_security_group"" ""secure"" {
  vpc_id = ""<example_resource_id>""

  ingress {
    from_port   = 6379
    to_port     = 6379
    protocol    = ""tcp""
    cidr_blocks = [""10.0.0.0/8""] # Critical: do NOT use 0.0.0.0/0 or ::/0; restrict to trusted CIDR
  }
}
```";aws ec2 revoke-security-group-ingress --group-id <SECURITY_GROUP_ID> --protocol tcp --port 6379 --cidr 0.0.0.0/0;"1. In the AWS Console, go to EC2 > Security Groups
2. Select the affected security group
3. Open the Inbound rules tab and click Edit inbound rules
4. Find any rule allowing TCP port 6379 with Source 0.0.0.0/0 or ::/0
5. Delete that rule (or change Source to a trusted CIDR or security group)
6. Click Save rules";SOC2: cc_6_6 | MITRE-ATTACK: T1199, T1048, T1499, T1498, T1046 | KISA-ISMS-P-2023: 2.6.1, 2.6.4, 2.10.2 | C5-2025: PI-01.01AC | KISA-ISMS-P-2023-korean: 2.6.1, 2.6.4, 2.10.2 | AWS-Well-Architected-Framework-Security-Pillar: SEC05-BP03 | AWS-Foundational-Technical-Review: NETSEC-001 | ProwlerThreatScore-1.0: 2.1.7 | ISO27001-2022: A.8.20, A.8.21, A.8.22;internet-exposed;;;;5.40.0;https://docs.aws.amazon.com/vpc/latest/userguide/VPC_SecurityGroups.html | https://support.icompaas.com/support/solutions/articles/62000233806-ensure-no-ec2-instances-allow-ingress-from-the-internet-to-tcp-port-6379-redis-;;
profile: None;2026-09-01 14:23:41.589109;128529977749;;;;;;prowler-aws-ec2_securitygroup_allow_ingress_from_internet_to_tcp_port_sql_server_1433_1434-128529977749-eu-north-1-sg-004d1060824dafc6d;aws;ec2_securitygroup_allow_ingress_from_internet_to_tcp_port_sql_server_1433_1434;Security group does not allow ingress from 0.0.0.0/0 or ::/0 to Microsoft SQL Server ports 1433 and 1434;Software and Configuration Checks/AWS Security Best Practices/Network Reachability | Software and Configuration Checks/Industry and Regulatory Standards/AWS Foundational Security Best Practices | Software and Configuration Checks/Industry and Regulatory Standards/CIS AWS Foundations Benchmark | TTPs/Initial Access/Unauthorized Access | Effects/Data Exposure;PASS;Security group ce-capstone-app-20260831143453433000000008 (sg-004d1060824dafc6d) does not have Microsoft SQL Server ports 1433 and 1434 open to the Internet.;False;ec2;;high;AwsEc2SecurityGroup;arn:aws:ec2:eu-north-1:128529977749:security-group/sg-004d1060824dafc6d;sg-004d1060824dafc6d;ce-capstone-app-20260831143453433000000008;Name=ce-capstone-app-sg | Project=ce-capstone | Environment=prod | ManagedBy=terraform | Owner=OWNER;aws;eu-north-1;**EC2 security groups** with inbound rules that allow Internet sources (`0.0.0.0/0`, `::/0`) to reach **Microsoft SQL Server** on `TCP 1433` or `TCP 1434`;**Internet-exposed SQL ports** enable credential brute force, service enumeration, and remote exploitation. Compromise can lead to unauthorized queries, data exfiltration or tampering, and outages via destructive commands, degrading **confidentiality**, **integrity**, and **availability**.;;"Apply **least privilege** on network access:
- Restrict SQL ingress to trusted IPs or via VPN/bastion
- Place databases in private subnets; allow only app-tier sources
- Avoid `0.0.0.0/0` and `::/0`
- Use **defense in depth** with network ACLs/firewalls
- Monitor auth failures and rate-limit repeated attempts";https://hub.prowler.com/check/ec2_securitygroup_allow_ingress_from_internet_to_tcp_port_sql_server_1433_1434;"```yaml
# CloudFormation: restrict SQL Server ports from Internet
Resources:
  <example_resource_name>:
    Type: AWS::EC2::SecurityGroup
    Properties:
      GroupDescription: Restrict SQL ports
      VpcId: <example_resource_id>
      SecurityGroupIngress:
        - IpProtocol: tcp
          FromPort: 1433
          ToPort: 1433
          CidrIp: 10.0.0.0/8  # CRITICAL: not 0.0.0.0/0; limits exposure to internal range
        - IpProtocol: tcp
          FromPort: 1434
          ToPort: 1434
          CidrIp: 10.0.0.0/8  # CRITICAL: not 0.0.0.0/0; blocks Internet access
```";"```hcl
# Restrict SQL Server ports from Internet
resource ""aws_security_group"" ""<example_resource_name>"" {
  name   = ""<example_resource_name>""
  vpc_id = ""<example_resource_id>""

  ingress {
    from_port   = 1433
    to_port     = 1433
    protocol    = ""tcp""
    cidr_blocks = [""10.0.0.0/8""]  # CRITICAL: not 0.0.0.0/0; restricts Internet access
  }

  ingress {
    from_port   = 1434
    to_port     = 1434
    protocol    = ""tcp""
    cidr_blocks = [""10.0.0.0/8""]  # CRITICAL: not 0.0.0.0/0; blocks Internet exposure
  }
}
```";"aws ec2 revoke-security-group-ingress --group-id <SECURITY_GROUP_ID> --ip-permissions '[{""IpProtocol"":""tcp"",""FromPort"":1433,""ToPort"":1433,""IpRanges"":[{""CidrIp"":""0.0.0.0/0""}],""Ipv6Ranges"":[{""CidrIpv6"":""::/0""}]},{""IpProtocol"":""tcp"",""FromPort"":1434,""ToPort"":1434,""IpRanges"":[{""CidrIp"":""0.0.0.0/0""}],""Ipv6Ranges"":[{""CidrIpv6"":""::/0""}]]'";"1. Open the AWS Console > EC2 > Security Groups
2. Select the target security group and open Inbound rules
3. Find rules allowing TCP 1433 or 1434 from 0.0.0.0/0 or ::/0
4. Delete those rules (or change Source to a specific CIDR or security group)
5. Click Save rules";SOC2: cc_6_6 | MITRE-ATTACK: T1199, T1048, T1499, T1498, T1046 | KISA-ISMS-P-2023: 2.6.1, 2.6.4, 2.10.2 | C5-2025: PI-01.01AC | KISA-ISMS-P-2023-korean: 2.6.1, 2.6.4, 2.10.2 | AWS-Well-Architected-Framework-Security-Pillar: SEC05-BP03 | AWS-Foundational-Technical-Review: NETSEC-001 | ProwlerThreatScore-1.0: 2.1.7 | ISO27001-2022: A.8.20, A.8.21, A.8.22;internet-exposed;;;;5.40.0;https://docs.aws.amazon.com/vpc/latest/userguide/VPC_SecurityGroups.html | https://support.icompaas.com/support/solutions/articles/62000223371-ensure-no-security-groups-allow-ingress-from-0-0-0-0-0-or-0-to-windows-sql-server-ports-1433-or-14;;
profile: None;2026-09-01 14:23:41.589109;128529977749;;;;;;prowler-aws-ec2_securitygroup_allow_ingress_from_internet_to_tcp_port_sql_server_1433_1434-128529977749-eu-north-1-sg-0ab21fe0bf7823fec;aws;ec2_securitygroup_allow_ingress_from_internet_to_tcp_port_sql_server_1433_1434;Security group does not allow ingress from 0.0.0.0/0 or ::/0 to Microsoft SQL Server ports 1433 and 1434;Software and Configuration Checks/AWS Security Best Practices/Network Reachability | Software and Configuration Checks/Industry and Regulatory Standards/AWS Foundational Security Best Practices | Software and Configuration Checks/Industry and Regulatory Standards/CIS AWS Foundations Benchmark | TTPs/Initial Access/Unauthorized Access | Effects/Data Exposure;PASS;Security group ce-capstone-db-20260831143455943400000009 (sg-0ab21fe0bf7823fec) does not have Microsoft SQL Server ports 1433 and 1434 open to the Internet.;False;ec2;;high;AwsEc2SecurityGroup;arn:aws:ec2:eu-north-1:128529977749:security-group/sg-0ab21fe0bf7823fec;sg-0ab21fe0bf7823fec;ce-capstone-db-20260831143455943400000009;Owner=OWNER | Environment=prod | Project=ce-capstone | Name=ce-capstone-db-sg | ManagedBy=terraform;aws;eu-north-1;**EC2 security groups** with inbound rules that allow Internet sources (`0.0.0.0/0`, `::/0`) to reach **Microsoft SQL Server** on `TCP 1433` or `TCP 1434`;**Internet-exposed SQL ports** enable credential brute force, service enumeration, and remote exploitation. Compromise can lead to unauthorized queries, data exfiltration or tampering, and outages via destructive commands, degrading **confidentiality**, **integrity**, and **availability**.;;"Apply **least privilege** on network access:
- Restrict SQL ingress to trusted IPs or via VPN/bastion
- Place databases in private subnets; allow only app-tier sources
- Avoid `0.0.0.0/0` and `::/0`
- Use **defense in depth** with network ACLs/firewalls
- Monitor auth failures and rate-limit repeated attempts";https://hub.prowler.com/check/ec2_securitygroup_allow_ingress_from_internet_to_tcp_port_sql_server_1433_1434;"```yaml
# CloudFormation: restrict SQL Server ports from Internet
Resources:
  <example_resource_name>:
    Type: AWS::EC2::SecurityGroup
    Properties:
      GroupDescription: Restrict SQL ports
      VpcId: <example_resource_id>
      SecurityGroupIngress:
        - IpProtocol: tcp
          FromPort: 1433
          ToPort: 1433
          CidrIp: 10.0.0.0/8  # CRITICAL: not 0.0.0.0/0; limits exposure to internal range
        - IpProtocol: tcp
          FromPort: 1434
          ToPort: 1434
          CidrIp: 10.0.0.0/8  # CRITICAL: not 0.0.0.0/0; blocks Internet access
```";"```hcl
# Restrict SQL Server ports from Internet
resource ""aws_security_group"" ""<example_resource_name>"" {
  name   = ""<example_resource_name>""
  vpc_id = ""<example_resource_id>""

  ingress {
    from_port   = 1433
    to_port     = 1433
    protocol    = ""tcp""
    cidr_blocks = [""10.0.0.0/8""]  # CRITICAL: not 0.0.0.0/0; restricts Internet access
  }

  ingress {
    from_port   = 1434
    to_port     = 1434
    protocol    = ""tcp""
    cidr_blocks = [""10.0.0.0/8""]  # CRITICAL: not 0.0.0.0/0; blocks Internet exposure
  }
}
```";"aws ec2 revoke-security-group-ingress --group-id <SECURITY_GROUP_ID> --ip-permissions '[{""IpProtocol"":""tcp"",""FromPort"":1433,""ToPort"":1433,""IpRanges"":[{""CidrIp"":""0.0.0.0/0""}],""Ipv6Ranges"":[{""CidrIpv6"":""::/0""}]},{""IpProtocol"":""tcp"",""FromPort"":1434,""ToPort"":1434,""IpRanges"":[{""CidrIp"":""0.0.0.0/0""}],""Ipv6Ranges"":[{""CidrIpv6"":""::/0""}]]'";"1. Open the AWS Console > EC2 > Security Groups
2. Select the target security group and open Inbound rules
3. Find rules allowing TCP 1433 or 1434 from 0.0.0.0/0 or ::/0
4. Delete those rules (or change Source to a specific CIDR or security group)
5. Click Save rules";SOC2: cc_6_6 | MITRE-ATTACK: T1199, T1048, T1499, T1498, T1046 | KISA-ISMS-P-2023: 2.6.1, 2.6.4, 2.10.2 | C5-2025: PI-01.01AC | KISA-ISMS-P-2023-korean: 2.6.1, 2.6.4, 2.10.2 | AWS-Well-Architected-Framework-Security-Pillar: SEC05-BP03 | AWS-Foundational-Technical-Review: NETSEC-001 | ProwlerThreatScore-1.0: 2.1.7 | ISO27001-2022: A.8.20, A.8.21, A.8.22;internet-exposed;;;;5.40.0;https://docs.aws.amazon.com/vpc/latest/userguide/VPC_SecurityGroups.html | https://support.icompaas.com/support/solutions/articles/62000223371-ensure-no-security-groups-allow-ingress-from-0-0-0-0-0-or-0-to-windows-sql-server-ports-1433-or-14;;
profile: None;2026-09-01 14:23:41.589109;128529977749;;;;;;prowler-aws-ec2_securitygroup_allow_ingress_from_internet_to_tcp_port_sql_server_1433_1434-128529977749-eu-north-1-sg-0ae6dc99a169add31;aws;ec2_securitygroup_allow_ingress_from_internet_to_tcp_port_sql_server_1433_1434;Security group does not allow ingress from 0.0.0.0/0 or ::/0 to Microsoft SQL Server ports 1433 and 1434;Software and Configuration Checks/AWS Security Best Practices/Network Reachability | Software and Configuration Checks/Industry and Regulatory Standards/AWS Foundational Security Best Practices | Software and Configuration Checks/Industry and Regulatory Standards/CIS AWS Foundations Benchmark | TTPs/Initial Access/Unauthorized Access | Effects/Data Exposure;PASS;Security group ce-capstone-alb-20260831143450720000000006 (sg-0ae6dc99a169add31) does not have Microsoft SQL Server ports 1433 and 1434 open to the Internet.;False;ec2;;high;AwsEc2SecurityGroup;arn:aws:ec2:eu-north-1:128529977749:security-group/sg-0ae6dc99a169add31;sg-0ae6dc99a169add31;ce-capstone-alb-20260831143450720000000006;Environment=prod | Owner=OWNER | ManagedBy=terraform | Name=ce-capstone-alb-sg | Project=ce-capstone;aws;eu-north-1;**EC2 security groups** with inbound rules that allow Internet sources (`0.0.0.0/0`, `::/0`) to reach **Microsoft SQL Server** on `TCP 1433` or `TCP 1434`;**Internet-exposed SQL ports** enable credential brute force, service enumeration, and remote exploitation. Compromise can lead to unauthorized queries, data exfiltration or tampering, and outages via destructive commands, degrading **confidentiality**, **integrity**, and **availability**.;;"Apply **least privilege** on network access:
- Restrict SQL ingress to trusted IPs or via VPN/bastion
- Place databases in private subnets; allow only app-tier sources
- Avoid `0.0.0.0/0` and `::/0`
- Use **defense in depth** with network ACLs/firewalls
- Monitor auth failures and rate-limit repeated attempts";https://hub.prowler.com/check/ec2_securitygroup_allow_ingress_from_internet_to_tcp_port_sql_server_1433_1434;"```yaml
# CloudFormation: restrict SQL Server ports from Internet
Resources:
  <example_resource_name>:
    Type: AWS::EC2::SecurityGroup
    Properties:
      GroupDescription: Restrict SQL ports
      VpcId: <example_resource_id>
      SecurityGroupIngress:
        - IpProtocol: tcp
          FromPort: 1433
          ToPort: 1433
          CidrIp: 10.0.0.0/8  # CRITICAL: not 0.0.0.0/0; limits exposure to internal range
        - IpProtocol: tcp
          FromPort: 1434
          ToPort: 1434
          CidrIp: 10.0.0.0/8  # CRITICAL: not 0.0.0.0/0; blocks Internet access
```";"```hcl
# Restrict SQL Server ports from Internet
resource ""aws_security_group"" ""<example_resource_name>"" {
  name   = ""<example_resource_name>""
  vpc_id = ""<example_resource_id>""

  ingress {
    from_port   = 1433
    to_port     = 1433
    protocol    = ""tcp""
    cidr_blocks = [""10.0.0.0/8""]  # CRITICAL: not 0.0.0.0/0; restricts Internet access
  }

  ingress {
    from_port   = 1434
    to_port     = 1434
    protocol    = ""tcp""
    cidr_blocks = [""10.0.0.0/8""]  # CRITICAL: not 0.0.0.0/0; blocks Internet exposure
  }
}
```";"aws ec2 revoke-security-group-ingress --group-id <SECURITY_GROUP_ID> --ip-permissions '[{""IpProtocol"":""tcp"",""FromPort"":1433,""ToPort"":1433,""IpRanges"":[{""CidrIp"":""0.0.0.0/0""}],""Ipv6Ranges"":[{""CidrIpv6"":""::/0""}]},{""IpProtocol"":""tcp"",""FromPort"":1434,""ToPort"":1434,""IpRanges"":[{""CidrIp"":""0.0.0.0/0""}],""Ipv6Ranges"":[{""CidrIpv6"":""::/0""}]]'";"1. Open the AWS Console > EC2 > Security Groups
2. Select the target security group and open Inbound rules
3. Find rules allowing TCP 1433 or 1434 from 0.0.0.0/0 or ::/0
4. Delete those rules (or change Source to a specific CIDR or security group)
5. Click Save rules";SOC2: cc_6_6 | MITRE-ATTACK: T1199, T1048, T1499, T1498, T1046 | KISA-ISMS-P-2023: 2.6.1, 2.6.4, 2.10.2 | C5-2025: PI-01.01AC | KISA-ISMS-P-2023-korean: 2.6.1, 2.6.4, 2.10.2 | AWS-Well-Architected-Framework-Security-Pillar: SEC05-BP03 | AWS-Foundational-Technical-Review: NETSEC-001 | ProwlerThreatScore-1.0: 2.1.7 | ISO27001-2022: A.8.20, A.8.21, A.8.22;internet-exposed;;;;5.40.0;https://docs.aws.amazon.com/vpc/latest/userguide/VPC_SecurityGroups.html | https://support.icompaas.com/support/solutions/articles/62000223371-ensure-no-security-groups-allow-ingress-from-0-0-0-0-0-or-0-to-windows-sql-server-ports-1433-or-14;;
profile: None;2026-09-01 14:23:41.589109;128529977749;;;;;;prowler-aws-ec2_securitygroup_allow_ingress_from_internet_to_tcp_port_sql_server_1433_1434-128529977749-eu-north-1-sg-0f559018c82176a2b;aws;ec2_securitygroup_allow_ingress_from_internet_to_tcp_port_sql_server_1433_1434;Security group does not allow ingress from 0.0.0.0/0 or ::/0 to Microsoft SQL Server ports 1433 and 1434;Software and Configuration Checks/AWS Security Best Practices/Network Reachability | Software and Configuration Checks/Industry and Regulatory Standards/AWS Foundational Security Best Practices | Software and Configuration Checks/Industry and Regulatory Standards/CIS AWS Foundations Benchmark | TTPs/Initial Access/Unauthorized Access | Effects/Data Exposure;PASS;Security group ce-capstone-nat-20260831143450716100000005 (sg-0f559018c82176a2b) does not have Microsoft SQL Server ports 1433 and 1434 open to the Internet.;False;ec2;;high;AwsEc2SecurityGroup;arn:aws:ec2:eu-north-1:128529977749:security-group/sg-0f559018c82176a2b;sg-0f559018c82176a2b;ce-capstone-nat-20260831143450716100000005;ManagedBy=terraform | Name=ce-capstone-nat-sg | Project=ce-capstone | Environment=prod | Owner=OWNER;aws;eu-north-1;**EC2 security groups** with inbound rules that allow Internet sources (`0.0.0.0/0`, `::/0`) to reach **Microsoft SQL Server** on `TCP 1433` or `TCP 1434`;**Internet-exposed SQL ports** enable credential brute force, service enumeration, and remote exploitation. Compromise can lead to unauthorized queries, data exfiltration or tampering, and outages via destructive commands, degrading **confidentiality**, **integrity**, and **availability**.;;"Apply **least privilege** on network access:
- Restrict SQL ingress to trusted IPs or via VPN/bastion
- Place databases in private subnets; allow only app-tier sources
- Avoid `0.0.0.0/0` and `::/0`
- Use **defense in depth** with network ACLs/firewalls
- Monitor auth failures and rate-limit repeated attempts";https://hub.prowler.com/check/ec2_securitygroup_allow_ingress_from_internet_to_tcp_port_sql_server_1433_1434;"```yaml
# CloudFormation: restrict SQL Server ports from Internet
Resources:
  <example_resource_name>:
    Type: AWS::EC2::SecurityGroup
    Properties:
      GroupDescription: Restrict SQL ports
      VpcId: <example_resource_id>
      SecurityGroupIngress:
        - IpProtocol: tcp
          FromPort: 1433
          ToPort: 1433
          CidrIp: 10.0.0.0/8  # CRITICAL: not 0.0.0.0/0; limits exposure to internal range
        - IpProtocol: tcp
          FromPort: 1434
          ToPort: 1434
          CidrIp: 10.0.0.0/8  # CRITICAL: not 0.0.0.0/0; blocks Internet access
```";"```hcl
# Restrict SQL Server ports from Internet
resource ""aws_security_group"" ""<example_resource_name>"" {
  name   = ""<example_resource_name>""
  vpc_id = ""<example_resource_id>""

  ingress {
    from_port   = 1433
    to_port     = 1433
    protocol    = ""tcp""
    cidr_blocks = [""10.0.0.0/8""]  # CRITICAL: not 0.0.0.0/0; restricts Internet access
  }

  ingress {
    from_port   = 1434
    to_port     = 1434
    protocol    = ""tcp""
    cidr_blocks = [""10.0.0.0/8""]  # CRITICAL: not 0.0.0.0/0; blocks Internet exposure
  }
}
```";"aws ec2 revoke-security-group-ingress --group-id <SECURITY_GROUP_ID> --ip-permissions '[{""IpProtocol"":""tcp"",""FromPort"":1433,""ToPort"":1433,""IpRanges"":[{""CidrIp"":""0.0.0.0/0""}],""Ipv6Ranges"":[{""CidrIpv6"":""::/0""}]},{""IpProtocol"":""tcp"",""FromPort"":1434,""ToPort"":1434,""IpRanges"":[{""CidrIp"":""0.0.0.0/0""}],""Ipv6Ranges"":[{""CidrIpv6"":""::/0""}]]'";"1. Open the AWS Console > EC2 > Security Groups
2. Select the target security group and open Inbound rules
3. Find rules allowing TCP 1433 or 1434 from 0.0.0.0/0 or ::/0
4. Delete those rules (or change Source to a specific CIDR or security group)
5. Click Save rules";SOC2: cc_6_6 | MITRE-ATTACK: T1199, T1048, T1499, T1498, T1046 | KISA-ISMS-P-2023: 2.6.1, 2.6.4, 2.10.2 | C5-2025: PI-01.01AC | KISA-ISMS-P-2023-korean: 2.6.1, 2.6.4, 2.10.2 | AWS-Well-Architected-Framework-Security-Pillar: SEC05-BP03 | AWS-Foundational-Technical-Review: NETSEC-001 | ProwlerThreatScore-1.0: 2.1.7 | ISO27001-2022: A.8.20, A.8.21, A.8.22;internet-exposed;;;;5.40.0;https://docs.aws.amazon.com/vpc/latest/userguide/VPC_SecurityGroups.html | https://support.icompaas.com/support/solutions/articles/62000223371-ensure-no-security-groups-allow-ingress-from-0-0-0-0-0-or-0-to-windows-sql-server-ports-1433-or-14;;
profile: None;2026-09-01 14:23:41.589109;128529977749;;;;;;prowler-aws-ec2_securitygroup_allow_ingress_from_internet_to_tcp_port_telnet_23-128529977749-eu-north-1-sg-004d1060824dafc6d;aws;ec2_securitygroup_allow_ingress_from_internet_to_tcp_port_telnet_23;Security group does not allow ingress from the Internet to TCP port 23 (Telnet);Software and Configuration Checks/AWS Security Best Practices/Network Reachability | Software and Configuration Checks/Industry and Regulatory Standards/AWS Foundational Security Best Practices | Software and Configuration Checks/Industry and Regulatory Standards/CIS AWS Foundations Benchmark | TTPs/Initial Access;PASS;Security group ce-capstone-app-20260831143453433000000008 (sg-004d1060824dafc6d) does not have Telnet port 23 open to the Internet.;False;ec2;;high;AwsEc2SecurityGroup;arn:aws:ec2:eu-north-1:128529977749:security-group/sg-004d1060824dafc6d;sg-004d1060824dafc6d;ce-capstone-app-20260831143453433000000008;Name=ce-capstone-app-sg | Project=ce-capstone | Environment=prod | ManagedBy=terraform | Owner=OWNER;aws;eu-north-1;**EC2 security groups** are evaluated for rules that allow **inbound Telnet** on `TCP 23` from the Internet (`0.0.0.0/0` or `::/0`).;"Public **Telnet** exposes cleartext credentials and remote shell access.
- Brute-force and credential interception enable account takeover
- Command execution enables data theft and lateral movement

This threatens confidentiality and integrity and can degrade availability through misuse.";;Remove rules permitting Internet access to `TCP 23` from `0.0.0.0/0` or `::/0`. Disable **Telnet** on hosts. Prefer **SSH** or **SSM** and apply **least privilege** network rules. Restrict admin access to trusted IPs, VPN, or private endpoints, and use **defense in depth** with NACLs and logging.;https://hub.prowler.com/check/ec2_securitygroup_allow_ingress_from_internet_to_tcp_port_telnet_23;"```yaml
# CloudFormation: restrict Telnet (port 23) from Internet
Resources:
  <example_resource_name>:
    Type: AWS::EC2::SecurityGroup
    Properties:
      GroupDescription: Restrict Telnet
      VpcId: <example_resource_id>
      SecurityGroupIngress:
        - IpProtocol: tcp
          FromPort: 23
          ToPort: 23
          CidrIp: 10.0.0.0/8  # CRITICAL: Restricts Telnet (23) to internal range; removes Internet-wide (0.0.0.0/0) access
```";"```hcl
resource ""aws_security_group"" ""<example_resource_name>"" {
  vpc_id = ""<example_resource_id>""

  ingress {
    from_port   = 23
    to_port     = 23
    protocol    = ""tcp""
    cidr_blocks = [""10.0.0.0/8""] # CRITICAL: Restricts Telnet (23); do not use 0.0.0.0/0 or ::/0
  }
}
```";"aws ec2 revoke-security-group-ingress --group-id <SECURITY_GROUP_ID> --ip-permissions '[{""IpProtocol"":""tcp"",""FromPort"":23,""ToPort"":23,""IpRanges"":[{""CidrIp"":""0.0.0.0/0""}],""Ipv6Ranges"":[{""CidrIpv6"":""::/0""}]}]'";"1. In the AWS console, go to VPC > Security Groups
2. Select the affected security group and open Inbound rules
3. Click Edit inbound rules
4. Find any rule allowing TCP port 23 (Telnet) from 0.0.0.0/0 or ::/0
5. Delete the rule or change Source to a specific trusted CIDR
6. Save rules";SOC2: cc_6_6 | MITRE-ATTACK: T1199, T1048, T1499, T1498, T1046 | KISA-ISMS-P-2023: 2.6.1, 2.6.2, 2.6.6, 2.10.2 | C5-2025: PI-01.01AC | KISA-ISMS-P-2023-korean: 2.6.1, 2.6.2, 2.6.6, 2.10.2 | AWS-Well-Architected-Framework-Security-Pillar: SEC05-BP03 | AWS-Foundational-Technical-Review: NETSEC-001 | CCC-v2025.10: CCC.Core.CN01.AR03 | ProwlerThreatScore-1.0: 2.1.7 | ISO27001-2022: A.8.20, A.8.21, A.8.22;internet-exposed;;;;5.40.0;https://docs.aws.amazon.com/vpc/latest/userguide/VPC_SecurityGroups.html | https://support.icompaas.com/support/solutions/articles/62000233790-ensure-no-ec2-instances-allow-ingress-from-the-internet-to-tcp-port-23-telnet- | https://www.trendmicro.com/trendaivisiononecloudriskmanagement/knowledge-base/aws/EC2/unrestricted-telnet-access.html;;
profile: None;2026-09-01 14:23:41.589109;128529977749;;;;;;prowler-aws-ec2_securitygroup_allow_ingress_from_internet_to_tcp_port_telnet_23-128529977749-eu-north-1-sg-0ab21fe0bf7823fec;aws;ec2_securitygroup_allow_ingress_from_internet_to_tcp_port_telnet_23;Security group does not allow ingress from the Internet to TCP port 23 (Telnet);Software and Configuration Checks/AWS Security Best Practices/Network Reachability | Software and Configuration Checks/Industry and Regulatory Standards/AWS Foundational Security Best Practices | Software and Configuration Checks/Industry and Regulatory Standards/CIS AWS Foundations Benchmark | TTPs/Initial Access;PASS;Security group ce-capstone-db-20260831143455943400000009 (sg-0ab21fe0bf7823fec) does not have Telnet port 23 open to the Internet.;False;ec2;;high;AwsEc2SecurityGroup;arn:aws:ec2:eu-north-1:128529977749:security-group/sg-0ab21fe0bf7823fec;sg-0ab21fe0bf7823fec;ce-capstone-db-20260831143455943400000009;Owner=OWNER | Environment=prod | Project=ce-capstone | Name=ce-capstone-db-sg | ManagedBy=terraform;aws;eu-north-1;**EC2 security groups** are evaluated for rules that allow **inbound Telnet** on `TCP 23` from the Internet (`0.0.0.0/0` or `::/0`).;"Public **Telnet** exposes cleartext credentials and remote shell access.
- Brute-force and credential interception enable account takeover
- Command execution enables data theft and lateral movement

This threatens confidentiality and integrity and can degrade availability through misuse.";;Remove rules permitting Internet access to `TCP 23` from `0.0.0.0/0` or `::/0`. Disable **Telnet** on hosts. Prefer **SSH** or **SSM** and apply **least privilege** network rules. Restrict admin access to trusted IPs, VPN, or private endpoints, and use **defense in depth** with NACLs and logging.;https://hub.prowler.com/check/ec2_securitygroup_allow_ingress_from_internet_to_tcp_port_telnet_23;"```yaml
# CloudFormation: restrict Telnet (port 23) from Internet
Resources:
  <example_resource_name>:
    Type: AWS::EC2::SecurityGroup
    Properties:
      GroupDescription: Restrict Telnet
      VpcId: <example_resource_id>
      SecurityGroupIngress:
        - IpProtocol: tcp
          FromPort: 23
          ToPort: 23
          CidrIp: 10.0.0.0/8  # CRITICAL: Restricts Telnet (23) to internal range; removes Internet-wide (0.0.0.0/0) access
```";"```hcl
resource ""aws_security_group"" ""<example_resource_name>"" {
  vpc_id = ""<example_resource_id>""

  ingress {
    from_port   = 23
    to_port     = 23
    protocol    = ""tcp""
    cidr_blocks = [""10.0.0.0/8""] # CRITICAL: Restricts Telnet (23); do not use 0.0.0.0/0 or ::/0
  }
}
```";"aws ec2 revoke-security-group-ingress --group-id <SECURITY_GROUP_ID> --ip-permissions '[{""IpProtocol"":""tcp"",""FromPort"":23,""ToPort"":23,""IpRanges"":[{""CidrIp"":""0.0.0.0/0""}],""Ipv6Ranges"":[{""CidrIpv6"":""::/0""}]}]'";"1. In the AWS console, go to VPC > Security Groups
2. Select the affected security group and open Inbound rules
3. Click Edit inbound rules
4. Find any rule allowing TCP port 23 (Telnet) from 0.0.0.0/0 or ::/0
5. Delete the rule or change Source to a specific trusted CIDR
6. Save rules";SOC2: cc_6_6 | MITRE-ATTACK: T1199, T1048, T1499, T1498, T1046 | KISA-ISMS-P-2023: 2.6.1, 2.6.2, 2.6.6, 2.10.2 | C5-2025: PI-01.01AC | KISA-ISMS-P-2023-korean: 2.6.1, 2.6.2, 2.6.6, 2.10.2 | AWS-Well-Architected-Framework-Security-Pillar: SEC05-BP03 | AWS-Foundational-Technical-Review: NETSEC-001 | CCC-v2025.10: CCC.Core.CN01.AR03 | ProwlerThreatScore-1.0: 2.1.7 | ISO27001-2022: A.8.20, A.8.21, A.8.22;internet-exposed;;;;5.40.0;https://docs.aws.amazon.com/vpc/latest/userguide/VPC_SecurityGroups.html | https://support.icompaas.com/support/solutions/articles/62000233790-ensure-no-ec2-instances-allow-ingress-from-the-internet-to-tcp-port-23-telnet- | https://www.trendmicro.com/trendaivisiononecloudriskmanagement/knowledge-base/aws/EC2/unrestricted-telnet-access.html;;
profile: None;2026-09-01 14:23:41.589109;128529977749;;;;;;prowler-aws-ec2_securitygroup_allow_ingress_from_internet_to_tcp_port_telnet_23-128529977749-eu-north-1-sg-0ae6dc99a169add31;aws;ec2_securitygroup_allow_ingress_from_internet_to_tcp_port_telnet_23;Security group does not allow ingress from the Internet to TCP port 23 (Telnet);Software and Configuration Checks/AWS Security Best Practices/Network Reachability | Software and Configuration Checks/Industry and Regulatory Standards/AWS Foundational Security Best Practices | Software and Configuration Checks/Industry and Regulatory Standards/CIS AWS Foundations Benchmark | TTPs/Initial Access;PASS;Security group ce-capstone-alb-20260831143450720000000006 (sg-0ae6dc99a169add31) does not have Telnet port 23 open to the Internet.;False;ec2;;high;AwsEc2SecurityGroup;arn:aws:ec2:eu-north-1:128529977749:security-group/sg-0ae6dc99a169add31;sg-0ae6dc99a169add31;ce-capstone-alb-20260831143450720000000006;Environment=prod | Owner=OWNER | ManagedBy=terraform | Name=ce-capstone-alb-sg | Project=ce-capstone;aws;eu-north-1;**EC2 security groups** are evaluated for rules that allow **inbound Telnet** on `TCP 23` from the Internet (`0.0.0.0/0` or `::/0`).;"Public **Telnet** exposes cleartext credentials and remote shell access.
- Brute-force and credential interception enable account takeover
- Command execution enables data theft and lateral movement

This threatens confidentiality and integrity and can degrade availability through misuse.";;Remove rules permitting Internet access to `TCP 23` from `0.0.0.0/0` or `::/0`. Disable **Telnet** on hosts. Prefer **SSH** or **SSM** and apply **least privilege** network rules. Restrict admin access to trusted IPs, VPN, or private endpoints, and use **defense in depth** with NACLs and logging.;https://hub.prowler.com/check/ec2_securitygroup_allow_ingress_from_internet_to_tcp_port_telnet_23;"```yaml
# CloudFormation: restrict Telnet (port 23) from Internet
Resources:
  <example_resource_name>:
    Type: AWS::EC2::SecurityGroup
    Properties:
      GroupDescription: Restrict Telnet
      VpcId: <example_resource_id>
      SecurityGroupIngress:
        - IpProtocol: tcp
          FromPort: 23
          ToPort: 23
          CidrIp: 10.0.0.0/8  # CRITICAL: Restricts Telnet (23) to internal range; removes Internet-wide (0.0.0.0/0) access
```";"```hcl
resource ""aws_security_group"" ""<example_resource_name>"" {
  vpc_id = ""<example_resource_id>""

  ingress {
    from_port   = 23
    to_port     = 23
    protocol    = ""tcp""
    cidr_blocks = [""10.0.0.0/8""] # CRITICAL: Restricts Telnet (23); do not use 0.0.0.0/0 or ::/0
  }
}
```";"aws ec2 revoke-security-group-ingress --group-id <SECURITY_GROUP_ID> --ip-permissions '[{""IpProtocol"":""tcp"",""FromPort"":23,""ToPort"":23,""IpRanges"":[{""CidrIp"":""0.0.0.0/0""}],""Ipv6Ranges"":[{""CidrIpv6"":""::/0""}]}]'";"1. In the AWS console, go to VPC > Security Groups
2. Select the affected security group and open Inbound rules
3. Click Edit inbound rules
4. Find any rule allowing TCP port 23 (Telnet) from 0.0.0.0/0 or ::/0
5. Delete the rule or change Source to a specific trusted CIDR
6. Save rules";SOC2: cc_6_6 | MITRE-ATTACK: T1199, T1048, T1499, T1498, T1046 | KISA-ISMS-P-2023: 2.6.1, 2.6.2, 2.6.6, 2.10.2 | C5-2025: PI-01.01AC | KISA-ISMS-P-2023-korean: 2.6.1, 2.6.2, 2.6.6, 2.10.2 | AWS-Well-Architected-Framework-Security-Pillar: SEC05-BP03 | AWS-Foundational-Technical-Review: NETSEC-001 | CCC-v2025.10: CCC.Core.CN01.AR03 | ProwlerThreatScore-1.0: 2.1.7 | ISO27001-2022: A.8.20, A.8.21, A.8.22;internet-exposed;;;;5.40.0;https://docs.aws.amazon.com/vpc/latest/userguide/VPC_SecurityGroups.html | https://support.icompaas.com/support/solutions/articles/62000233790-ensure-no-ec2-instances-allow-ingress-from-the-internet-to-tcp-port-23-telnet- | https://www.trendmicro.com/trendaivisiononecloudriskmanagement/knowledge-base/aws/EC2/unrestricted-telnet-access.html;;
profile: None;2026-09-01 14:23:41.589109;128529977749;;;;;;prowler-aws-ec2_securitygroup_allow_ingress_from_internet_to_tcp_port_telnet_23-128529977749-eu-north-1-sg-0f559018c82176a2b;aws;ec2_securitygroup_allow_ingress_from_internet_to_tcp_port_telnet_23;Security group does not allow ingress from the Internet to TCP port 23 (Telnet);Software and Configuration Checks/AWS Security Best Practices/Network Reachability | Software and Configuration Checks/Industry and Regulatory Standards/AWS Foundational Security Best Practices | Software and Configuration Checks/Industry and Regulatory Standards/CIS AWS Foundations Benchmark | TTPs/Initial Access;PASS;Security group ce-capstone-nat-20260831143450716100000005 (sg-0f559018c82176a2b) does not have Telnet port 23 open to the Internet.;False;ec2;;high;AwsEc2SecurityGroup;arn:aws:ec2:eu-north-1:128529977749:security-group/sg-0f559018c82176a2b;sg-0f559018c82176a2b;ce-capstone-nat-20260831143450716100000005;ManagedBy=terraform | Name=ce-capstone-nat-sg | Project=ce-capstone | Environment=prod | Owner=OWNER;aws;eu-north-1;**EC2 security groups** are evaluated for rules that allow **inbound Telnet** on `TCP 23` from the Internet (`0.0.0.0/0` or `::/0`).;"Public **Telnet** exposes cleartext credentials and remote shell access.
- Brute-force and credential interception enable account takeover
- Command execution enables data theft and lateral movement

This threatens confidentiality and integrity and can degrade availability through misuse.";;Remove rules permitting Internet access to `TCP 23` from `0.0.0.0/0` or `::/0`. Disable **Telnet** on hosts. Prefer **SSH** or **SSM** and apply **least privilege** network rules. Restrict admin access to trusted IPs, VPN, or private endpoints, and use **defense in depth** with NACLs and logging.;https://hub.prowler.com/check/ec2_securitygroup_allow_ingress_from_internet_to_tcp_port_telnet_23;"```yaml
# CloudFormation: restrict Telnet (port 23) from Internet
Resources:
  <example_resource_name>:
    Type: AWS::EC2::SecurityGroup
    Properties:
      GroupDescription: Restrict Telnet
      VpcId: <example_resource_id>
      SecurityGroupIngress:
        - IpProtocol: tcp
          FromPort: 23
          ToPort: 23
          CidrIp: 10.0.0.0/8  # CRITICAL: Restricts Telnet (23) to internal range; removes Internet-wide (0.0.0.0/0) access
```";"```hcl
resource ""aws_security_group"" ""<example_resource_name>"" {
  vpc_id = ""<example_resource_id>""

  ingress {
    from_port   = 23
    to_port     = 23
    protocol    = ""tcp""
    cidr_blocks = [""10.0.0.0/8""] # CRITICAL: Restricts Telnet (23); do not use 0.0.0.0/0 or ::/0
  }
}
```";"aws ec2 revoke-security-group-ingress --group-id <SECURITY_GROUP_ID> --ip-permissions '[{""IpProtocol"":""tcp"",""FromPort"":23,""ToPort"":23,""IpRanges"":[{""CidrIp"":""0.0.0.0/0""}],""Ipv6Ranges"":[{""CidrIpv6"":""::/0""}]}]'";"1. In the AWS console, go to VPC > Security Groups
2. Select the affected security group and open Inbound rules
3. Click Edit inbound rules
4. Find any rule allowing TCP port 23 (Telnet) from 0.0.0.0/0 or ::/0
5. Delete the rule or change Source to a specific trusted CIDR
6. Save rules";SOC2: cc_6_6 | MITRE-ATTACK: T1199, T1048, T1499, T1498, T1046 | KISA-ISMS-P-2023: 2.6.1, 2.6.2, 2.6.6, 2.10.2 | C5-2025: PI-01.01AC | KISA-ISMS-P-2023-korean: 2.6.1, 2.6.2, 2.6.6, 2.10.2 | AWS-Well-Architected-Framework-Security-Pillar: SEC05-BP03 | AWS-Foundational-Technical-Review: NETSEC-001 | CCC-v2025.10: CCC.Core.CN01.AR03 | ProwlerThreatScore-1.0: 2.1.7 | ISO27001-2022: A.8.20, A.8.21, A.8.22;internet-exposed;;;;5.40.0;https://docs.aws.amazon.com/vpc/latest/userguide/VPC_SecurityGroups.html | https://support.icompaas.com/support/solutions/articles/62000233790-ensure-no-ec2-instances-allow-ingress-from-the-internet-to-tcp-port-23-telnet- | https://www.trendmicro.com/trendaivisiononecloudriskmanagement/knowledge-base/aws/EC2/unrestricted-telnet-access.html;;
profile: None;2026-09-01 14:23:41.589109;128529977749;;;;;;prowler-aws-ec2_securitygroup_allow_wide_open_public_ipv4-128529977749-eu-north-1-sg-004d1060824dafc6d;aws;ec2_securitygroup_allow_wide_open_public_ipv4;Security group has no ingress or egress rules with public IPv4 CIDR ranges from /1 to /23;Software and Configuration Checks/AWS Security Best Practices/Network Reachability | Software and Configuration Checks/Industry and Regulatory Standards/AWS Foundational Security Best Practices | Software and Configuration Checks/Industry and Regulatory Standards/CIS AWS Foundations Benchmark | TTPs/Initial Access/Unauthorized Access;PASS;Security group ce-capstone-app-20260831143453433000000008 (sg-004d1060824dafc6d) has no potential wide-open non-RFC1918 address.;False;ec2;;high;AwsEc2SecurityGroup;arn:aws:ec2:eu-north-1:128529977749:security-group/sg-004d1060824dafc6d;sg-004d1060824dafc6d;ce-capstone-app-20260831143453433000000008;Name=ce-capstone-app-sg | Project=ce-capstone | Environment=prod | ManagedBy=terraform | Owner=OWNER;aws;eu-north-1;"**EC2 security groups** with rules that permit non-RFC1918 IPv4 ranges wider than `/24` are identified across both **ingress** and **egress**.

The focus is on public CIDRs (`/1`-`/23`) that broadly expose sources or destinations, not on private networks.";"Over-broad public CIDRs expand exposure and enable:
- **Confidentiality** loss via unauthorized access and exfiltration
- **Integrity** compromise by exploiting exposed services
- **Availability** impact from scanning and abuse

Open egress further allows **C2** beacons and bulk data exfiltration to untrusted IPs.";;"Apply **least privilege** on security groups:
- Allow only known IPs (prefer `/32` or tight CIDRs)
- Use **private connectivity** (VPN, Direct Connect, private endpoints)
- Restrict and log **egress**; deny by default
- Segment with security group references and **network ACLs** for **defense-in-depth**";https://hub.prowler.com/check/ec2_securitygroup_allow_wide_open_public_ipv4;"```yaml
# CloudFormation: ensure no public IPv4 CIDR wider than /24
Resources:
  ""<example_resource_name>"":
    Type: AWS::EC2::SecurityGroup
    Properties:
      GroupDescription: ""sg""
      VpcId: ""<example_resource_id>""
      SecurityGroupIngress:
        - IpProtocol: tcp
          FromPort: 443
          ToPort: 443
          CidrIp: 203.0.113.0/24  # Critical: /24 (or private RFC1918) avoids wide-open public /1-/23
```";"```hcl
# Terraform: ensure no public IPv4 CIDR wider than /24
resource ""aws_security_group"" ""<example_resource_name>"" {
  name   = ""<example_resource_name>""
  vpc_id = ""<example_resource_id>""

  ingress {
    from_port   = 443
    to_port     = 443
    protocol    = ""tcp""
    cidr_blocks = [""203.0.113.0/24""] # Critical: /24 (or private RFC1918) avoids wide-open public /1-/23
  }
}
```";;"1. In the AWS Console, go to VPC > Security Groups
2. Select the security group with the finding
3. Click Edit inbound rules (and Edit outbound rules if needed)
4. For any rule with a public IPv4 CIDR mask /1-/23, delete it or change the CIDR to a private RFC1918 range or to /24 or more specific (e.g., 203.0.113.0/24)
5. Save rules";SOC2: cc_6_6 | KISA-ISMS-P-2023: 2.6.1, 2.10.2 | C5-2025: PS-03.02B | KISA-ISMS-P-2023-korean: 2.6.1, 2.10.2 | AWS-Well-Architected-Framework-Security-Pillar: SEC03-BP07 | AWS-Foundational-Technical-Review: NETSEC-001 | SecNumCloud-3.2: 12.14 | ISO27001-2022: A.8.1, A.8.20, A.8.21, A.8.22;internet-exposed;;;;5.40.0;https://support.icompaas.com/support/solutions/articles/62000229600-ensure-vpc-security-groups-not-wide-open-public-ipv4-cidr-ranges-non-rfc1918- | https://docs.aws.amazon.com/vpc/latest/userguide/VPC_SecurityGroups.html;;
profile: None;2026-09-01 14:23:41.589109;128529977749;;;;;;prowler-aws-ec2_securitygroup_allow_wide_open_public_ipv4-128529977749-eu-north-1-sg-0ab21fe0bf7823fec;aws;ec2_securitygroup_allow_wide_open_public_ipv4;Security group has no ingress or egress rules with public IPv4 CIDR ranges from /1 to /23;Software and Configuration Checks/AWS Security Best Practices/Network Reachability | Software and Configuration Checks/Industry and Regulatory Standards/AWS Foundational Security Best Practices | Software and Configuration Checks/Industry and Regulatory Standards/CIS AWS Foundations Benchmark | TTPs/Initial Access/Unauthorized Access;PASS;Security group ce-capstone-db-20260831143455943400000009 (sg-0ab21fe0bf7823fec) has no potential wide-open non-RFC1918 address.;False;ec2;;high;AwsEc2SecurityGroup;arn:aws:ec2:eu-north-1:128529977749:security-group/sg-0ab21fe0bf7823fec;sg-0ab21fe0bf7823fec;ce-capstone-db-20260831143455943400000009;Owner=OWNER | Environment=prod | Project=ce-capstone | Name=ce-capstone-db-sg | ManagedBy=terraform;aws;eu-north-1;"**EC2 security groups** with rules that permit non-RFC1918 IPv4 ranges wider than `/24` are identified across both **ingress** and **egress**.

The focus is on public CIDRs (`/1`-`/23`) that broadly expose sources or destinations, not on private networks.";"Over-broad public CIDRs expand exposure and enable:
- **Confidentiality** loss via unauthorized access and exfiltration
- **Integrity** compromise by exploiting exposed services
- **Availability** impact from scanning and abuse

Open egress further allows **C2** beacons and bulk data exfiltration to untrusted IPs.";;"Apply **least privilege** on security groups:
- Allow only known IPs (prefer `/32` or tight CIDRs)
- Use **private connectivity** (VPN, Direct Connect, private endpoints)
- Restrict and log **egress**; deny by default
- Segment with security group references and **network ACLs** for **defense-in-depth**";https://hub.prowler.com/check/ec2_securitygroup_allow_wide_open_public_ipv4;"```yaml
# CloudFormation: ensure no public IPv4 CIDR wider than /24
Resources:
  ""<example_resource_name>"":
    Type: AWS::EC2::SecurityGroup
    Properties:
      GroupDescription: ""sg""
      VpcId: ""<example_resource_id>""
      SecurityGroupIngress:
        - IpProtocol: tcp
          FromPort: 443
          ToPort: 443
          CidrIp: 203.0.113.0/24  # Critical: /24 (or private RFC1918) avoids wide-open public /1-/23
```";"```hcl
# Terraform: ensure no public IPv4 CIDR wider than /24
resource ""aws_security_group"" ""<example_resource_name>"" {
  name   = ""<example_resource_name>""
  vpc_id = ""<example_resource_id>""

  ingress {
    from_port   = 443
    to_port     = 443
    protocol    = ""tcp""
    cidr_blocks = [""203.0.113.0/24""] # Critical: /24 (or private RFC1918) avoids wide-open public /1-/23
  }
}
```";;"1. In the AWS Console, go to VPC > Security Groups
2. Select the security group with the finding
3. Click Edit inbound rules (and Edit outbound rules if needed)
4. For any rule with a public IPv4 CIDR mask /1-/23, delete it or change the CIDR to a private RFC1918 range or to /24 or more specific (e.g., 203.0.113.0/24)
5. Save rules";SOC2: cc_6_6 | KISA-ISMS-P-2023: 2.6.1, 2.10.2 | C5-2025: PS-03.02B | KISA-ISMS-P-2023-korean: 2.6.1, 2.10.2 | AWS-Well-Architected-Framework-Security-Pillar: SEC03-BP07 | AWS-Foundational-Technical-Review: NETSEC-001 | SecNumCloud-3.2: 12.14 | ISO27001-2022: A.8.1, A.8.20, A.8.21, A.8.22;internet-exposed;;;;5.40.0;https://support.icompaas.com/support/solutions/articles/62000229600-ensure-vpc-security-groups-not-wide-open-public-ipv4-cidr-ranges-non-rfc1918- | https://docs.aws.amazon.com/vpc/latest/userguide/VPC_SecurityGroups.html;;
profile: None;2026-09-01 14:23:41.589109;128529977749;;;;;;prowler-aws-ec2_securitygroup_allow_wide_open_public_ipv4-128529977749-eu-north-1-sg-0ae6dc99a169add31;aws;ec2_securitygroup_allow_wide_open_public_ipv4;Security group has no ingress or egress rules with public IPv4 CIDR ranges from /1 to /23;Software and Configuration Checks/AWS Security Best Practices/Network Reachability | Software and Configuration Checks/Industry and Regulatory Standards/AWS Foundational Security Best Practices | Software and Configuration Checks/Industry and Regulatory Standards/CIS AWS Foundations Benchmark | TTPs/Initial Access/Unauthorized Access;PASS;Security group ce-capstone-alb-20260831143450720000000006 (sg-0ae6dc99a169add31) has no potential wide-open non-RFC1918 address.;False;ec2;;high;AwsEc2SecurityGroup;arn:aws:ec2:eu-north-1:128529977749:security-group/sg-0ae6dc99a169add31;sg-0ae6dc99a169add31;ce-capstone-alb-20260831143450720000000006;Environment=prod | Owner=OWNER | ManagedBy=terraform | Name=ce-capstone-alb-sg | Project=ce-capstone;aws;eu-north-1;"**EC2 security groups** with rules that permit non-RFC1918 IPv4 ranges wider than `/24` are identified across both **ingress** and **egress**.

The focus is on public CIDRs (`/1`-`/23`) that broadly expose sources or destinations, not on private networks.";"Over-broad public CIDRs expand exposure and enable:
- **Confidentiality** loss via unauthorized access and exfiltration
- **Integrity** compromise by exploiting exposed services
- **Availability** impact from scanning and abuse

Open egress further allows **C2** beacons and bulk data exfiltration to untrusted IPs.";;"Apply **least privilege** on security groups:
- Allow only known IPs (prefer `/32` or tight CIDRs)
- Use **private connectivity** (VPN, Direct Connect, private endpoints)
- Restrict and log **egress**; deny by default
- Segment with security group references and **network ACLs** for **defense-in-depth**";https://hub.prowler.com/check/ec2_securitygroup_allow_wide_open_public_ipv4;"```yaml
# CloudFormation: ensure no public IPv4 CIDR wider than /24
Resources:
  ""<example_resource_name>"":
    Type: AWS::EC2::SecurityGroup
    Properties:
      GroupDescription: ""sg""
      VpcId: ""<example_resource_id>""
      SecurityGroupIngress:
        - IpProtocol: tcp
          FromPort: 443
          ToPort: 443
          CidrIp: 203.0.113.0/24  # Critical: /24 (or private RFC1918) avoids wide-open public /1-/23
```";"```hcl
# Terraform: ensure no public IPv4 CIDR wider than /24
resource ""aws_security_group"" ""<example_resource_name>"" {
  name   = ""<example_resource_name>""
  vpc_id = ""<example_resource_id>""

  ingress {
    from_port   = 443
    to_port     = 443
    protocol    = ""tcp""
    cidr_blocks = [""203.0.113.0/24""] # Critical: /24 (or private RFC1918) avoids wide-open public /1-/23
  }
}
```";;"1. In the AWS Console, go to VPC > Security Groups
2. Select the security group with the finding
3. Click Edit inbound rules (and Edit outbound rules if needed)
4. For any rule with a public IPv4 CIDR mask /1-/23, delete it or change the CIDR to a private RFC1918 range or to /24 or more specific (e.g., 203.0.113.0/24)
5. Save rules";SOC2: cc_6_6 | KISA-ISMS-P-2023: 2.6.1, 2.10.2 | C5-2025: PS-03.02B | KISA-ISMS-P-2023-korean: 2.6.1, 2.10.2 | AWS-Well-Architected-Framework-Security-Pillar: SEC03-BP07 | AWS-Foundational-Technical-Review: NETSEC-001 | SecNumCloud-3.2: 12.14 | ISO27001-2022: A.8.1, A.8.20, A.8.21, A.8.22;internet-exposed;;;;5.40.0;https://support.icompaas.com/support/solutions/articles/62000229600-ensure-vpc-security-groups-not-wide-open-public-ipv4-cidr-ranges-non-rfc1918- | https://docs.aws.amazon.com/vpc/latest/userguide/VPC_SecurityGroups.html;;
profile: None;2026-09-01 14:23:41.589109;128529977749;;;;;;prowler-aws-ec2_securitygroup_allow_wide_open_public_ipv4-128529977749-eu-north-1-sg-0f559018c82176a2b;aws;ec2_securitygroup_allow_wide_open_public_ipv4;Security group has no ingress or egress rules with public IPv4 CIDR ranges from /1 to /23;Software and Configuration Checks/AWS Security Best Practices/Network Reachability | Software and Configuration Checks/Industry and Regulatory Standards/AWS Foundational Security Best Practices | Software and Configuration Checks/Industry and Regulatory Standards/CIS AWS Foundations Benchmark | TTPs/Initial Access/Unauthorized Access;PASS;Security group ce-capstone-nat-20260831143450716100000005 (sg-0f559018c82176a2b) has no potential wide-open non-RFC1918 address.;False;ec2;;high;AwsEc2SecurityGroup;arn:aws:ec2:eu-north-1:128529977749:security-group/sg-0f559018c82176a2b;sg-0f559018c82176a2b;ce-capstone-nat-20260831143450716100000005;ManagedBy=terraform | Name=ce-capstone-nat-sg | Project=ce-capstone | Environment=prod | Owner=OWNER;aws;eu-north-1;"**EC2 security groups** with rules that permit non-RFC1918 IPv4 ranges wider than `/24` are identified across both **ingress** and **egress**.

The focus is on public CIDRs (`/1`-`/23`) that broadly expose sources or destinations, not on private networks.";"Over-broad public CIDRs expand exposure and enable:
- **Confidentiality** loss via unauthorized access and exfiltration
- **Integrity** compromise by exploiting exposed services
- **Availability** impact from scanning and abuse

Open egress further allows **C2** beacons and bulk data exfiltration to untrusted IPs.";;"Apply **least privilege** on security groups:
- Allow only known IPs (prefer `/32` or tight CIDRs)
- Use **private connectivity** (VPN, Direct Connect, private endpoints)
- Restrict and log **egress**; deny by default
- Segment with security group references and **network ACLs** for **defense-in-depth**";https://hub.prowler.com/check/ec2_securitygroup_allow_wide_open_public_ipv4;"```yaml
# CloudFormation: ensure no public IPv4 CIDR wider than /24
Resources:
  ""<example_resource_name>"":
    Type: AWS::EC2::SecurityGroup
    Properties:
      GroupDescription: ""sg""
      VpcId: ""<example_resource_id>""
      SecurityGroupIngress:
        - IpProtocol: tcp
          FromPort: 443
          ToPort: 443
          CidrIp: 203.0.113.0/24  # Critical: /24 (or private RFC1918) avoids wide-open public /1-/23
```";"```hcl
# Terraform: ensure no public IPv4 CIDR wider than /24
resource ""aws_security_group"" ""<example_resource_name>"" {
  name   = ""<example_resource_name>""
  vpc_id = ""<example_resource_id>""

  ingress {
    from_port   = 443
    to_port     = 443
    protocol    = ""tcp""
    cidr_blocks = [""203.0.113.0/24""] # Critical: /24 (or private RFC1918) avoids wide-open public /1-/23
  }
}
```";;"1. In the AWS Console, go to VPC > Security Groups
2. Select the security group with the finding
3. Click Edit inbound rules (and Edit outbound rules if needed)
4. For any rule with a public IPv4 CIDR mask /1-/23, delete it or change the CIDR to a private RFC1918 range or to /24 or more specific (e.g., 203.0.113.0/24)
5. Save rules";SOC2: cc_6_6 | KISA-ISMS-P-2023: 2.6.1, 2.10.2 | C5-2025: PS-03.02B | KISA-ISMS-P-2023-korean: 2.6.1, 2.10.2 | AWS-Well-Architected-Framework-Security-Pillar: SEC03-BP07 | AWS-Foundational-Technical-Review: NETSEC-001 | SecNumCloud-3.2: 12.14 | ISO27001-2022: A.8.1, A.8.20, A.8.21, A.8.22;internet-exposed;;;;5.40.0;https://support.icompaas.com/support/solutions/articles/62000229600-ensure-vpc-security-groups-not-wide-open-public-ipv4-cidr-ranges-non-rfc1918- | https://docs.aws.amazon.com/vpc/latest/userguide/VPC_SecurityGroups.html;;
profile: None;2026-09-01 14:23:41.589109;128529977749;;;;;;prowler-aws-ec2_securitygroup_from_launch_wizard-128529977749-eu-north-1-sg-004d1060824dafc6d;aws;ec2_securitygroup_from_launch_wizard;Security group not created using the EC2 Launch Wizard;Software and Configuration Checks/AWS Security Best Practices/Network Reachability;PASS;Security group ce-capstone-app-20260831143453433000000008 (sg-004d1060824dafc6d) was not created using the EC2 Launch Wizard.;False;ec2;;medium;AwsEc2SecurityGroup;arn:aws:ec2:eu-north-1:128529977749:security-group/sg-004d1060824dafc6d;sg-004d1060824dafc6d;ce-capstone-app-20260831143453433000000008;Name=ce-capstone-app-sg | Project=ce-capstone | Environment=prod | ManagedBy=terraform | Owner=OWNER;aws;eu-north-1;**EC2 security groups** whose names include `launch-wizard` are identified as created by the **EC2 Launch Wizard**, distinguishing auto-generated groups from curated, baseline-controlled groups.;"Wizard-generated groups often include **overly permissive rules** (e.g., `0.0.0.0/0` to admin ports), expanding exposure. Attackers can run **port scans** and **brute-force** to gain entry, then **lateral movement** and **data exfiltration**, impacting **confidentiality** and **integrity**; broad egress aids command-and-control.";;Replace or harden these groups. Apply **least privilege**: restrict inbound to required sources, avoid public admin ports, and minimize egress. Use approved baseline security groups, enforce change control with IaC and guardrails, prefer private administration (bastion or Session Manager), and remove unused rules.;https://hub.prowler.com/check/ec2_securitygroup_from_launch_wizard;"```yaml
# CloudFormation: create a security group not named by Launch Wizard
Resources:
  <example_resource_name>:
    Type: AWS::EC2::SecurityGroup
    Properties:
      GroupDescription: SG not created by Launch Wizard
      VpcId: <example_resource_id>
      GroupName: <example_resource_name>  # Critical: name does NOT contain ""launch-wizard"" to avoid FAIL
```";"```hcl
# Create a security group not named by Launch Wizard
resource ""aws_security_group"" ""<example_resource_name>"" {
  name   = ""<example_resource_name>""  # Critical: name does NOT contain ""launch-wizard"" to avoid FAIL
  vpc_id = ""<example_resource_id>""
}
```";aws ec2 delete-security-group --group-id <SECURITY_GROUP_ID>;"1. In the AWS console, go to EC2 > Network & Security > Security Groups
2. In the search box, filter by Name contains ""launch-wizard""
3. For each matching group, open the References tab and remove it from any ENIs/instances by replacing it with a different security group
4. Select the launch-wizard security group and choose Actions > Delete security group > Delete
5. Verify no security groups remain with names containing ""launch-wizard""";KISA-ISMS-P-2023: 2.10.2 | KISA-ISMS-P-2023-korean: 2.10.2 | AWS-Well-Architected-Framework-Security-Pillar: SEC05-BP03 | ENS-RD2022: mp.com.1.aws.sg.1 | ISO27001-2022: A.8.20, A.8.21, A.8.22;;;;;5.40.0;https://www.trendmicro.com/trendaivisiononecloudriskmanagement/knowledge-base/aws/EC2/security-group-prefixed-with-launch-wizard.html | https://docs.aws.amazon.com/eks/latest/userguide/sec-group-reqs.html;;
profile: None;2026-09-01 14:23:41.589109;128529977749;;;;;;prowler-aws-ec2_securitygroup_from_launch_wizard-128529977749-eu-north-1-sg-0ab21fe0bf7823fec;aws;ec2_securitygroup_from_launch_wizard;Security group not created using the EC2 Launch Wizard;Software and Configuration Checks/AWS Security Best Practices/Network Reachability;PASS;Security group ce-capstone-db-20260831143455943400000009 (sg-0ab21fe0bf7823fec) was not created using the EC2 Launch Wizard.;False;ec2;;medium;AwsEc2SecurityGroup;arn:aws:ec2:eu-north-1:128529977749:security-group/sg-0ab21fe0bf7823fec;sg-0ab21fe0bf7823fec;ce-capstone-db-20260831143455943400000009;Owner=OWNER | Environment=prod | Project=ce-capstone | Name=ce-capstone-db-sg | ManagedBy=terraform;aws;eu-north-1;**EC2 security groups** whose names include `launch-wizard` are identified as created by the **EC2 Launch Wizard**, distinguishing auto-generated groups from curated, baseline-controlled groups.;"Wizard-generated groups often include **overly permissive rules** (e.g., `0.0.0.0/0` to admin ports), expanding exposure. Attackers can run **port scans** and **brute-force** to gain entry, then **lateral movement** and **data exfiltration**, impacting **confidentiality** and **integrity**; broad egress aids command-and-control.";;Replace or harden these groups. Apply **least privilege**: restrict inbound to required sources, avoid public admin ports, and minimize egress. Use approved baseline security groups, enforce change control with IaC and guardrails, prefer private administration (bastion or Session Manager), and remove unused rules.;https://hub.prowler.com/check/ec2_securitygroup_from_launch_wizard;"```yaml
# CloudFormation: create a security group not named by Launch Wizard
Resources:
  <example_resource_name>:
    Type: AWS::EC2::SecurityGroup
    Properties:
      GroupDescription: SG not created by Launch Wizard
      VpcId: <example_resource_id>
      GroupName: <example_resource_name>  # Critical: name does NOT contain ""launch-wizard"" to avoid FAIL
```";"```hcl
# Create a security group not named by Launch Wizard
resource ""aws_security_group"" ""<example_resource_name>"" {
  name   = ""<example_resource_name>""  # Critical: name does NOT contain ""launch-wizard"" to avoid FAIL
  vpc_id = ""<example_resource_id>""
}
```";aws ec2 delete-security-group --group-id <SECURITY_GROUP_ID>;"1. In the AWS console, go to EC2 > Network & Security > Security Groups
2. In the search box, filter by Name contains ""launch-wizard""
3. For each matching group, open the References tab and remove it from any ENIs/instances by replacing it with a different security group
4. Select the launch-wizard security group and choose Actions > Delete security group > Delete
5. Verify no security groups remain with names containing ""launch-wizard""";KISA-ISMS-P-2023: 2.10.2 | KISA-ISMS-P-2023-korean: 2.10.2 | AWS-Well-Architected-Framework-Security-Pillar: SEC05-BP03 | ENS-RD2022: mp.com.1.aws.sg.1 | ISO27001-2022: A.8.20, A.8.21, A.8.22;;;;;5.40.0;https://www.trendmicro.com/trendaivisiononecloudriskmanagement/knowledge-base/aws/EC2/security-group-prefixed-with-launch-wizard.html | https://docs.aws.amazon.com/eks/latest/userguide/sec-group-reqs.html;;
profile: None;2026-09-01 14:23:41.589109;128529977749;;;;;;prowler-aws-ec2_securitygroup_from_launch_wizard-128529977749-eu-north-1-sg-0ae6dc99a169add31;aws;ec2_securitygroup_from_launch_wizard;Security group not created using the EC2 Launch Wizard;Software and Configuration Checks/AWS Security Best Practices/Network Reachability;PASS;Security group ce-capstone-alb-20260831143450720000000006 (sg-0ae6dc99a169add31) was not created using the EC2 Launch Wizard.;False;ec2;;medium;AwsEc2SecurityGroup;arn:aws:ec2:eu-north-1:128529977749:security-group/sg-0ae6dc99a169add31;sg-0ae6dc99a169add31;ce-capstone-alb-20260831143450720000000006;Environment=prod | Owner=OWNER | ManagedBy=terraform | Name=ce-capstone-alb-sg | Project=ce-capstone;aws;eu-north-1;**EC2 security groups** whose names include `launch-wizard` are identified as created by the **EC2 Launch Wizard**, distinguishing auto-generated groups from curated, baseline-controlled groups.;"Wizard-generated groups often include **overly permissive rules** (e.g., `0.0.0.0/0` to admin ports), expanding exposure. Attackers can run **port scans** and **brute-force** to gain entry, then **lateral movement** and **data exfiltration**, impacting **confidentiality** and **integrity**; broad egress aids command-and-control.";;Replace or harden these groups. Apply **least privilege**: restrict inbound to required sources, avoid public admin ports, and minimize egress. Use approved baseline security groups, enforce change control with IaC and guardrails, prefer private administration (bastion or Session Manager), and remove unused rules.;https://hub.prowler.com/check/ec2_securitygroup_from_launch_wizard;"```yaml
# CloudFormation: create a security group not named by Launch Wizard
Resources:
  <example_resource_name>:
    Type: AWS::EC2::SecurityGroup
    Properties:
      GroupDescription: SG not created by Launch Wizard
      VpcId: <example_resource_id>
      GroupName: <example_resource_name>  # Critical: name does NOT contain ""launch-wizard"" to avoid FAIL
```";"```hcl
# Create a security group not named by Launch Wizard
resource ""aws_security_group"" ""<example_resource_name>"" {
  name   = ""<example_resource_name>""  # Critical: name does NOT contain ""launch-wizard"" to avoid FAIL
  vpc_id = ""<example_resource_id>""
}
```";aws ec2 delete-security-group --group-id <SECURITY_GROUP_ID>;"1. In the AWS console, go to EC2 > Network & Security > Security Groups
2. In the search box, filter by Name contains ""launch-wizard""
3. For each matching group, open the References tab and remove it from any ENIs/instances by replacing it with a different security group
4. Select the launch-wizard security group and choose Actions > Delete security group > Delete
5. Verify no security groups remain with names containing ""launch-wizard""";KISA-ISMS-P-2023: 2.10.2 | KISA-ISMS-P-2023-korean: 2.10.2 | AWS-Well-Architected-Framework-Security-Pillar: SEC05-BP03 | ENS-RD2022: mp.com.1.aws.sg.1 | ISO27001-2022: A.8.20, A.8.21, A.8.22;;;;;5.40.0;https://www.trendmicro.com/trendaivisiononecloudriskmanagement/knowledge-base/aws/EC2/security-group-prefixed-with-launch-wizard.html | https://docs.aws.amazon.com/eks/latest/userguide/sec-group-reqs.html;;
profile: None;2026-09-01 14:23:41.589109;128529977749;;;;;;prowler-aws-ec2_securitygroup_from_launch_wizard-128529977749-eu-north-1-sg-0f559018c82176a2b;aws;ec2_securitygroup_from_launch_wizard;Security group not created using the EC2 Launch Wizard;Software and Configuration Checks/AWS Security Best Practices/Network Reachability;PASS;Security group ce-capstone-nat-20260831143450716100000005 (sg-0f559018c82176a2b) was not created using the EC2 Launch Wizard.;False;ec2;;medium;AwsEc2SecurityGroup;arn:aws:ec2:eu-north-1:128529977749:security-group/sg-0f559018c82176a2b;sg-0f559018c82176a2b;ce-capstone-nat-20260831143450716100000005;ManagedBy=terraform | Name=ce-capstone-nat-sg | Project=ce-capstone | Environment=prod | Owner=OWNER;aws;eu-north-1;**EC2 security groups** whose names include `launch-wizard` are identified as created by the **EC2 Launch Wizard**, distinguishing auto-generated groups from curated, baseline-controlled groups.;"Wizard-generated groups often include **overly permissive rules** (e.g., `0.0.0.0/0` to admin ports), expanding exposure. Attackers can run **port scans** and **brute-force** to gain entry, then **lateral movement** and **data exfiltration**, impacting **confidentiality** and **integrity**; broad egress aids command-and-control.";;Replace or harden these groups. Apply **least privilege**: restrict inbound to required sources, avoid public admin ports, and minimize egress. Use approved baseline security groups, enforce change control with IaC and guardrails, prefer private administration (bastion or Session Manager), and remove unused rules.;https://hub.prowler.com/check/ec2_securitygroup_from_launch_wizard;"```yaml
# CloudFormation: create a security group not named by Launch Wizard
Resources:
  <example_resource_name>:
    Type: AWS::EC2::SecurityGroup
    Properties:
      GroupDescription: SG not created by Launch Wizard
      VpcId: <example_resource_id>
      GroupName: <example_resource_name>  # Critical: name does NOT contain ""launch-wizard"" to avoid FAIL
```";"```hcl
# Create a security group not named by Launch Wizard
resource ""aws_security_group"" ""<example_resource_name>"" {
  name   = ""<example_resource_name>""  # Critical: name does NOT contain ""launch-wizard"" to avoid FAIL
  vpc_id = ""<example_resource_id>""
}
```";aws ec2 delete-security-group --group-id <SECURITY_GROUP_ID>;"1. In the AWS console, go to EC2 > Network & Security > Security Groups
2. In the search box, filter by Name contains ""launch-wizard""
3. For each matching group, open the References tab and remove it from any ENIs/instances by replacing it with a different security group
4. Select the launch-wizard security group and choose Actions > Delete security group > Delete
5. Verify no security groups remain with names containing ""launch-wizard""";KISA-ISMS-P-2023: 2.10.2 | KISA-ISMS-P-2023-korean: 2.10.2 | AWS-Well-Architected-Framework-Security-Pillar: SEC05-BP03 | ENS-RD2022: mp.com.1.aws.sg.1 | ISO27001-2022: A.8.20, A.8.21, A.8.22;;;;;5.40.0;https://www.trendmicro.com/trendaivisiononecloudriskmanagement/knowledge-base/aws/EC2/security-group-prefixed-with-launch-wizard.html | https://docs.aws.amazon.com/eks/latest/userguide/sec-group-reqs.html;;
profile: None;2026-09-01 14:23:41.589109;128529977749;;;;;;prowler-aws-ec2_securitygroup_not_used-128529977749-eu-north-1-sg-004d1060824dafc6d;aws;ec2_securitygroup_not_used;Non-default EC2 security group is in use;Software and Configuration Checks/AWS Security Best Practices;PASS;Security group ce-capstone-app-20260831143453433000000008 (sg-004d1060824dafc6d) it is being used.;False;ec2;;low;AwsEc2SecurityGroup;arn:aws:ec2:eu-north-1:128529977749:security-group/sg-004d1060824dafc6d;sg-004d1060824dafc6d;ce-capstone-app-20260831143453433000000008;Name=ce-capstone-app-sg | Project=ce-capstone | Environment=prod | ManagedBy=terraform | Owner=OWNER;aws;eu-north-1;EC2 security groups, except `default`, are assessed for **unused** status: zero attached network interfaces, no AWS Lambda associations, no AWS Batch compute environment associations, and no references from other security groups.;Orphaned security groups may later be attached with **overly permissive rules** without review, enabling unintended inbound or lateral access that compromises **confidentiality** and **integrity**. They also create **configuration drift**, increasing the chance of misapplied access controls.;;Apply **least privilege** and strong lifecycle management: delete or quarantine **unused security groups**, enforce ownership tags and retention policies, review regularly, and manage changes via IaC with approvals. Restrict who can attach groups and use guardrails to prevent reuse of stale or permissive groups.;https://hub.prowler.com/check/ec2_securitygroup_not_used;;"```hcl
# Destroy the unused non-default security group
resource ""aws_security_group"" ""<example_resource_name>"" {
  count = 0 # Critical: setting count=0 removes/destroys this unused SG
}
```";aws ec2 delete-security-group --group-id <SECURITY_GROUP_ID>;"1. In the AWS Console, go to EC2 > Security Groups
2. Select the non-default security group that shows Used by = 0 (no network interfaces or resources)
3. Click Actions > Delete security group > Delete";AWS-Foundational-Security-Best-Practices: EC2.22 | KISA-ISMS-P-2023: 2.10.2 | KISA-ISMS-P-2023-korean: 2.10.2 | AWS-Well-Architected-Framework-Security-Pillar: SEC05-BP03 | NIST-CSF-2.0: ac_5, ip_1 | ENS-RD2022: mp.com.1.aws.sg.3 | AWS-Foundational-Technical-Review: NETSEC-001 | ISO27001-2022: A.8.20, A.8.21, A.8.22;trust-boundaries;;;;5.40.0;https://www.trendmicro.com/trendaivisiononecloudriskmanagement/knowledge-base/aws/EC2/default-security-group-unrestricted.html | https://docs.aws.amazon.com/AWSEC2/latest/UserGuide/ec2-security-groups.html;;
profile: None;2026-09-01 14:23:41.589109;128529977749;;;;;;prowler-aws-ec2_securitygroup_not_used-128529977749-eu-north-1-sg-0ab21fe0bf7823fec;aws;ec2_securitygroup_not_used;Non-default EC2 security group is in use;Software and Configuration Checks/AWS Security Best Practices;PASS;Security group ce-capstone-db-20260831143455943400000009 (sg-0ab21fe0bf7823fec) it is being used.;False;ec2;;low;AwsEc2SecurityGroup;arn:aws:ec2:eu-north-1:128529977749:security-group/sg-0ab21fe0bf7823fec;sg-0ab21fe0bf7823fec;ce-capstone-db-20260831143455943400000009;Owner=OWNER | Environment=prod | Project=ce-capstone | Name=ce-capstone-db-sg | ManagedBy=terraform;aws;eu-north-1;EC2 security groups, except `default`, are assessed for **unused** status: zero attached network interfaces, no AWS Lambda associations, no AWS Batch compute environment associations, and no references from other security groups.;Orphaned security groups may later be attached with **overly permissive rules** without review, enabling unintended inbound or lateral access that compromises **confidentiality** and **integrity**. They also create **configuration drift**, increasing the chance of misapplied access controls.;;Apply **least privilege** and strong lifecycle management: delete or quarantine **unused security groups**, enforce ownership tags and retention policies, review regularly, and manage changes via IaC with approvals. Restrict who can attach groups and use guardrails to prevent reuse of stale or permissive groups.;https://hub.prowler.com/check/ec2_securitygroup_not_used;;"```hcl
# Destroy the unused non-default security group
resource ""aws_security_group"" ""<example_resource_name>"" {
  count = 0 # Critical: setting count=0 removes/destroys this unused SG
}
```";aws ec2 delete-security-group --group-id <SECURITY_GROUP_ID>;"1. In the AWS Console, go to EC2 > Security Groups
2. Select the non-default security group that shows Used by = 0 (no network interfaces or resources)
3. Click Actions > Delete security group > Delete";AWS-Foundational-Security-Best-Practices: EC2.22 | KISA-ISMS-P-2023: 2.10.2 | KISA-ISMS-P-2023-korean: 2.10.2 | AWS-Well-Architected-Framework-Security-Pillar: SEC05-BP03 | NIST-CSF-2.0: ac_5, ip_1 | ENS-RD2022: mp.com.1.aws.sg.3 | AWS-Foundational-Technical-Review: NETSEC-001 | ISO27001-2022: A.8.20, A.8.21, A.8.22;trust-boundaries;;;;5.40.0;https://www.trendmicro.com/trendaivisiononecloudriskmanagement/knowledge-base/aws/EC2/default-security-group-unrestricted.html | https://docs.aws.amazon.com/AWSEC2/latest/UserGuide/ec2-security-groups.html;;
profile: None;2026-09-01 14:23:41.589109;128529977749;;;;;;prowler-aws-ec2_securitygroup_not_used-128529977749-eu-north-1-sg-0ae6dc99a169add31;aws;ec2_securitygroup_not_used;Non-default EC2 security group is in use;Software and Configuration Checks/AWS Security Best Practices;PASS;Security group ce-capstone-alb-20260831143450720000000006 (sg-0ae6dc99a169add31) it is being used.;False;ec2;;low;AwsEc2SecurityGroup;arn:aws:ec2:eu-north-1:128529977749:security-group/sg-0ae6dc99a169add31;sg-0ae6dc99a169add31;ce-capstone-alb-20260831143450720000000006;Environment=prod | Owner=OWNER | ManagedBy=terraform | Name=ce-capstone-alb-sg | Project=ce-capstone;aws;eu-north-1;EC2 security groups, except `default`, are assessed for **unused** status: zero attached network interfaces, no AWS Lambda associations, no AWS Batch compute environment associations, and no references from other security groups.;Orphaned security groups may later be attached with **overly permissive rules** without review, enabling unintended inbound or lateral access that compromises **confidentiality** and **integrity**. They also create **configuration drift**, increasing the chance of misapplied access controls.;;Apply **least privilege** and strong lifecycle management: delete or quarantine **unused security groups**, enforce ownership tags and retention policies, review regularly, and manage changes via IaC with approvals. Restrict who can attach groups and use guardrails to prevent reuse of stale or permissive groups.;https://hub.prowler.com/check/ec2_securitygroup_not_used;;"```hcl
# Destroy the unused non-default security group
resource ""aws_security_group"" ""<example_resource_name>"" {
  count = 0 # Critical: setting count=0 removes/destroys this unused SG
}
```";aws ec2 delete-security-group --group-id <SECURITY_GROUP_ID>;"1. In the AWS Console, go to EC2 > Security Groups
2. Select the non-default security group that shows Used by = 0 (no network interfaces or resources)
3. Click Actions > Delete security group > Delete";AWS-Foundational-Security-Best-Practices: EC2.22 | KISA-ISMS-P-2023: 2.10.2 | KISA-ISMS-P-2023-korean: 2.10.2 | AWS-Well-Architected-Framework-Security-Pillar: SEC05-BP03 | NIST-CSF-2.0: ac_5, ip_1 | ENS-RD2022: mp.com.1.aws.sg.3 | AWS-Foundational-Technical-Review: NETSEC-001 | ISO27001-2022: A.8.20, A.8.21, A.8.22;trust-boundaries;;;;5.40.0;https://www.trendmicro.com/trendaivisiononecloudriskmanagement/knowledge-base/aws/EC2/default-security-group-unrestricted.html | https://docs.aws.amazon.com/AWSEC2/latest/UserGuide/ec2-security-groups.html;;
profile: None;2026-09-01 14:23:41.589109;128529977749;;;;;;prowler-aws-ec2_securitygroup_not_used-128529977749-eu-north-1-sg-0f559018c82176a2b;aws;ec2_securitygroup_not_used;Non-default EC2 security group is in use;Software and Configuration Checks/AWS Security Best Practices;PASS;Security group ce-capstone-nat-20260831143450716100000005 (sg-0f559018c82176a2b) it is being used.;False;ec2;;low;AwsEc2SecurityGroup;arn:aws:ec2:eu-north-1:128529977749:security-group/sg-0f559018c82176a2b;sg-0f559018c82176a2b;ce-capstone-nat-20260831143450716100000005;ManagedBy=terraform | Name=ce-capstone-nat-sg | Project=ce-capstone | Environment=prod | Owner=OWNER;aws;eu-north-1;EC2 security groups, except `default`, are assessed for **unused** status: zero attached network interfaces, no AWS Lambda associations, no AWS Batch compute environment associations, and no references from other security groups.;Orphaned security groups may later be attached with **overly permissive rules** without review, enabling unintended inbound or lateral access that compromises **confidentiality** and **integrity**. They also create **configuration drift**, increasing the chance of misapplied access controls.;;Apply **least privilege** and strong lifecycle management: delete or quarantine **unused security groups**, enforce ownership tags and retention policies, review regularly, and manage changes via IaC with approvals. Restrict who can attach groups and use guardrails to prevent reuse of stale or permissive groups.;https://hub.prowler.com/check/ec2_securitygroup_not_used;;"```hcl
# Destroy the unused non-default security group
resource ""aws_security_group"" ""<example_resource_name>"" {
  count = 0 # Critical: setting count=0 removes/destroys this unused SG
}
```";aws ec2 delete-security-group --group-id <SECURITY_GROUP_ID>;"1. In the AWS Console, go to EC2 > Security Groups
2. Select the non-default security group that shows Used by = 0 (no network interfaces or resources)
3. Click Actions > Delete security group > Delete";AWS-Foundational-Security-Best-Practices: EC2.22 | KISA-ISMS-P-2023: 2.10.2 | KISA-ISMS-P-2023-korean: 2.10.2 | AWS-Well-Architected-Framework-Security-Pillar: SEC05-BP03 | NIST-CSF-2.0: ac_5, ip_1 | ENS-RD2022: mp.com.1.aws.sg.3 | AWS-Foundational-Technical-Review: NETSEC-001 | ISO27001-2022: A.8.20, A.8.21, A.8.22;trust-boundaries;;;;5.40.0;https://www.trendmicro.com/trendaivisiononecloudriskmanagement/knowledge-base/aws/EC2/default-security-group-unrestricted.html | https://docs.aws.amazon.com/AWSEC2/latest/UserGuide/ec2-security-groups.html;;
profile: None;2026-09-01 14:23:41.589109;128529977749;;;;;;prowler-aws-ec2_securitygroup_with_many_ingress_egress_rules-128529977749-eu-north-1-sg-004d1060824dafc6d;aws;ec2_securitygroup_with_many_ingress_egress_rules;Security group has 50 or fewer inbound rules and 50 or fewer outbound rules;Software and Configuration Checks/AWS Security Best Practices/Network Reachability | Software and Configuration Checks/Industry and Regulatory Standards/AWS Foundational Security Best Practices | Software and Configuration Checks/Industry and Regulatory Standards/CIS AWS Foundations Benchmark;PASS;Security group ce-capstone-app-20260831143453433000000008 (sg-004d1060824dafc6d) has 1 inbound rules and 1 outbound rules.;False;ec2;;medium;AwsEc2SecurityGroup;arn:aws:ec2:eu-north-1:128529977749:security-group/sg-004d1060824dafc6d;sg-004d1060824dafc6d;ce-capstone-app-20260831143453433000000008;Name=ce-capstone-app-sg | Project=ce-capstone | Environment=prod | ManagedBy=terraform | Owner=OWNER;aws;eu-north-1;**EC2 security groups** are evaluated for excessive rule counts, flagging groups where `ingress` or `egress` entries exceed the configured threshold (default `50`). This targets groups with unusually large rule sets that complicate access control.;**Rule sprawl** weakens **least privilege**: large rule sets can hide overly permissive entries, exposing services to the Internet or unintended peers. This enables unauthorized access, data exfiltration, and lateral movement, impacting **confidentiality** and **integrity**, and can threaten **availability** via abuse of exposed services.;;"Apply **least privilege** and **segmentation**:
- Limit rules to required ports, protocols, and sources
- Split workloads into dedicated security groups per role
- Prefer SG-to-SG references over broad CIDRs
- Regularly review, deduplicate, and remove stale rules
- Layer controls (NACLs, private endpoints) for **defense in depth**";https://hub.prowler.com/check/ec2_securitygroup_with_many_ingress_egress_rules;"```yaml
# CloudFormation: Security group with limited number of rules
Resources:
  <example_resource_name>:
    Type: AWS::EC2::SecurityGroup
    Properties:
      GroupDescription: ""<example_resource_name>""
      VpcId: <example_resource_id>
      SecurityGroupIngress:
        - IpProtocol: tcp
          FromPort: 443
          ToPort: 443
          CidrIp: 10.0.0.0/8  # Critical: keep total inbound rules  50; this example defines only 1 rule to ensure compliance
```";"```hcl
# Terraform: Security group with limited number of rules
resource ""aws_security_group"" ""<example_resource_name>"" {
  name   = ""<example_resource_name>""
  vpc_id = ""<example_resource_id>""

  ingress {                      # Critical: keep total ingress/egress rules  50; single rule ensures PASS
    from_port   = 443
    to_port     = 443
    protocol    = ""tcp""
    cidr_blocks = [""10.0.0.0/8""]
  }
}
```";;"1. In the AWS console, go to EC2 > Security Groups
2. Select the security group that FAILED
3. In Inbound rules, click Edit inbound rules
4. Delete rules until the inbound rule count is 50 or fewer, then Save
5. In Outbound rules, click Edit outbound rules
6. Delete rules until the outbound rule count is 50 or fewer, then Save";KISA-ISMS-P-2023: 2.10.2 | KISA-ISMS-P-2023-korean: 2.10.2 | AWS-Well-Architected-Framework-Security-Pillar: SEC05-BP03 | AWS-Foundational-Technical-Review: NETSEC-001 | ISO27001-2022: A.8.20, A.8.21, A.8.22;trust-boundaries;;;;5.40.0;https://docs.aws.amazon.com/vpc/latest/userguide/VPC_SecurityGroups.html | https://www.trendmicro.com/trendaivisiononecloudriskmanagement/knowledge-base/aws/EC2/security-group-rules-counts.html;;
profile: None;2026-09-01 14:23:41.589109;128529977749;;;;;;prowler-aws-ec2_securitygroup_with_many_ingress_egress_rules-128529977749-eu-north-1-sg-0ab21fe0bf7823fec;aws;ec2_securitygroup_with_many_ingress_egress_rules;Security group has 50 or fewer inbound rules and 50 or fewer outbound rules;Software and Configuration Checks/AWS Security Best Practices/Network Reachability | Software and Configuration Checks/Industry and Regulatory Standards/AWS Foundational Security Best Practices | Software and Configuration Checks/Industry and Regulatory Standards/CIS AWS Foundations Benchmark;PASS;Security group ce-capstone-db-20260831143455943400000009 (sg-0ab21fe0bf7823fec) has 1 inbound rules and 1 outbound rules.;False;ec2;;medium;AwsEc2SecurityGroup;arn:aws:ec2:eu-north-1:128529977749:security-group/sg-0ab21fe0bf7823fec;sg-0ab21fe0bf7823fec;ce-capstone-db-20260831143455943400000009;Owner=OWNER | Environment=prod | Project=ce-capstone | Name=ce-capstone-db-sg | ManagedBy=terraform;aws;eu-north-1;**EC2 security groups** are evaluated for excessive rule counts, flagging groups where `ingress` or `egress` entries exceed the configured threshold (default `50`). This targets groups with unusually large rule sets that complicate access control.;**Rule sprawl** weakens **least privilege**: large rule sets can hide overly permissive entries, exposing services to the Internet or unintended peers. This enables unauthorized access, data exfiltration, and lateral movement, impacting **confidentiality** and **integrity**, and can threaten **availability** via abuse of exposed services.;;"Apply **least privilege** and **segmentation**:
- Limit rules to required ports, protocols, and sources
- Split workloads into dedicated security groups per role
- Prefer SG-to-SG references over broad CIDRs
- Regularly review, deduplicate, and remove stale rules
- Layer controls (NACLs, private endpoints) for **defense in depth**";https://hub.prowler.com/check/ec2_securitygroup_with_many_ingress_egress_rules;"```yaml
# CloudFormation: Security group with limited number of rules
Resources:
  <example_resource_name>:
    Type: AWS::EC2::SecurityGroup
    Properties:
      GroupDescription: ""<example_resource_name>""
      VpcId: <example_resource_id>
      SecurityGroupIngress:
        - IpProtocol: tcp
          FromPort: 443
          ToPort: 443
          CidrIp: 10.0.0.0/8  # Critical: keep total inbound rules  50; this example defines only 1 rule to ensure compliance
```";"```hcl
# Terraform: Security group with limited number of rules
resource ""aws_security_group"" ""<example_resource_name>"" {
  name   = ""<example_resource_name>""
  vpc_id = ""<example_resource_id>""

  ingress {                      # Critical: keep total ingress/egress rules  50; single rule ensures PASS
    from_port   = 443
    to_port     = 443
    protocol    = ""tcp""
    cidr_blocks = [""10.0.0.0/8""]
  }
}
```";;"1. In the AWS console, go to EC2 > Security Groups
2. Select the security group that FAILED
3. In Inbound rules, click Edit inbound rules
4. Delete rules until the inbound rule count is 50 or fewer, then Save
5. In Outbound rules, click Edit outbound rules
6. Delete rules until the outbound rule count is 50 or fewer, then Save";KISA-ISMS-P-2023: 2.10.2 | KISA-ISMS-P-2023-korean: 2.10.2 | AWS-Well-Architected-Framework-Security-Pillar: SEC05-BP03 | AWS-Foundational-Technical-Review: NETSEC-001 | ISO27001-2022: A.8.20, A.8.21, A.8.22;trust-boundaries;;;;5.40.0;https://docs.aws.amazon.com/vpc/latest/userguide/VPC_SecurityGroups.html | https://www.trendmicro.com/trendaivisiononecloudriskmanagement/knowledge-base/aws/EC2/security-group-rules-counts.html;;
profile: None;2026-09-01 14:23:41.589109;128529977749;;;;;;prowler-aws-ec2_securitygroup_with_many_ingress_egress_rules-128529977749-eu-north-1-sg-0ae6dc99a169add31;aws;ec2_securitygroup_with_many_ingress_egress_rules;Security group has 50 or fewer inbound rules and 50 or fewer outbound rules;Software and Configuration Checks/AWS Security Best Practices/Network Reachability | Software and Configuration Checks/Industry and Regulatory Standards/AWS Foundational Security Best Practices | Software and Configuration Checks/Industry and Regulatory Standards/CIS AWS Foundations Benchmark;PASS;Security group ce-capstone-alb-20260831143450720000000006 (sg-0ae6dc99a169add31) has 1 inbound rules and 1 outbound rules.;False;ec2;;medium;AwsEc2SecurityGroup;arn:aws:ec2:eu-north-1:128529977749:security-group/sg-0ae6dc99a169add31;sg-0ae6dc99a169add31;ce-capstone-alb-20260831143450720000000006;Environment=prod | Owner=OWNER | ManagedBy=terraform | Name=ce-capstone-alb-sg | Project=ce-capstone;aws;eu-north-1;**EC2 security groups** are evaluated for excessive rule counts, flagging groups where `ingress` or `egress` entries exceed the configured threshold (default `50`). This targets groups with unusually large rule sets that complicate access control.;**Rule sprawl** weakens **least privilege**: large rule sets can hide overly permissive entries, exposing services to the Internet or unintended peers. This enables unauthorized access, data exfiltration, and lateral movement, impacting **confidentiality** and **integrity**, and can threaten **availability** via abuse of exposed services.;;"Apply **least privilege** and **segmentation**:
- Limit rules to required ports, protocols, and sources
- Split workloads into dedicated security groups per role
- Prefer SG-to-SG references over broad CIDRs
- Regularly review, deduplicate, and remove stale rules
- Layer controls (NACLs, private endpoints) for **defense in depth**";https://hub.prowler.com/check/ec2_securitygroup_with_many_ingress_egress_rules;"```yaml
# CloudFormation: Security group with limited number of rules
Resources:
  <example_resource_name>:
    Type: AWS::EC2::SecurityGroup
    Properties:
      GroupDescription: ""<example_resource_name>""
      VpcId: <example_resource_id>
      SecurityGroupIngress:
        - IpProtocol: tcp
          FromPort: 443
          ToPort: 443
          CidrIp: 10.0.0.0/8  # Critical: keep total inbound rules  50; this example defines only 1 rule to ensure compliance
```";"```hcl
# Terraform: Security group with limited number of rules
resource ""aws_security_group"" ""<example_resource_name>"" {
  name   = ""<example_resource_name>""
  vpc_id = ""<example_resource_id>""

  ingress {                      # Critical: keep total ingress/egress rules  50; single rule ensures PASS
    from_port   = 443
    to_port     = 443
    protocol    = ""tcp""
    cidr_blocks = [""10.0.0.0/8""]
  }
}
```";;"1. In the AWS console, go to EC2 > Security Groups
2. Select the security group that FAILED
3. In Inbound rules, click Edit inbound rules
4. Delete rules until the inbound rule count is 50 or fewer, then Save
5. In Outbound rules, click Edit outbound rules
6. Delete rules until the outbound rule count is 50 or fewer, then Save";KISA-ISMS-P-2023: 2.10.2 | KISA-ISMS-P-2023-korean: 2.10.2 | AWS-Well-Architected-Framework-Security-Pillar: SEC05-BP03 | AWS-Foundational-Technical-Review: NETSEC-001 | ISO27001-2022: A.8.20, A.8.21, A.8.22;trust-boundaries;;;;5.40.0;https://docs.aws.amazon.com/vpc/latest/userguide/VPC_SecurityGroups.html | https://www.trendmicro.com/trendaivisiononecloudriskmanagement/knowledge-base/aws/EC2/security-group-rules-counts.html;;
profile: None;2026-09-01 14:23:41.589109;128529977749;;;;;;prowler-aws-ec2_securitygroup_with_many_ingress_egress_rules-128529977749-eu-north-1-sg-0f559018c82176a2b;aws;ec2_securitygroup_with_many_ingress_egress_rules;Security group has 50 or fewer inbound rules and 50 or fewer outbound rules;Software and Configuration Checks/AWS Security Best Practices/Network Reachability | Software and Configuration Checks/Industry and Regulatory Standards/AWS Foundational Security Best Practices | Software and Configuration Checks/Industry and Regulatory Standards/CIS AWS Foundations Benchmark;PASS;Security group ce-capstone-nat-20260831143450716100000005 (sg-0f559018c82176a2b) has 1 inbound rules and 1 outbound rules.;False;ec2;;medium;AwsEc2SecurityGroup;arn:aws:ec2:eu-north-1:128529977749:security-group/sg-0f559018c82176a2b;sg-0f559018c82176a2b;ce-capstone-nat-20260831143450716100000005;ManagedBy=terraform | Name=ce-capstone-nat-sg | Project=ce-capstone | Environment=prod | Owner=OWNER;aws;eu-north-1;**EC2 security groups** are evaluated for excessive rule counts, flagging groups where `ingress` or `egress` entries exceed the configured threshold (default `50`). This targets groups with unusually large rule sets that complicate access control.;**Rule sprawl** weakens **least privilege**: large rule sets can hide overly permissive entries, exposing services to the Internet or unintended peers. This enables unauthorized access, data exfiltration, and lateral movement, impacting **confidentiality** and **integrity**, and can threaten **availability** via abuse of exposed services.;;"Apply **least privilege** and **segmentation**:
- Limit rules to required ports, protocols, and sources
- Split workloads into dedicated security groups per role
- Prefer SG-to-SG references over broad CIDRs
- Regularly review, deduplicate, and remove stale rules
- Layer controls (NACLs, private endpoints) for **defense in depth**";https://hub.prowler.com/check/ec2_securitygroup_with_many_ingress_egress_rules;"```yaml
# CloudFormation: Security group with limited number of rules
Resources:
  <example_resource_name>:
    Type: AWS::EC2::SecurityGroup
    Properties:
      GroupDescription: ""<example_resource_name>""
      VpcId: <example_resource_id>
      SecurityGroupIngress:
        - IpProtocol: tcp
          FromPort: 443
          ToPort: 443
          CidrIp: 10.0.0.0/8  # Critical: keep total inbound rules  50; this example defines only 1 rule to ensure compliance
```";"```hcl
# Terraform: Security group with limited number of rules
resource ""aws_security_group"" ""<example_resource_name>"" {
  name   = ""<example_resource_name>""
  vpc_id = ""<example_resource_id>""

  ingress {                      # Critical: keep total ingress/egress rules  50; single rule ensures PASS
    from_port   = 443
    to_port     = 443
    protocol    = ""tcp""
    cidr_blocks = [""10.0.0.0/8""]
  }
}
```";;"1. In the AWS console, go to EC2 > Security Groups
2. Select the security group that FAILED
3. In Inbound rules, click Edit inbound rules
4. Delete rules until the inbound rule count is 50 or fewer, then Save
5. In Outbound rules, click Edit outbound rules
6. Delete rules until the outbound rule count is 50 or fewer, then Save";KISA-ISMS-P-2023: 2.10.2 | KISA-ISMS-P-2023-korean: 2.10.2 | AWS-Well-Architected-Framework-Security-Pillar: SEC05-BP03 | AWS-Foundational-Technical-Review: NETSEC-001 | ISO27001-2022: A.8.20, A.8.21, A.8.22;trust-boundaries;;;;5.40.0;https://docs.aws.amazon.com/vpc/latest/userguide/VPC_SecurityGroups.html | https://www.trendmicro.com/trendaivisiononecloudriskmanagement/knowledge-base/aws/EC2/security-group-rules-counts.html;;
profile: None;2026-09-01 14:23:41.589109;128529977749;;;;;;prowler-aws-rds_instance_backup_enabled-128529977749-eu-north-1-ce-capstone-pg;aws;rds_instance_backup_enabled;RDS instance has backup retention period greater than 0 days;Software and Configuration Checks/AWS Security Best Practices | Software and Configuration Checks/Industry and Regulatory Standards/AWS Foundational Security Best Practices | Effects/Data Destruction;PASS;RDS Instance ce-capstone-pg has backup enabled with retention period 1 days.;False;rds;;medium;AwsRdsDbInstance;arn:aws:rds:eu-north-1:128529977749:db:ce-capstone-pg;ce-capstone-pg;;Project=ce-capstone | Environment=prod | Owner=OWNER | ManagedBy=terraform;aws;eu-north-1;**RDS DB instances** are evaluated for **automated backups** by confirming the backup retention period is greater than `0` days, indicating point-in-time recovery is configured.;"Without automated backups, you lose **point-in-time recovery**, impacting **availability** and **integrity**.

Accidental deletes, destructive queries, or compromised accounts can cause unrecoverable data loss and prolonged outages, preventing reliable rollback during incidents.";;"Enable **automated backups** with retention > `0` aligned to RPO/RTO. Regularly test restores to validate **PITR**.

Apply **least privilege** to backup access, encrypt snapshots, and replicate critical backups to separate locations for **defense in depth** and resilient recovery.";https://hub.prowler.com/check/rds_instance_backup_enabled;"```yaml
# CloudFormation: enable automated backups on an RDS instance
Resources:
  <example_resource_name>:
    Type: AWS::RDS::DBInstance
    Properties:
      DBInstanceClass: db.t3.micro
      Engine: mysql
      AllocatedStorage: 20
      MasterUsername: admin
      MasterUserPassword: <example_password>
      BackupRetentionPeriod: 1  # CRITICAL: Enables automated backups (>0 days)
```";"```hcl
# Terraform: enable automated backups on an RDS instance
resource ""aws_db_instance"" ""<example_resource_name>"" {
  allocated_storage      = 20
  engine                 = ""mysql""
  instance_class         = ""db.t3.micro""
  username               = ""admin""
  password               = ""<example_password>""
  backup_retention_period = 1  # CRITICAL: Enables automated backups (>0 days)
}
```";aws rds modify-db-instance --db-instance-identifier <db_instance_id> --backup-retention-period 1 --apply-immediately;"1. Open the AWS Management Console and go to RDS > Databases
2. Select the target DB instance and click Modify
3. In Backup section, set Backup retention period to 1 day (or more)
4. Check Apply immediately
5. Click Continue (if shown) and then Modify DB instance";CISA: your-systems-3, your-data-4, booting-up-thing-to-do-first-1 | SOC2: cc_7_4, cc_a_1_1 | MITRE-ATTACK: T1190, T1485, T1486, T1490 | GDPR: article_32 | AWS-Foundational-Security-Best-Practices: RDS.11 | KISA-ISMS-P-2023: 2.9.3, 2.12.1 | C5-2025: OPS-06.01B, OPS-07.01B, OPS-09.02B, BCM-02.01B | HIPAA: 164_308_a_1_ii_b, 164_308_a_4_ii_a, 164_308_a_7_i, 164_308_a_7_ii_a, 164_308_a_7_ii_b, 164_308_a_7_ii_c, 164_312_a_2_ii | KISA-ISMS-P-2023-korean: 2.9.3, 2.12.1 | GxP-21-CFR-Part-11: 11.10-a | GxP-EU-Annex-11: 5-data, 7.1-data-storage-damage-protection, 7.2-data-storage-backups, 16-business-continuity, 17-archiving, 4.8-validation-data-transfer | NIST-CSF-2.0: ds_3, ds_4, ip_4, rc_rp_1 | NIST-800-171-Revision-2: 3_13_2 | ASD-Essential-Eight-Nov 2023: E8-8.1, E8-8.2 | PCI-4.0: 10.3.3.8 | NIST-800-53-Revision-4: cp_9, cp_10, si_12 | NIST-800-53-Revision-5: cp_1_2, cp_2_5, cp_6_a, cp_6_1, cp_6_2, cp_9_a, cp_9_b, cp_9_c, cp_10, cp_10_2, sc_5_2, si_13_5 | AWS-Foundational-Technical-Review: BAR-001 | NIST-CSF-1.1: be_5, ds_4, ip_4, ip_9, pt_5, rp_1, rp_1 | AWS-Well-Architected-Framework-Reliability-Pillar: REL09-BP03 | CCC-v2025.10: CCC.Core.CN14.AR01, CCC.Core.CN14.AR02, CCC.Core.CN14.AR03, CCC.RDMS.CN03.AR01 | SecNumCloud-3.2: 12.5 | RBI-Cyber-Security-Framework: annex_i_12 | FFIEC: d1-rm-rm-b-1, d5-ir-pl-b-6 | PCI-3.2.1: 3.1, 3.1.c | FedRamp-Moderate-Revision-4: cp-9-b, cp-10, si-12 | FedRAMP-Low-Revision-4: cp-9, cp-10, sc-5 | NIS2: 3.6.2, 4.1.1, 4.1.2.g, 4.2.2.e | FedRAMP-20x-KSI-Low-25.05C: ksi-rpl;resilience;;;;5.40.0;https://docs.aws.amazon.com/AmazonRDS/latest/UserGuide/USER_WorkingWithAutomatedBackups.html | https://www.trendmicro.com/trendaivisiononecloudriskmanagement/knowledge-base/aws/RDS/rds-automated-backups-enabled.html;;
profile: None;2026-09-01 14:23:41.589109;128529977749;;;;;;prowler-aws-rds_instance_certificate_expiration-128529977749-eu-north-1-ce-capstone-pg;aws;rds_instance_certificate_expiration;RDS instance SSL/TLS certificate has more than 3 months of validity remaining;Software and Configuration Checks/AWS Security Best Practices | Software and Configuration Checks/Patch Management | Software and Configuration Checks/Industry and Regulatory Standards/AWS Foundational Security Best Practices;PASS;RDS Instance ce-capstone-pg certificate has over 6 months of validity left.;False;rds;;informational;AwsRdsDbInstance;arn:aws:rds:eu-north-1:128529977749:db:ce-capstone-pg;ce-capstone-pg;;Project=ce-capstone | Environment=prod | Owner=OWNER | ManagedBy=terraform;aws;eu-north-1;**RDS DB instances** are evaluated for **server certificate validity** windows, including default and **customer-managed certificates**. Certificates **expired** or **approaching expiration** (e.g., `<1 month`, `<3 months`, `3-6 months`, `>6 months`) are identified using the certificate `valid_till` date.;"Without timely rotation:
- TLS failures block DB connections, impacting **availability**
- Bypassed or weak validation enables **MITM**, risking **confidentiality** and **integrity**
- Emergency changes increase **operational risk** and error rates";;"Establish a **certificate lifecycle** for RDS:
- Rotate server/CA certs well before expiry; avoid pinned or outdated CAs
- Keep client trust stores current and enforce TLS with validation
- Monitor expiry and automate alerts/rotation
- For custom certs, apply **least privilege**, **separation of duties**, and periodic key rotation; test changes";https://hub.prowler.com/check/rds_instance_certificate_expiration;"```yaml
# CloudFormation: update RDS instance CA to a current certificate
Resources:
  <example_resource_name>:
    Type: AWS::RDS::DBInstance
    Properties:
      CACertificateIdentifier: rds-ca-rsa2048-g1  # CRITICAL: rotates to a valid CA to restore >3 months certificate validity
```";"```hcl
# Set a current CA on the RDS instance
resource ""aws_db_instance"" ""<example_resource_name>"" {
  identifier          = ""<example_resource_id>""
  ca_cert_identifier  = ""rds-ca-rsa2048-g1""  # CRITICAL: rotates to a valid CA to ensure certificate validity >3 months
}
```";aws rds modify-db-instance --db-instance-identifier <example_resource_id> --ca-certificate-identifier rds-ca-rsa2048-g1 --apply-immediately;"1. In the AWS Console, go to RDS > Databases and select the DB instance
2. Click Modify
3. In Connectivity (or Certificate authority), select rds-ca-rsa2048-g1
4. Check Apply immediately
5. Click Continue (if shown) and then Modify DB instance";KISA-ISMS-P-2023: 2.7.1, 2.10.2 | C5-2025: IAM-09.03B, IAM-09.02AC | KISA-ISMS-P-2023-korean: 2.7.1, 2.10.2;encryption;;;;5.40.0;https://docs.aws.amazon.com/AmazonRDS/latest/UserGuide/UsingWithRDS.SSL-certificate-rotation.html | https://www.trendmicro.com/trendaivisiononecloudriskmanagement/knowledge-base/aws/RDS/rotate-rds-certificates.html;;
profile: None;2026-09-01 14:23:41.589109;128529977749;;;;;;prowler-aws-rds_instance_copy_tags_to_snapshots-128529977749-eu-north-1-ce-capstone-pg;aws;rds_instance_copy_tags_to_snapshots;RDS DB instance has copy tags to snapshots enabled;Software and Configuration Checks/AWS Security Best Practices;FAIL;RDS Instance ce-capstone-pg does not have copy tags to snapshots enabled.;False;rds;;low;AwsRdsDbInstance;arn:aws:rds:eu-north-1:128529977749:db:ce-capstone-pg;ce-capstone-pg;;Project=ce-capstone | Environment=prod | Owner=OWNER | ManagedBy=terraform;aws;eu-north-1;"**RDS DB instances** are assessed for propagating instance tags to their **DB snapshots** using `CopyTagsToSnapshot`.

*Aurora engines manage this at the cluster level and aren't evaluated per instance.*";Snapshots without inherited tags lose ownership, environment, and sensitivity context, degrading visibility and governance. Missing metadata weakens **ABAC**, cost allocation, and lifecycle policies, enabling unintended backup access, orphaned snapshots, and retention drift that impact confidentiality and availability.;;Enable `CopyTagsToSnapshot` on non-Aurora RDS instances so snapshots inherit required metadata. Establish a consistent **tag taxonomy** and automate enforcement to support **least privilege** via ABAC, cost tracking, and retention controls. For Aurora, configure tag copy at the cluster level.;https://hub.prowler.com/check/rds_instance_copy_tags_to_snapshots;"```yaml
# CloudFormation: enable copying tags to snapshots on an RDS DB instance
Resources:
  <example_resource_name>:
    Type: AWS::RDS::DBInstance
    Properties:
      CopyTagsToSnapshot: true  # Critical: ensures DB instance tags are copied to snapshots
```";"```hcl
# Terraform: enable copying tags to snapshots on an RDS DB instance
resource ""aws_db_instance"" ""<example_resource_name>"" {
  copy_tags_to_snapshot = true  # Critical: ensures DB instance tags are copied to snapshots
}
```";aws rds modify-db-instance --db-instance-identifier <example_resource_id> --copy-tags-to-snapshot --apply-immediately;"1. In the AWS Console, go to RDS > Databases and select the non-Aurora DB instance
2. Click Modify
3. Under Additional configuration, enable Copy tags to snapshots
4. Check Apply immediately and click Modify DB instance";SOC2: cc_7_5 | AWS-Foundational-Security-Best-Practices: RDS.17 | KISA-ISMS-P-2023: 2.1.3 | C5-2025: AM-09.01B | KISA-ISMS-P-2023-korean: 2.1.3 | ASD-Essential-Eight-Nov 2023: E8-8.3 | NIS2: 11.5.2.a;;;;;5.40.0;https://docs.aws.amazon.com/systems-manager-automation-runbooks/latest/userguide/automation-aws-enable-tags-snapshot-rds-instance.html | https://docs.aws.amazon.com/securityhub/latest/userguide/rds-controls.html#rds-17 | https://www.trendmicro.com/trendaivisiononecloudriskmanagement/knowledge-base/aws/RDS/copy-tags-to-snapshot.html;;
profile: None;2026-09-01 14:23:41.589109;128529977749;;;;;;prowler-aws-rds_instance_critical_event_subscription-128529977749-eu-north-1-128529977749;aws;rds_instance_critical_event_subscription;RDS instance event subscription is enabled for maintenance, configuration change, and failure categories;Software and Configuration Checks/AWS Security Best Practices;FAIL;RDS instance event categories of maintenance, configuration change, and failure are not subscribed.;False;rds;;medium;AwsRdsEventSubscription;arn:aws:rds:eu-north-1:128529977749:account;128529977749;;;aws;eu-north-1;"**RDS event subscriptions** for DB instances are assessed for coverage of the critical categories `maintenance`, `configuration change`, and `failure`.

The evaluation looks for enabled `db-instance` subscriptions and confirms these categories are included or that all events are selected.";Without these notifications, critical DB events go unseen, undermining **availability** and **integrity**. Missed outages, unexpected restarts, or silent parameter changes can delay response, prolong downtime, corrupt data flows, and leave misconfigurations unaddressed.;;"Establish and sustain **RDS event subscriptions** for `db-instance` that include `maintenance`, `configuration change`, and `failure`.
- Deliver to monitored channels (ticketing/chat/paging)
- Enforce **least privilege** on topics
- Test alert delivery and runbooks
- Periodically review coverage across Regions";https://hub.prowler.com/check/rds_instance_critical_event_subscription;"```yaml
# CloudFormation: RDS DB instance event subscription
Resources:
  <example_resource_name>:
    Type: AWS::RDS::EventSubscription
    Properties:
      SnsTopicArn: <sns-topic-arn>           # critical: SNS topic to receive notifications
      SourceType: db-instance                # critical: subscribe to DB instance events
      EventCategories:                       # critical: required categories for PASS
        - maintenance
        - configuration change
        - failure
```";"```hcl
# Terraform: RDS DB instance event subscription
resource ""aws_db_event_subscription"" ""<example_resource_name>"" {
  name            = ""<example_resource_name>""
  sns_topic       = ""<sns-topic-arn>""
  source_type     = ""db-instance""                           # critical: DB instance events
  event_categories = [""maintenance"", ""configuration change"", ""failure""]  # critical: required categories
}
```";"aws rds create-event-subscription --subscription-name <example_resource_name> --sns-topic-arn <sns-topic-arn> --source-type db-instance --event-categories ""maintenance"" ""configuration change"" ""failure""";"1. Open the AWS Console and go to RDS
2. In the left menu, select Event subscriptions > Create event subscription
3. Send notifications to: select an existing SNS topic (<sns-topic-arn>)
4. Source type: choose Instances
5. Event categories: select Maintenance, Configuration change, and Failure
6. Create the subscription";AWS-Foundational-Security-Best-Practices: RDS.20 | KISA-ISMS-P-2023: 2.10.2, 2.11.3 | KISA-ISMS-P-2023-korean: 2.10.2, 2.11.3;logging;;;;5.40.0;https://docs.aws.amazon.com/AmazonRDS/latest/UserGuide/USER_Events.Subscribing.html | https://docs.aws.amazon.com/securityhub/latest/userguide/rds-controls.html | https://www.trendmicro.com/trendaivisiononecloudriskmanagement/knowledge-base/aws/RDS/rds-instance-level-events.html | https://docs.aws.amazon.com/securityhub/latest/userguide/rds-controls.html#rds-20;;
profile: None;2026-09-01 14:23:41.589109;128529977749;;;;;;prowler-aws-rds_instance_default_admin-128529977749-eu-north-1-ce-capstone-pg;aws;rds_instance_default_admin;RDS instance does not use the default master username (admin or postgres);Software and Configuration Checks/AWS Security Best Practices | TTPs/Credential Access;PASS;RDS Instance ce-capstone-pg is not using the default master username.;False;rds;;medium;AwsRdsDbInstance;arn:aws:rds:eu-north-1:128529977749:db:ce-capstone-pg;ce-capstone-pg;;Project=ce-capstone | Environment=prod | Owner=OWNER | ManagedBy=terraform;aws;eu-north-1;**RDS DB instances** are evaluated for use of a **custom administrator username**. The finding identifies instances or clusters where the admin user matches common defaults like `admin` or `postgres` (checked at the instance or cluster level).;Using a predictable admin name enables **password spraying**, **credential stuffing**, and username **enumeration**. A successful login can expose data (**confidentiality**), allow tampering (**integrity**), and disrupt service (**availability**). Defaults also attract automated scans targeting known usernames.;;"Adopt a **unique, non-default admin username** for each database and avoid enabling default accounts.
- Enforce **least privilege** with separate admin and app users
- Use strong, rotated secrets in a manager and prefer **IAM DB authentication**
- Restrict network exposure and audit authentication activity";https://hub.prowler.com/check/rds_instance_default_admin;"```yaml
# CloudFormation: Create an RDS instance with a non-default master username
Resources:
  <example_resource_name>:
    Type: AWS::RDS::DBInstance
    Properties:
      Engine: mysql
      DBInstanceClass: db.t3.micro
      AllocatedStorage: 20
      MasterUsername: <non_default_username>  # Critical: use a custom admin username (not ""admin"" or ""postgres"")
      MasterUserPassword: <example_password>
```";"```hcl
# Terraform: Create an RDS instance with a non-default master username
resource ""aws_db_instance"" ""<example_resource_name>"" {
  engine            = ""mysql""
  instance_class    = ""db.t3.micro""
  allocated_storage = 20
  username          = ""<non_default_username>"" # Critical: custom admin username (not ""admin"" or ""postgres"")
  password          = ""<example_password>""
}
```";;"1. In the AWS Console, go to RDS > Databases and click Create database
2. Choose your engine and select Standard create
3. In Settings, set Master username to a value that is not ""admin"" or ""postgres""
4. Complete creation and note the new endpoint
5. Migrate data from the old instance to the new one (e.g., dump/restore or replication)
6. Update applications to use the new endpoint, then delete the old instance
7. If the instance is part of an Aurora cluster, create a new cluster with a non-default master username and migrate to it";AWS-Foundational-Security-Best-Practices: RDS.25 | KISA-ISMS-P-2023: 2.5.1 | C5-2025: SP-01.04B, HR-01.01B, IAM-01.01B, IAM-01.04B | KISA-ISMS-P-2023-korean: 2.5.1 | CCC-v2025.10: CCC.RDMS.CN01.AR02 | PCI-3.2.1: 2.1, 2.1.b, 2.2, 2.2.a, 2.2.d;identity-access;;;;5.40.0;https://docs.aws.amazon.com/securityhub/latest/userguide/rds-controls.html#rds-25 | https://www.trendmicro.com/trendaivisiononecloudriskmanagement/knowledge-base/aws/RDS/rds-master-username.html#;;
profile: None;2026-09-01 14:23:41.589109;128529977749;;;;;;prowler-aws-rds_instance_deletion_protection-128529977749-eu-north-1-ce-capstone-pg;aws;rds_instance_deletion_protection;RDS instance has deletion protection enabled;Software and Configuration Checks/AWS Security Best Practices | Software and Configuration Checks/Industry and Regulatory Standards/AWS Foundational Security Best Practices | Effects/Data Destruction;FAIL;RDS Instance ce-capstone-pg deletion protection is not enabled.;False;rds;;medium;AwsRdsDbInstance;arn:aws:rds:eu-north-1:128529977749:db:ce-capstone-pg;ce-capstone-pg;;Project=ce-capstone | Environment=prod | Owner=OWNER | ManagedBy=terraform;aws;eu-north-1;"**RDS DB instances** are assessed for **deletion protection**. If an instance belongs to an Aurora cluster, the setting is evaluated at the cluster level; otherwise, it is evaluated on the instance itself.";Without **deletion protection**, a user or pipeline can delete a database in one action, causing immediate loss of availability and possible data loss if backups are stale or missing. This heightens exposure to insider misuse, compromised credentials, or faulty automation, increasing recovery time and cost.;;Enable `deletion protection` on production RDS instances and Aurora clusters. Enforce **least privilege** for delete/modify actions and require change control to disable protection. Use **defense in depth** with reliable backups and tested restores to limit impact if a deletion occurs.;https://hub.prowler.com/check/rds_instance_deletion_protection;"```yaml
# CloudFormation: enable deletion protection
Resources:
  <example_db_instance_name>:
    Type: AWS::RDS::DBInstance
    Properties:
      DeletionProtection: true  # Critical: enables deletion protection for standalone instances

  <example_db_cluster_name>:
    Type: AWS::RDS::DBCluster
    Properties:
      DeletionProtection: true  # Critical: enables deletion protection at cluster level (required for Aurora members)
```";"```hcl
# Enable deletion protection on a standalone RDS instance
resource ""aws_db_instance"" ""<example_resource_name>"" {
  deletion_protection = true  # Critical: prevents instance deletion
}

# Enable deletion protection on an RDS/Aurora cluster
resource ""aws_rds_cluster"" ""<example_resource_name>"" {
  deletion_protection = true  # Critical: prevents cluster deletion (required for instances in this cluster)
}
```";aws rds modify-db-instance --db-instance-identifier <db_instance_id> --deletion-protection --apply-immediately;"1. In the AWS console, go to RDS > Databases
2. For a standalone DB instance: select the instance > Modify > enable Deletion protection > Continue > Apply immediately > Modify DB instance
3. For an Aurora/clustered instance: switch to the cluster (Writer) > Modify > enable Deletion protection > Continue > Apply immediately > Modify cluster";CISA: your-systems-3, your-data-4 | SOC2: cc_c_1_1 | MITRE-ATTACK: T1485 | AWS-Foundational-Security-Best-Practices: RDS.8 | KISA-ISMS-P-2023: 2.9.2 | C5-2025: AM-07.02B | KISA-ISMS-P-2023-korean: 2.9.2 | GxP-21-CFR-Part-11: 11.10-a | NIST-CSF-2.0: ds_4, pt_5 | NIST-800-53-Revision-4: sc_5 | NIST-800-53-Revision-5: ca_7_4_c, cm_3_a, cp_1_a_1_b, cp_1_a_2, cp_2_a, cp_2_a_6, cp_2_a_7, cp_2_d, cp_2_e, cp_2_5, sa_15_a_4, sc_5_2, sc_22, si_13_5 | AWS-Well-Architected-Framework-Reliability-Pillar: REL09-BP03 | SecNumCloud-3.2: 17.4 | FFIEC: d5-ir-pl-b-6 | FedRamp-Moderate-Revision-4: sc-5 | FedRAMP-Low-Revision-4: sc-5 | FedRAMP-20x-KSI-Low-25.05C: ksi-rpl;resilience;;;;5.40.0;https://www.trendmicro.com/trendaivisiononecloudriskmanagement/knowledge-base/aws/RDS/instance-deletion-protection.html | https://docs.aws.amazon.com/AmazonRDS/latest/UserGuide/USER_DeleteInstance.html;;
profile: None;2026-09-01 14:23:41.589109;128529977749;;;;;;prowler-aws-rds_instance_deprecated_engine_version-128529977749-eu-north-1-ce-capstone-pg;aws;rds_instance_deprecated_engine_version;RDS instance uses a supported engine version;Software and Configuration Checks/Patch Management | Software and Configuration Checks/AWS Security Best Practices;PASS;RDS instance ce-capstone-pg is not using a deprecated engine postgres with version 16.13.;False;rds;;high;AwsRdsDbInstance;arn:aws:rds:eu-north-1:128529977749:db:ce-capstone-pg;ce-capstone-pg;;Project=ce-capstone | Environment=prod | Owner=OWNER | ManagedBy=terraform;aws;eu-north-1;**RDS DB instances** use a **supported, non-deprecated engine version** for MariaDB, MySQL, or PostgreSQL. The instance's `engine` and `engine_version` are evaluated against versions currently supported in the region.;"Deprecated engine versions lack security fixes and support, enabling exploitation of known flaws impacting **confidentiality** and **integrity**. **Availability** can suffer from forced maintenance or failed upgrades.
- Unpatched CVEs
- TLS/client incompatibilities
- Replication or backup/restore issues";;"Standardize on **supported engine versions** and keep them current.
- Plan and test upgrades; back up and define rollback
- Enable `AutoMinorVersionUpgrade` where acceptable
- Monitor deprecation notices and upgrade before EoS
- Enforce **least privilege** to limit blast radius during incidents";https://hub.prowler.com/check/rds_instance_deprecated_engine_version;"```yaml
# CloudFormation: upgrade RDS engine version for an existing instance
Resources:
  <example_resource_name>:
    Type: AWS::RDS::DBInstance
    Properties:
      DBInstanceIdentifier: <example_resource_id>
      Engine: <engine>
      DBInstanceClass: db.t3.micro
      EngineVersion: <SUPPORTED_ENGINE_VERSION>  # CRITICAL: move to a supported engine version
      AllowMajorVersionUpgrade: true             # CRITICAL: required if upgrading major version
      ApplyImmediately: true                     # CRITICAL: apply change now to pass the check
```";"```hcl
# Upgrade RDS engine version
resource ""aws_db_instance"" ""<example_resource_name>"" {
  identifier         = ""<example_resource_id>""
  engine             = ""<engine>""
  instance_class     = ""db.t3.micro""
  allocated_storage  = 20

  engine_version               = ""<SUPPORTED_ENGINE_VERSION>""  # CRITICAL: use a supported version
  allow_major_version_upgrade  = true                           # CRITICAL: needed for major upgrades
  apply_immediately            = true                           # CRITICAL: apply now to pass the check
}
```";aws rds modify-db-instance --db-instance-identifier <DB_INSTANCE_ID> --engine-version <SUPPORTED_ENGINE_VERSION> --allow-major-version-upgrade --apply-immediately;"1. In the AWS Console, go to RDS > Databases
2. Select the DB instance
3. Click Modify
4. Under DB engine version, select a supported version
5. If moving to a new major version, check Allow major version upgrade
6. Check Apply immediately
7. Click Continue, then Modify DB instance";KISA-ISMS-P-2023: 2.10.2, 2.10.8 | KISA-ISMS-P-2023-korean: 2.10.2, 2.10.8 | ASD-Essential-Eight-Nov 2023: E8-1.5, E8-1.8;vulnerabilities;;;;5.40.0;https://docs.aws.amazon.com/cli/latest/reference/rds/describe-db-engine-versions.html;;
profile: None;2026-09-01 14:23:41.589109;128529977749;;;;;;prowler-aws-rds_instance_enhanced_monitoring_enabled-128529977749-eu-north-1-ce-capstone-pg;aws;rds_instance_enhanced_monitoring_enabled;RDS instance has enhanced monitoring enabled;Software and Configuration Checks/AWS Security Best Practices/Runtime Behavior Analysis | Software and Configuration Checks/Industry and Regulatory Standards/AWS Foundational Security Best Practices;FAIL;RDS Instance ce-capstone-pg does not have enhanced monitoring enabled.;False;rds;;low;AwsRdsDbInstance;arn:aws:rds:eu-north-1:128529977749:db:ce-capstone-pg;ce-capstone-pg;;Project=ce-capstone | Environment=prod | Owner=OWNER | ManagedBy=terraform;aws;eu-north-1;**RDS DB instances** are evaluated for **Enhanced Monitoring** being enabled, which publishes real-time **OS-level metrics** (CPU, memory, disk, network) to CloudWatch Logs for each instance.;"Without **Enhanced Monitoring**, you lack **real-time OS telemetry**, delaying detection of resource saturation and abnormal activity.

This raises MTTR and risks **availability** impacts (timeouts, failovers), reduces **integrity** assurance during incidents, and weakens forensic visibility.";;Enable **Enhanced Monitoring** on RDS, using a `>0s` collection interval aligned to workload and cost. Assign a **least-privilege** role for log delivery, and apply **defense in depth** by centralizing logs, setting **alerts** on key OS metrics, and defining **retention** to support incident response and trend analysis.;https://hub.prowler.com/check/rds_instance_enhanced_monitoring_enabled;"```yaml
# CloudFormation: enable Enhanced Monitoring on an existing RDS instance
Resources:
  <example_resource_name>:
    Type: AWS::RDS::DBInstance
    Properties:
      DBInstanceIdentifier: <example_resource_id>
      MonitoringRoleArn: <monitoring_role_arn>   # CRITICAL: IAM role RDS uses to publish OS metrics to CloudWatch Logs
      MonitoringInterval: 60                     # CRITICAL: >0 enables Enhanced Monitoring (seconds)
```";"```hcl
# Enable Enhanced Monitoring on an existing RDS instance
resource ""aws_db_instance"" ""<example_resource_name>"" {
  # ...existing required configuration...
  monitoring_role_arn = ""<monitoring_role_arn>""  # CRITICAL: Role for publishing OS metrics
  monitoring_interval = 60                        # CRITICAL: >0 enables Enhanced Monitoring (seconds)
}
```";aws rds modify-db-instance --db-instance-identifier <example_resource_id> --monitoring-interval 60 --monitoring-role-arn <monitoring_role_arn>;"1. In the AWS Console, go to RDS > Databases and select the DB instance
2. Click Modify
3. In Monitoring, check Enable Enhanced Monitoring and set Granularity to any non-zero value (e.g., 60 seconds)
4. Set Monitoring role to Default (creates rds-monitoring-role) or select an existing role
5. Click Continue, then Modify DB instance to apply";CISA: your-systems-3 | MITRE-ATTACK: T1496 | AWS-Foundational-Security-Best-Practices: RDS.6 | KISA-ISMS-P-2023: 2.9.2 | KISA-ISMS-P-2023-korean: 2.9.2 | NIST-800-171-Revision-2: 3_12_4 | NIST-800-53-Revision-4: ca_7 | NIST-800-53-Revision-5: au_12_3, au_14_a, au_14_b, ca_2_2, ca_7, ca_7_b, pm_14_a_1, pm_14_b, pm_31, sc_36_1_a, si_2_a | NIST-CSF-1.1: cm_2, ra_5, sc_4, ds_4 | AWS-Well-Architected-Framework-Reliability-Pillar: REL06-BP01 | FFIEC: d5-ir-pl-b-6 | FedRamp-Moderate-Revision-4: ca-7-a-b | FedRAMP-Low-Revision-4: ca-7 | NIS2: 3.2.3.h | FedRAMP-20x-KSI-Low-25.05C: ksi-mla;logging;;;;5.40.0;https://docs.aws.amazon.com/AmazonRDS/latest/UserGuide/USER_Monitoring.OS.html | https://support.icompaas.com/support/solutions/articles/62000233699-ensu-rds-instances-has-enhanced-monitoring-enabled;;
profile: None;2026-09-01 14:23:41.589109;128529977749;;;;;;prowler-aws-rds_instance_event_subscription_parameter_groups-128529977749-eu-north-1-128529977749;aws;rds_instance_event_subscription_parameter_groups;RDS DB parameter group event subscription is enabled and subscribes to configuration change events or all categories;Software and Configuration Checks/AWS Security Best Practices | Software and Configuration Checks/Industry and Regulatory Standards/AWS Foundational Security Best Practices;FAIL;RDS parameter group event categories of configuration change is not subscribed.;False;rds;;low;AwsRdsEventSubscription;arn:aws:rds:eu-north-1:128529977749:account;128529977749;;;aws;eu-north-1;**RDS event subscriptions** for **DB parameter groups** notify on `configuration change` events (or all categories) when the subscription is enabled;Missing alerts on parameter changes erodes visibility. Attackers or mistakes can lower TLS requirements, disable auditing, or relax auth, enabling data exposure (**confidentiality**), unauthorized writes (**integrity**), or outages from unsafe settings (**availability**).;;"Create and maintain an **SNS-backed event subscription** for **DB parameter groups** that includes `configuration change` (or all) and keep it enabled.

- Apply **least privilege** to SNS topics
- Route to on-call/SIEM and test alerts
- Enforce change control and monitoring across all Regions";https://hub.prowler.com/check/rds_instance_event_subscription_parameter_groups;"```yaml
Resources:
  <example_resource_name>:
    Type: AWS::RDS::EventSubscription
    Properties:
      SnsTopicArn: <sns-topic-arn>
      SourceType: db-parameter-group  # Critical: targets DB parameter group events
      EventCategories:
        - configuration change        # Critical: subscribes to configuration change events
      Enabled: true                   # Critical: subscription must be enabled
```";"```hcl
resource ""aws_db_event_subscription"" ""<example_resource_name>"" {
  name             = ""<example_resource_name>""
  sns_topic        = ""<sns-topic-arn>""
  source_type      = ""db-parameter-group""          # Critical: target DB parameter groups
  event_categories = [""configuration change""]       # Critical: include configuration change events
}
```";"aws rds create-event-subscription --subscription-name <example_resource_name> --sns-topic-arn <sns-topic-arn> --source-type db-parameter-group --event-categories ""configuration change"" --enabled";"1. In the AWS Console, go to Amazon RDS > Event subscriptions
2. Click Create event subscription
3. Send notifications to: select an existing SNS topic
4. Source type: Parameter groups
5. Event categories: select Configuration change (or choose All event categories)
6. Ensure Enabled is On
7. Click Create";AWS-Foundational-Security-Best-Practices: RDS.21 | KISA-ISMS-P-2023: 2.10.2, 2.11.3 | KISA-ISMS-P-2023-korean: 2.10.2, 2.11.3;logging;;;;5.40.0;https://docs.aws.amazon.com/AmazonRDS/latest/UserGuide/USER_Events.html | https://docs.aws.amazon.com/securityhub/latest/userguide/rds-controls.html#rds-21;;
profile: None;2026-09-01 14:23:41.589109;128529977749;;;;;;prowler-aws-rds_instance_event_subscription_security_groups-128529977749-eu-north-1-128529977749;aws;rds_instance_event_subscription_security_groups;RDS event subscription for DB security groups is enabled for configuration change and failure events;Software and Configuration Checks/AWS Security Best Practices | Software and Configuration Checks/Industry and Regulatory Standards/AWS Foundational Security Best Practices;FAIL;RDS security group event categories of configuration change and failure are not subscribed.;False;rds;;medium;AwsRdsEventSubscription;arn:aws:rds:eu-north-1:128529977749:account;128529977749;;;aws;eu-north-1;**RDS event subscriptions** are evaluated for **database security group** events. The check expects an enabled subscription with source type `db-security-group` that includes the `configuration change` and `failure` event categories.;Missing alerts on **security group changes** or **failures** reduces visibility and slows response. Undetected rule changes can expose databases, while unnoticed failures prolong outages, impacting **confidentiality** and **availability** through unauthorized access or service disruption.;;Create or update an **RDS event subscription** for source type `db-security-group` including `configuration change` and `failure`. Route alerts to monitored channels, restrict topic access (**least privilege**), integrate with **incident response**, and enforce change control and **separation of duties** for security group updates.;https://hub.prowler.com/check/rds_instance_event_subscription_security_groups;"```yaml
Resources:
  <example_resource_name>:
    Type: AWS::RDS::EventSubscription
    Properties:
      SnsTopicArn: <SNS_TOPIC_ARN>
      SourceType: db-security-group  # Critical: subscribe to DB security group events
      EventCategories:               # Critical: required categories
        - configuration change
        - failure
```";"```hcl
resource ""aws_db_event_subscription"" ""<example_resource_name>"" {
  name            = ""<example_resource_name>""
  sns_topic       = ""<SNS_TOPIC_ARN>""
  source_type     = ""db-security-group""        # Critical: DB security group events
  event_categories = [""configuration change"", ""failure""]  # Critical: required categories
}
```";"aws rds create-event-subscription --subscription-name <SUBSCRIPTION_NAME> --sns-topic-arn <SNS_TOPIC_ARN> --source-type db-security-group --event-categories ""configuration change"" ""failure""";"1. Open the AWS Console > RDS > Event subscriptions
2. Click Create event subscription
3. Set Name to <SUBSCRIPTION_NAME> and select an existing SNS topic
4. Set Source type to Security group
5. Under Event categories, select Configuration change and Failure
6. Leave Targets as All security groups (no specific IDs)
7. Ensure Enabled is On and click Create";AWS-Foundational-Security-Best-Practices: RDS.22 | KISA-ISMS-P-2023: 2.10.2, 2.11.3 | KISA-ISMS-P-2023-korean: 2.10.2, 2.11.3 | PCI-4.0: 1.2.8.27, 1.3.1.30, 1.3.2.30, 1.4.2.28, 1.5.1.27, A1.1.3.27;logging;;;;5.40.0;https://www.trendmicro.com/trendaivisiononecloudriskmanagement/knowledge-base/aws/RDS/rds-db-security-groups-events.html# | https://docs.aws.amazon.com/securityhub/latest/userguide/rds-controls.html#rds-22;;
profile: None;2026-09-01 14:23:41.589109;128529977749;;;;;;prowler-aws-rds_instance_extended_support-128529977749-eu-north-1-ce-capstone-pg;aws;rds_instance_extended_support;RDS instance is not enrolled in RDS Extended Support;Software and Configuration Checks/Patch Management | Software and Configuration Checks/AWS Security Best Practices;FAIL;RDS instance ce-capstone-pg (postgres 16.13) is enrolled in RDS Extended Support (EngineLifecycleSupport=open-source-rds-extended-support).;False;rds;;medium;AwsRdsDbInstance;arn:aws:rds:eu-north-1:128529977749:db:ce-capstone-pg;ce-capstone-pg;;Project=ce-capstone | Environment=prod | Owner=OWNER | ManagedBy=terraform;aws;eu-north-1;**RDS DB instances** are evaluated for enrollment in Amazon RDS Extended Support. The check fails if `EngineLifecycleSupportis` set to `open-source-rds-extended-support`, indicating the instance will incur additional charges after standard support ends.;DB instances enrolled in RDS Extended Support can incur additional charges after the end of standard support for the running database major version. Remaining on older major versions can also delay necessary upgrades, increasing operational and security risk.;;Upgrade enrolled DB instances to an engine version covered under standard support to stop Extended Support charges. For new DB instances and restores created via automation, explicitly set the engine lifecycle support option to avoid unintended enrollment in RDS Extended Support when that is your policy.;https://hub.prowler.com/check/rds_instance_extended_support;"```yaml
# CloudFormation: upgrade RDS engine version for an existing instance
Resources:
  <example_resource_name>:
    Type: AWS::RDS::DBInstance
    Properties:
      DBInstanceIdentifier: <example_resource_id>
      Engine: <engine>
      DBInstanceClass: db.t3.micro
      EngineVersion: <SUPPORTED_ENGINE_VERSION>  # CRITICAL: move to a supported engine version
      AllowMajorVersionUpgrade: true             # CRITICAL: required if upgrading major version
      ApplyImmediately: true                     # CRITICAL: apply change now to pass the check
```";"```hcl
# Upgrade RDS engine version
resource ""aws_db_instance"" ""<example_resource_name>"" {
  identifier         = ""<example_resource_id>""
  engine             = ""<engine>""
  instance_class     = ""db.t3.micro""
  allocated_storage  = 20

  engine_version               = ""<SUPPORTED_ENGINE_VERSION>""  # CRITICAL: use a supported version
  allow_major_version_upgrade  = true                           # CRITICAL: needed for major upgrades
  apply_immediately            = true                           # CRITICAL: apply now to pass the check
}
```";"aws rds modify-db-instance --db-instance-identifier <DB_INSTANCE_IDENTIFIER> --engine-version <TARGET_ENGINE_VERSION> --allow-major-version-upgrade --apply-immediately
# For new DB instances created via automation, prevent enrollment by setting the lifecycle option:
aws rds create-db-instance ... --engine-lifecycle-support open-source-rds-extended-support-disabled";If your automation (CloudFormation/Terraform/SDK) creates or restores DB instances, set EngineLifecycleSupport/LifeCycleSupport to open-source-rds-extended-support-disabled where supported, and ensure your upgrade process keeps engines within standard support.;ASD-Essential-Eight-Nov 2023: E8-1.5, E8-1.8;vulnerabilities;;;;5.40.0;https://docs.aws.amazon.com/AmazonRDS/latest/UserGuide/extended-support-viewing.html | https://docs.aws.amazon.com/AmazonRDS/latest/UserGuide/extended-support-charges.html | https://docs.aws.amazon.com/AmazonRDS/latest/UserGuide/extended-support-creating-db-instance.html;;
profile: None;2026-09-01 14:23:41.589109;128529977749;;;;;;prowler-aws-rds_instance_iam_authentication_enabled-128529977749-eu-north-1-ce-capstone-pg;aws;rds_instance_iam_authentication_enabled;RDS instance has IAM database authentication enabled;Software and Configuration Checks/AWS Security Best Practices | Software and Configuration Checks/Industry and Regulatory Standards/AWS Foundational Security Best Practices | TTPs/Credential Access;FAIL;RDS Instance ce-capstone-pg does not have IAM authentication enabled.;False;rds;;medium;AwsRdsDbInstance;arn:aws:rds:eu-north-1:128529977749:db:ce-capstone-pg;ce-capstone-pg;;Project=ce-capstone | Environment=prod | Owner=OWNER | ManagedBy=terraform;aws;eu-north-1;**RDS DB instances** using MySQL, MariaDB, or PostgreSQL engines (including Aurora variants) have **IAM database authentication** enabled at the instance level or, when part of a cluster, evaluated for cluster-level enablement.;"Absent **IAM-based, short-lived tokens**, databases rely on **static passwords** in code and configs, increasing theft and reuse.

Compromised DB creds enable unauthorized queries, leading to **data exfiltration** and tampering, and weaken **centralized access control** and rotation.";;"Enable **IAM database authentication** for supported engines and apply **least privilege** with scoped IAM policies. Prefer **short-lived tokens** over static DB passwords, enforce TLS, and phase out embedded credentials.

Monitor authentication activity with audit logs for **defense in depth**.";https://hub.prowler.com/check/rds_instance_iam_authentication_enabled;"```yaml
# CloudFormation: enable IAM DB authentication on an RDS instance
Resources:
  <example_resource_name>:
    Type: AWS::RDS::DBInstance
    Properties:
      DBInstanceIdentifier: <example_resource_id>
      EnableIAMDatabaseAuthentication: true  # Critical: enables IAM DB auth to pass the check
```";"```hcl
# Enable IAM DB authentication on an RDS instance
resource ""aws_db_instance"" ""<example_resource_name>"" {
  iam_database_authentication_enabled = true  # Critical: enables IAM DB auth to pass the check
}
```";aws rds modify-db-instance --db-instance-identifier <DB_INSTANCE_ID> --enable-iam-database-authentication --apply-immediately;"1. In the AWS console, go to RDS > Databases
2. Select the DB instance and choose Modify
3. Under Database authentication, select ""Password and IAM database authentication""
4. Choose Apply immediately and click Modify DB instance
5. If the instance is part of an Aurora DB cluster: select the DB cluster instead, choose Modify, enable IAM database authentication, Apply immediately, then Modify";AWS-Foundational-Security-Best-Practices: RDS.10 | KISA-ISMS-P-2023: 2.5.3, 2.6.4, 2.10.2 | KISA-ISMS-P-2023-korean: 2.5.3, 2.6.4, 2.10.2 | PCI-4.0: 7.2.1.23, 7.2.2.23, 7.2.5.17, 7.3.1.17, 7.3.2.17, 7.3.3.17, 8.2.7.17, 8.2.8.19, 8.3.4.17 | PCI-3.2.1: 8.7, 8.7.a, 8.7.b, 8.7.c, 8.7.d | NIS2: 11.4.2.c;identity-access;;;;5.40.0;https://docs.aws.amazon.com/securityhub/latest/userguide/rds-controls.html#rds-10 | https://docs.aws.amazon.com/AmazonRDS/latest/UserGuide/UsingWithRDS.IAMDBAuth.Enabling.html | https://www.trendmicro.com/trendaivisiononecloudriskmanagement/knowledge-base/aws/RDS/iam-database-authentication.html#;;
profile: None;2026-09-01 14:23:41.589109;128529977749;;;;;;prowler-aws-rds_instance_inside_vpc-128529977749-eu-north-1-ce-capstone-pg;aws;rds_instance_inside_vpc;RDS instance is deployed in a VPC;Software and Configuration Checks/AWS Security Best Practices/Network Reachability | Software and Configuration Checks/Industry and Regulatory Standards/AWS Foundational Security Best Practices;PASS;RDS Instance ce-capstone-pg is deployed in a VPC vpc-0613bd89e2ccb2c67.;False;rds;;high;AwsRdsDbInstance;arn:aws:rds:eu-north-1:128529977749:db:ce-capstone-pg;ce-capstone-pg;;Project=ce-capstone | Environment=prod | Owner=OWNER | ManagedBy=terraform;aws;eu-north-1;"**RDS DB instances** are assessed for **VPC placement** by the presence of a `vpc_id` indicating deployment within a VPC.

Instances without this association are treated as outside VPC networking.";Without VPC isolation, databases may expose internet-reachable endpoints and lack granular network controls. This degrades **confidentiality** and **availability** via scanning/brute force and data exfiltration, and threatens **integrity** through unauthorized connections and lateral movement.;;Deploy all RDS instances in a **VPC**, preferably in **private subnets**. Enforce **least privilege** with security groups, network ACLs, and restrictive routing. Use private connectivity (peering, VPN, Direct Connect), avoid public exposure, and apply **defense in depth** through segmentation and monitoring.;https://hub.prowler.com/check/rds_instance_inside_vpc;"```yaml
# CloudFormation: move RDS instance into a VPC by assigning a DB subnet group
Resources:
  <example_db_subnet_group>:
    Type: AWS::RDS::DBSubnetGroup
    Properties:
      DBSubnetGroupDescription: ""subnets for rds""
      SubnetIds:
        - <example_resource_id>  # CRITICAL: Subnets in the target VPC
        - <example_resource_id>  # CRITICAL: At least two AZs recommended

  <example_db_instance>:
    Type: AWS::RDS::DBInstance
    Properties:
      DBSubnetGroupName: !Ref <example_db_subnet_group>  # CRITICAL: Ensures the DB instance is deployed in a VPC
```";"```hcl
# Terraform: ensure RDS instance is in a VPC via DB subnet group
resource ""aws_db_subnet_group"" ""<example_resource_name>"" {
  name       = ""<example_resource_name>""
  subnet_ids = [
    ""<example_resource_id>"", # CRITICAL: Subnets in the target VPC
    ""<example_resource_id>""
  ]
}

resource ""aws_db_instance"" ""<example_resource_name>"" {
  identifier          = ""<example_resource_id>""
  db_subnet_group_name = aws_db_subnet_group.<example_resource_name>.name  # CRITICAL: Places instance in a VPC
}
```";aws rds modify-db-instance --db-instance-identifier <example_resource_id> --db-subnet-group-name <example_resource_name> --apply-immediately;"1. In the AWS Console, go to RDS > Subnet groups and create/select a DB subnet group in the target VPC (with subnets in at least two AZs)
2. Go to RDS > Databases, select the DB instance, click Modify
3. Under Connectivity, set DB subnet group to the VPC subnet group from step 1 (select a VPC security group if prompted)
4. Check Apply immediately and choose Continue > Modify DB instance";AWS-Foundational-Security-Best-Practices: RDS.18 | KISA-ISMS-P-2023: 2.6.1, 2.10.2 | KISA-ISMS-P-2023-korean: 2.6.1, 2.10.2 | ISO27001-2022: A.8.20, A.8.21, A.8.22;trust-boundaries | internet-exposed;;;;5.40.0;https://docs.aws.amazon.com/securityhub/latest/userguide/rds-controls.html#rds-18 | https://docs.aws.amazon.com/AmazonRDS/latest/UserGuide/Overview.DBInstance.Modifying.html | https://docs.aws.amazon.com/AmazonRDS/latest/UserGuide/USER_VPC.WorkingWithRDSInstanceinaVPC.html#USER_VPC.Subnets;;
profile: None;2026-09-01 14:23:41.589109;128529977749;;;;;;prowler-aws-rds_instance_integration_cloudwatch_logs-128529977749-eu-north-1-ce-capstone-pg;aws;rds_instance_integration_cloudwatch_logs;RDS instance exports logs to CloudWatch Logs;Software and Configuration Checks/AWS Security Best Practices | Software and Configuration Checks/Industry and Regulatory Standards/AWS Foundational Security Best Practices;FAIL;RDS Instance ce-capstone-pg does not have CloudWatch Logs enabled.;False;rds;;medium;AwsRdsDbInstance;arn:aws:rds:eu-north-1:128529977749:db:ce-capstone-pg;ce-capstone-pg;;Project=ce-capstone | Environment=prod | Owner=OWNER | ManagedBy=terraform;aws;eu-north-1;"**RDS DB instances** are configured to **publish database logs** to **CloudWatch Logs** (e.g., `error`, `general`, `slowquery`, `audit`).

The evaluation identifies instances that have log exports enabled to a CloudWatch log group.";Without centralized RDS logs, database activity lacks visibility, hindering detection and response. Credential misuse, SQL injection, data exfiltration, and privilege abuse may go unnoticed, risking **confidentiality** and **integrity**. Unseen errors and slow queries can lead to outages, impacting **availability**.;;Enable export of relevant RDS logs to **CloudWatch Logs** (`error`, `general`, `slowquery`, `audit`) and standardize across engines. Enforce **least privilege** on log access, set retention, and define metrics/alarms for critical patterns. Integrate with a SIEM. Apply **separation of duties** and **defense in depth** to protect log integrity and monitoring.;https://hub.prowler.com/check/rds_instance_integration_cloudwatch_logs;"```yaml
Resources:
  <example_resource_name>:
    Type: AWS::RDS::DBInstance
    Properties:
      DBInstanceIdentifier: <example_resource_id>
      # Critical: enabling at least one log type exports it to CloudWatch Logs and makes the check PASS
      EnableCloudwatchLogsExports:
        - <log_type>
```";"```hcl
resource ""aws_db_instance"" ""<example_resource_name>"" {
  identifier = ""<example_resource_id>""
  # Critical: export at least one supported log type to CloudWatch Logs to pass the check
  enabled_cloudwatch_logs_exports = [""<log_type>""]
}
```";"aws rds modify-db-instance --db-instance-identifier <db_instance_id> --cloudwatch-logs-export-configuration '{""EnableLogTypes"":[""<log_type>""]}'";"1. Open AWS Console > RDS > Databases
2. Select your DB instance and choose Modify
3. In Log exports, select at least one supported log type (e.g., error/general/slowquery/audit/postgresql/alert)
4. Choose Continue, then Modify DB instance";CISA: your-systems-3, your-data-2 | SOC2: cc_7_2, cc_7_3, cc_a_1_1, pi_1_3 | GDPR: article_32 | AWS-Foundational-Security-Best-Practices: RDS.9 | KISA-ISMS-P-2023: 2.9.4, 2.10.2 | C5-2025: AM-01.01AC, OPS-11.02AC, OPS-26.05B, OPS-26.01AS | HIPAA: 164_308_a_4_ii_a, 164_312_b | KISA-ISMS-P-2023-korean: 2.9.4, 2.10.2 | GxP-21-CFR-Part-11: 11.10-e, 11.10-k | AWS-Well-Architected-Framework-Security-Pillar: SEC04-BP01 | NIST-800-171-Revision-2: 3_1_12, 3_3_1, 3_3_2, 3_3_3, 3_6_1, 3_6_2, 3_13_1, 3_13_2, 3_14_6, 3_14_7 | PCI-4.0: 10.2.1.1.26, 10.2.1.2.23, 10.2.1.3.23, 10.2.1.4.23, 10.2.1.5.23, 10.2.1.6.23, 10.2.1.7.23, 10.2.1.23, 10.2.2.23, 10.3.1.23, 10.6.3.29, 5.3.4.28, A1.2.1.27 | NIST-800-53-Revision-4: ac_2_4, ac_2, au_2, au_3, au_12 | NIST-800-53-Revision-5: ac_2_4, ac_3_1, ac_3_10, ac_4_26, ac_6_9, au_2_b, au_3_a, au_3_b, au_3_c, au_3_d, au_3_e, au_3_f, au_6_3, au_6_4, au_6_6, au_6_9, au_8_b, au_10, au_12_a, au_12_c, au_12_1, au_12_2, au_12_3, au_12_4, au_14_a, au_14_b, au_14_3, ca_7_b, cm_5_1_b, ia_3_3_b, ma_4_1_a, pm_14_a_1, pm_14_b, pm_31, sc_7_9_b, si_1_1_c, si_3_8_b, si_4_2, si_4_17, si_4_20, si_7_8, si_10_1_c | AWS-Well-Architected-Framework-Reliability-Pillar: REL06-BP01 | SecNumCloud-3.2: 12.6 | RBI-Cyber-Security-Framework: annex_i_7_4 | FFIEC: d2-ma-ma-b-1, d3-dc-an-b-3, d3-dc-an-b-4, d5-dr-de-b-3 | ISO27001-2022: A.8.15 | FedRamp-Moderate-Revision-4: ac-2-4, ac-2-g, au-2-a-d, au-3, au-6-1-3, au-12-a-c | FedRAMP-Low-Revision-4: ac-2, au-2 | NIS2: 3.2.3.c | FedRAMP-20x-KSI-Low-25.05C: ksi-mla;logging;;;;5.40.0;https://www.trendmicro.com/trendaivisiononecloudriskmanagement/knowledge-base/aws/RDS/log-exports.html | https://docs.aws.amazon.com/AmazonRDS/latest/UserGuide/publishing_cloudwatchlogs.html | https://repost.aws/knowledge-center/rds-aurora-mysql-logs-cloudwatch;;
profile: None;2026-09-01 14:23:41.589109;128529977749;;;;;;prowler-aws-rds_instance_minor_version_upgrade_enabled-128529977749-eu-north-1-ce-capstone-pg;aws;rds_instance_minor_version_upgrade_enabled;RDS instance has minor version upgrade enabled;Software and Configuration Checks/Patch Management;PASS;RDS Instance ce-capstone-pg has minor version upgrade enabled.;False;rds;;medium;AwsRdsDbInstance;arn:aws:rds:eu-north-1:128529977749:db:ce-capstone-pg;ce-capstone-pg;;Project=ce-capstone | Environment=prod | Owner=OWNER | ManagedBy=terraform;aws;eu-north-1;**RDS DB instances** are evaluated for the `auto_minor_version_upgrade` setting that enables **automatic minor engine updates** during maintenance windows.;Without automatic minor upgrades, databases miss **security patches**, leaving known vulnerabilities exploitable and risking **unauthorized data access**. Unapplied fixes can cause **data corruption** and outages, harming **integrity** and **availability**.;;"Enable `auto_minor_version_upgrade` on RDS instances so minor releases are applied promptly. Use maintenance windows and stage testing to limit impact. Follow **defense in depth** and **least privilege**; keep reliable backups and Multi-AZ to preserve continuity if upgrades require rollback.";https://hub.prowler.com/check/rds_instance_minor_version_upgrade_enabled;"```yaml
# CloudFormation: Enable auto minor version upgrades on an RDS instance
Resources:
  <example_resource_name>:
    Type: AWS::RDS::DBInstance
    Properties:
      DBInstanceIdentifier: <example_resource_id>
      DBInstanceClass: db.t3.micro
      Engine: mysql
      MasterUsername: <username>
      MasterUserPassword: <password>
      AllocatedStorage: '20'
      AutoMinorVersionUpgrade: true  # Critical: ensures RDS applies minor engine updates automatically
```";"```hcl
# Enable auto minor version upgrades on an RDS instance
resource ""aws_db_instance"" ""<example_resource_name>"" {
  allocated_storage          = 20
  engine                     = ""mysql""
  instance_class             = ""db.t3.micro""
  username                   = ""<username>""
  password                   = ""<password>""
  auto_minor_version_upgrade = true  # Critical: turns on automatic minor engine upgrades
}
```";aws rds modify-db-instance --db-instance-identifier <db_instance_id> --auto-minor-version-upgrade --apply-immediately;"1. In the AWS Console, go to RDS > Databases
2. Select the DB instance and click Modify
3. Find ""Auto minor version upgrade"" and set it to Enable
4. Click Continue, check Apply immediately, then click Modify DB instance";CISA: your-systems-2, booting-up-thing-to-do-first-3 | CIS-7.0: 3.2.2 | CIS-1.5: 2.3.2 | MITRE-ATTACK: T1190 | AWS-Foundational-Security-Best-Practices: RDS.13 | KISA-ISMS-P-2023: 2.10.2, 2.10.8 | CIS-2.0: 2.3.2 | KISA-ISMS-P-2023-korean: 2.10.2, 2.10.8 | AWS-Well-Architected-Framework-Security-Pillar: SEC06-BP01 | CIS-5.0: 2.2.2 | ASD-Essential-Eight-Nov 2023: E8-1.6 | PCI-4.0: 6.3.3.10 | CIS-3.0: 2.3.2 | CIS-6.0: 3.2.2 | RBI-Cyber-Security-Framework: annex_i_6 | FFIEC: d3-cc-pm-b-1, d3-cc-pm-b-3 | CIS-4.0.1: 2.2.2;vulnerabilities;;;;5.40.0;https://aws.amazon.com/blogs/database/best-practices-for-upgrading-amazon-rds-to-major-and-minor-versions-of-postgresql/ | https://www.trendmicro.com/trendaivisiononecloudriskmanagement/knowledge-base/aws/RDS/rds-auto-minor-version-upgrade.html;;
profile: None;2026-09-01 14:23:41.589109;128529977749;;;;;;prowler-aws-rds_instance_multi_az-128529977749-eu-north-1-ce-capstone-pg;aws;rds_instance_multi_az;RDS instance has Multi-AZ enabled;Software and Configuration Checks/AWS Security Best Practices;FAIL;RDS Instance ce-capstone-pg does not have multi-AZ enabled.;False;rds;;medium;AwsRdsDbInstance;arn:aws:rds:eu-north-1:128529977749:db:ce-capstone-pg;ce-capstone-pg;;Project=ce-capstone | Environment=prod | Owner=OWNER | ManagedBy=terraform;aws;eu-north-1;**RDS DB instances** are evaluated for **Multi-AZ** configuration, either enabled on the instance or inherited from the associated DB cluster.;Without **Multi-AZ**, an Availability Zone or instance failure can cause extended downtime and rely on restores, risking loss of recent writes. This degrades **availability** and may affect **integrity**, interrupting applications and breaching SLAs.;;Apply fault-tolerance and redundancy principles: enable **Multi-AZ** for production RDS workloads. Choose one standby or two readable standbys based on RTO/RPO and performance needs. Regularly test failover, monitor configuration drift, and allow exceptions only with documented, risk-based approval.;https://hub.prowler.com/check/rds_instance_multi_az;"```yaml
# CloudFormation: enable Multi-AZ on an existing RDS DB instance
Resources:
  RDSInstance:
    Type: AWS::RDS::DBInstance
    Properties:
      MultiAZ: true  # Critical: enables Multi-AZ to pass the check
```";"```hcl
# Enable Multi-AZ on an RDS DB instance
resource ""aws_db_instance"" ""example"" {
  multi_az = true  # Critical: enables Multi-AZ to pass the check
}
```";aws rds modify-db-instance --db-instance-identifier <db_instance_id> --multi-az --apply-immediately;"1. Open the AWS Management Console and go to RDS > Databases
2. Select the affected DB instance and click Modify
3. Under Availability & durability, set Multi-AZ deployment to Enabled (create a standby)
4. Check Apply immediately
5. Click Continue, then Modify DB instance
6. Wait until status is Available and Multi-AZ shows Yes";CISA: your-systems-3 | CIS-7.0: 3.2.4 | AWS-Foundational-Security-Best-Practices: RDS.5 | KISA-ISMS-P-2023: 2.9.2 | HIPAA: 164_308_a_1_ii_b, 164_308_a_7_i, 164_308_a_7_ii_a, 164_308_a_7_ii_b, 164_308_a_7_ii_c | KISA-ISMS-P-2023-korean: 2.9.2 | GxP-21-CFR-Part-11: 11.10-a | NIST-CSF-2.0: ds_4 | CIS-5.0: 2.2.4 | NIST-800-171-Revision-2: 3_13_2 | NIST-800-53-Revision-4: cp_10, sc_5 | NIST-800-53-Revision-5: cp_1_a_1_b, cp_1_a_2, cp_2_a, cp_2_a_6, cp_2_a_7, cp_2_d, cp_2_e, cp_2_5, cp_2_6, cp_6_2, cp_10, sc_5_2, sc_6, sc_22, sc_36, si_13_5 | CIS-6.0: 3.2.4 | NIST-CSF-1.1: be_5, ds_4, ip_9, pt_5, rp_1, rp_1 | AWS-Well-Architected-Framework-Reliability-Pillar: REL10-BP01 | CCC-v2025.10: CCC.Core.CN08.AR01 | SecNumCloud-3.2: 17.2, 17.4 | FFIEC: d1-rm-rm-b-1, d5-ir-pl-b-6 | ISO27001-2022: A.8.14 | FedRamp-Moderate-Revision-4: cp-10, sc-5 | FedRAMP-Low-Revision-4: cp-10, sc-5 | CIS-4.0.1: 2.2.4 | FedRAMP-20x-KSI-Low-25.05C: ksi-cna;resilience;;;;5.40.0;https://www.trendmicro.com/trendaivisiononecloudriskmanagement/knowledge-base/aws/RDS/rds-multi-az.html | https://aws.amazon.com/rds/features/multi-az/;;
profile: None;2026-09-01 14:23:41.589109;128529977749;;;;;;prowler-aws-rds_instance_no_public_access-128529977749-eu-north-1-ce-capstone-pg;aws;rds_instance_no_public_access;RDS instance is not publicly exposed to the Internet;Software and Configuration Checks/AWS Security Best Practices/Network Reachability | Software and Configuration Checks/Industry and Regulatory Standards/AWS Foundational Security Best Practices | Software and Configuration Checks/Industry and Regulatory Standards/CIS AWS Foundations Benchmark | TTPs/Initial Access;PASS;RDS Instance ce-capstone-pg is not publicly accessible.;False;rds;;critical;AwsRdsDbInstance;arn:aws:rds:eu-north-1:128529977749:db:ce-capstone-pg;ce-capstone-pg;;Project=ce-capstone | Environment=prod | Owner=OWNER | ManagedBy=terraform;aws;eu-north-1;**RDS DB instances** are assessed for **internet exposure** using the `PubliclyAccessible` setting, security group ingress to the DB port from any address, and whether subnets are **public**. Instances that combine an internet-facing endpoint, open ingress, and public subnets are identified.;"An internet-reachable database invites:
- Brute-force and vulnerability probing, risking **availability** and **integrity**
- Unauthorized queries and dumps leading to **confidentiality** loss

Compromise can enable **lateral movement** and persistence within the VPC.";;"Keep databases private by applying **least privilege** at the network layer:
- Set `PubliclyAccessible` to `false`
- Place instances in private subnets
- Deny `0.0.0.0/0` and `::/0` on the DB port
- Expose access via private endpoints, VPN, or an application tier/DB proxy

Adopt **defense in depth** with monitoring and strong auth.";https://hub.prowler.com/check/rds_instance_no_public_access;"```yaml
# CloudFormation: make the RDS instance private
Resources:
  <example_resource_name>:
    Type: AWS::RDS::DBInstance
    Properties:
      DBInstanceIdentifier: <example_resource_id>
      PubliclyAccessible: false  # CRITICAL: disables public access so the instance is not Internet-facing
```";"```hcl
# Ensure the RDS instance is not publicly accessible
resource ""aws_db_instance"" ""<example_resource_name>"" {
  publicly_accessible = false  # CRITICAL: disables public access (no public endpoint)
}
```";aws rds modify-db-instance --db-instance-identifier <db_instance_id> --no-publicly-accessible --apply-immediately;"1. In the AWS console, go to RDS > Databases and select your DB instance
2. Click Modify
3. In Connectivity (Connectivity & security), set Public access to No (Not publicly accessible)
4. Choose Continue, select Apply immediately (or during the next window), then click Modify DB instance";CISA: your-systems-3, your-data-2 | CIS-7.0: 3.2.3 | SOC2: cc_6_2 | CIS-1.5: 2.3.3 | MITRE-ATTACK: T1530 | AWS-Foundational-Security-Best-Practices: RDS.2 | ISO27001-2013: A.12.6.I, A.13.1.H | KISA-ISMS-P-2023: 2.6.1, 2.6.4, 2.10.2 | C5-2025: PS-03.02B, IAM-10.01B, COS-02.01B | HIPAA: 164_308_a_3_i, 164_312_a_1 | CIS-2.0: 2.3.3 | KISA-ISMS-P-2023-korean: 2.6.1, 2.6.4, 2.10.2 | GxP-21-CFR-Part-11: 11.10-d, 11.10-g, 11.10-k | AWS-Well-Architected-Framework-Security-Pillar: SEC03-BP07 | NIST-CSF-2.0: ac_3 | CIS-5.0: 2.2.3 | NIST-800-171-Revision-2: 3_1_1, 3_1_2, 3_1_3, 3_1_14, 3_13_1, 3_13_2, 3_13_5 | PCI-4.0: 1.2.8.28, 1.3.1.31, 1.3.2.31, 1.4.2.29, 1.5.1.28, 10.3.2.15, 3.5.1.3.20, A1.1.2.11, A1.1.3.28, A3.4.1.13 | NIST-800-53-Revision-4: ac_4, ac_6, ac_21, sc_7_3, sc_7 | NIST-800-53-Revision-5: ac_2_6, ac_3, ac_3_7, ac_4_21, ac_6, ac_17_b, ac_17_1, ac_17_4_a, ac_17_9, ac_17_10, mp_2, sc_7_2, sc_7_3, sc_7_7, sc_7_9_a, sc_7_11, sc_7_12, sc_7_16, sc_7_20, sc_7_21, sc_7_24_b, sc_7_25, sc_7_26, sc_7_27, sc_7_28, sc_7_a, sc_7_b, sc_7_c, sc_25 | CIS-3.0: 2.3.3 | CIS-6.0: 3.2.3 | NIST-CSF-1.1: ac_3, ac_5, ds_5, ip_8, pt_4 | AWS-Audit-Manager-Control-Tower-Guardrails: 4.0.1, 4.1.1 | SecNumCloud-3.2: 9.7 | RBI-Cyber-Security-Framework: annex_i_1_3 | FFIEC: d3-pc-im-b-1 | PCI-3.2.1: 1.2, 1.2.1, 1.2.1.a, 1.2.1.b, 1.2.1.c, 1.3, 1.3.1, 1.3.2, 1.3.4, 1.3.6, 2.2, 2.2.2, 7.2, 7.2.1 | ProwlerThreatScore-1.0: 2.2.4 | ISO27001-2022: A.8.1 | FedRamp-Moderate-Revision-4: ac-3, ac-4, ac-6, ac-17-1, ac-21-b, cm-2, sc-4, sc-7-3, sc-7 | FedRAMP-Low-Revision-4: ac-3, ac-17, cm-2, sc-7 | CIS-4.0.1: 2.2.3;internet-exposed;;;;5.40.0;https://docs.aws.amazon.com/config/latest/developerguide/rds-instance-public-access-check.html | https://www.trendmicro.com/trendaivisiononecloudriskmanagement/knowledge-base/aws/RDS/rds-publicly-accessible.html | https://docs.aws.amazon.com/securityhub/latest/userguide/rds-controls.html;;
profile: None;2026-09-01 14:23:41.589109;128529977749;;;;;;prowler-aws-rds_instance_non_default_port-128529977749-eu-north-1-ce-capstone-pg;aws;rds_instance_non_default_port;RDS instance uses a non-default port for its engine;Software and Configuration Checks/AWS Security Best Practices/Network Reachability | TTPs/Discovery;FAIL;RDS Instance ce-capstone-pg is using the default port 5432 for postgres.;False;rds;;low;AwsRdsDbInstance;arn:aws:rds:eu-north-1:128529977749:db:ce-capstone-pg;ce-capstone-pg;;Project=ce-capstone | Environment=prod | Owner=OWNER | ManagedBy=terraform;aws;eu-north-1;**RDS DB instances** are evaluated for use of a port that differs from the engine's default. Matching an engine with its default port-`3306` (MySQL/MariaDB/Aurora MySQL), `5432` (PostgreSQL/Aurora), `1521` (Oracle), `1433` (SQL Server), `50000` (Db2)-indicates the instance uses the default listener.;Using a **default DB port** increases exposure to broad scans and eases **service fingerprinting**. With weak network controls, attackers can run **credential brute force**, target known **engine exploits**, or trigger **DoS** on the predictable port, threatening confidentiality and availability.;;"Use a **non-default DB port** and enforce **defense in depth**:
- Apply **least-privilege** network rules
- Keep databases in **private subnets**; avoid public exposure
- Require strong authentication and audit logging

*Update client connection strings and security rules when the port changes.*";https://hub.prowler.com/check/rds_instance_non_default_port;"```yaml
# CloudFormation: set a non-default port on an RDS instance
Resources:
  <example_resource_name>:
    Type: AWS::RDS::DBInstance
    Properties:
      Port: <non-default_port>  # Critical: use a non-default DB engine port to pass the check
```";"```hcl
# Terraform: set a non-default port on an RDS instance
resource ""aws_db_instance"" ""<example_resource_name>"" {
  port = <non-default-port>  # Critical: use a non-default DB engine port to pass the check
}
```";aws rds modify-db-instance --db-instance-identifier <db-instance-id> --db-port <non-default-port>;"1. In the AWS Console, go to Amazon RDS > Databases
2. Select the DB instance and click Modify
3. Set ""Database port"" to a non-default value for the engine (e.g., not 3306, 5432, 1521, 1433, or 50000)
4. Click Continue, then Modify DB instance";AWS-Foundational-Security-Best-Practices: RDS.23 | KISA-ISMS-P-2023: 2.6.1, 2.6.4, 2.10.2 | KISA-ISMS-P-2023-korean: 2.6.1, 2.6.4, 2.10.2;;;;;5.40.0;https://www.trendmicro.com/trendaivisiononecloudriskmanagement/knowledge-base/aws/RDS/rds-default-port.html | https://docs.aws.amazon.com/securityhub/latest/userguide/rds-controls.html#rds-23 | https://docs.aws.amazon.com/cli/latest/reference/rds/modify-db-instance.html;;
profile: None;2026-09-01 14:23:41.589109;128529977749;;;;;;prowler-aws-rds_instance_protected_by_backup_plan-128529977749-eu-north-1-ce-capstone-pg;aws;rds_instance_protected_by_backup_plan;RDS instance is protected by an AWS Backup plan;Software and Configuration Checks/AWS Security Best Practices | Software and Configuration Checks/Industry and Regulatory Standards/AWS Foundational Security Best Practices | Effects/Data Destruction;FAIL;RDS Instance ce-capstone-pg is not protected by a backup plan.;False;rds;;high;AwsRdsDbInstance;arn:aws:rds:eu-north-1:128529977749:db:ce-capstone-pg;ce-capstone-pg;;Project=ce-capstone | Environment=prod | Owner=OWNER | ManagedBy=terraform;aws;eu-north-1;"**RDS DB instances** (non-Aurora) are included in an **AWS Backup plan**, indicating scheduled backups and retention are applied to the resource.

*Aurora engines are evaluated separately.*";Without an **AWS Backup plan**, databases lack assured recovery, degrading **availability** and **integrity**. Likely outcomes: accidental deletion, corruption, or malicious wipes with no recent restore point. Expect missed `RPO/RTO`, extended outages, and data inconsistency after incidents.;;Assign all non-Aurora RDS to an **AWS Backup plan** aligned to business `RPO/RTO`. Use **tags** for automatic coverage, define retention and lifecycle, and store backups in **immutable** vaults where possible. Regularly perform restore tests. Enforce **least privilege** and **separation of duties** for backup administration.;https://hub.prowler.com/check/rds_instance_protected_by_backup_plan;"```yaml
# CloudFormation: assign an RDS instance to an AWS Backup plan
Resources:
  <example_resource_name>:
    Type: AWS::Backup::BackupSelection
    Properties:
      BackupPlanId: <example_backup_plan_id>  # CRITICAL: targets the backup plan to protect the instance
      BackupSelection:
        SelectionName: <selection_name>
        IamRoleArn: <example_role_arn>        # CRITICAL: role AWS Backup uses to back up the resource
        Resources:
          - <rds-instance-arn>                # CRITICAL: assigns the RDS instance to the plan
```";"```hcl
# Assign an RDS instance to an AWS Backup plan
resource ""aws_backup_selection"" ""<example_resource_name>"" {
  name         = ""<selection_name>""
  plan_id      = ""<example_backup_plan_id>""   # CRITICAL: attaches to the backup plan
  iam_role_arn = ""<example_role_arn>""         # CRITICAL: role AWS Backup uses
  resources    = [""<rds-instance-arn>""]       # CRITICAL: RDS instance protected by the plan
}
```";"aws backup create-backup-selection --backup-plan-id <example_backup_plan_id> --backup-selection '{""SelectionName"":""<selection_name>"",""IamRoleArn"":""<example_role_arn>"",""Resources"":[""<rds-instance-arn>""]}'";"1. In the AWS Console, open AWS Backup
2. Go to Settings > Service opt-in and enable Amazon RDS (if not already)
3. Go to Backup plans and select an existing plan (or Create backup plan with defaults)
4. Click Assign resources
5. Enter a name, select an IAM role, and add the RDS instance (by ARN or resource picker)
6. Click Assign resources to save";KISA-ISMS-P-2023: 2.9.3, 2.12.1 | C5-2025: OPS-06.01B, OPS-07.01B, DEV-11.02B, BCM-02.01B | KISA-ISMS-P-2023-korean: 2.9.3, 2.12.1 | NIST-CSF-2.0: be_5, ds_4, ip_4, rc_rp_1 | ASD-Essential-Eight-Nov 2023: E8-8.1 | PCI-4.0: 10.3.3.20, 10.3.3.21 | CCC-v2025.10: CCC.Core.CN08.AR01, CCC.Core.CN14.AR02 | SecNumCloud-3.2: 12.5 | PCI-3.2.1: 3.1, 3.1.c | NIS2: 3.6.2, 4.1.1, 4.1.2.g, 4.1.4, 12.1.2.c, 12.2.2.b;resilience;;;;5.40.0;https://docs.aws.amazon.com/aws-backup/latest/devguide/assigning-resources.html | https://docs.aws.amazon.com/securityhub/latest/userguide/rds-controls.html#rds-26;;
profile: None;2026-09-01 14:23:41.589109;128529977749;;;;;;prowler-aws-rds_instance_storage_encrypted-128529977749-eu-north-1-ce-capstone-pg;aws;rds_instance_storage_encrypted;RDS DB instance storage is encrypted at rest;Software and Configuration Checks/AWS Security Best Practices | Software and Configuration Checks/Industry and Regulatory Standards/AWS Foundational Security Best Practices | Software and Configuration Checks/Industry and Regulatory Standards/NIST 800-53 Controls (USA) | Software and Configuration Checks/Industry and Regulatory Standards/NIST CSF Controls (USA) | Software and Configuration Checks/Industry and Regulatory Standards/PCI-DSS | Software and Configuration Checks/Industry and Regulatory Standards/ISO 27001 Controls | Software and Configuration Checks/Industry and Regulatory Standards/HIPAA Controls (USA) | Software and Configuration Checks/Industry and Regulatory Standards/GDPR Controls (Europe) | Effects/Data Exposure;PASS;RDS Instance ce-capstone-pg is encrypted.;False;rds;;high;AwsRdsDbInstance;arn:aws:rds:eu-north-1:128529977749:db:ce-capstone-pg;ce-capstone-pg;;Project=ce-capstone | Environment=prod | Owner=OWNER | ManagedBy=terraform;aws;eu-north-1;**RDS DB instances** are assessed for **KMS-based encryption at rest** (`StorageEncrypted=true`), covering instance storage and derived artifacts such as snapshots, automated backups, and read replicas.;Without **encryption at rest**, database files, snapshots, and automated backups remain in plaintext. An attacker with access to copied snapshots, compromised backups, or underlying storage can read sensitive data, causing loss of **confidentiality** and enabling large-scale exfiltration.;;Enable **encryption at rest** for all RDS instances. Prefer **customer-managed KMS keys** to control rotation and fine-grained access, applying **least privilege** and **defense in depth**. Restrict key usage, monitor key activity, and manage key lifecycle. Migrate unencrypted instances via encrypted snapshot copy and restore.;https://hub.prowler.com/check/rds_instance_storage_encrypted;"```yaml
# CloudFormation: create an encrypted RDS DB instance
Resources:
  <example_resource_name>:
    Type: AWS::RDS::DBInstance
    Properties:
      DBInstanceClass: ""<instance_class>""
      Engine: ""<engine>""
      AllocatedStorage: 20
      MasterUsername: ""<username>""
      MasterUserPassword: ""<password>""
      StorageEncrypted: true  # CRITICAL: enables encryption at rest so the instance passes the check
```";"```hcl
# Terraform: create an encrypted RDS DB instance
resource ""aws_db_instance"" ""<example_resource_name>"" {
  engine            = ""<engine>""
  instance_class    = ""<instance_class>""
  username          = ""<username>""
  password          = ""<password>""
  allocated_storage = 20

  storage_encrypted = true  # CRITICAL: enables encryption at rest to pass the check
}
```";;"1. In the AWS Console, go to RDS > Databases, select the unencrypted DB instance, then choose Actions > Take snapshot.
2. After the snapshot is available, go to Snapshots, select it, choose Actions > Copy snapshot, enable encryption, and select a KMS key (or aws/rds).
3. When the encrypted copy is ready, select it and choose Actions > Restore snapshot to create a new (encrypted) DB instance.
4. Update your application/endpoint to use the new encrypted DB instance.
5. Decommission the old unencrypted instance after cutover.";CISA: your-systems-3, your-data-1, your-data-2 | CIS-7.0: 3.2.1 | SOC2: pi_1_5 | CIS-1.4: 2.3.1 | CIS-1.5: 2.3.1 | MITRE-ATTACK: T1119, T1530 | GDPR: article_32 | AWS-Foundational-Security-Best-Practices: RDS.3 | ISO27001-2013: A.10.1.A | KISA-ISMS-P-2023: 2.7.1, 2.10.2 | C5-2025: OIS-08.02B, CRY-01.02AC, CRY-05.01AC, PSS-12.02B | HIPAA: 164_308_a_1_ii_b, 164_308_a_4_ii_a, 164_312_a_2_iv, 164_312_e_2_ii | CIS-2.0: 2.3.1 | KISA-ISMS-P-2023-korean: 2.7.1, 2.10.2 | GxP-21-CFR-Part-11: 11.10-c, 11.30 | AWS-Well-Architected-Framework-Security-Pillar: SEC08-BP02 | GxP-EU-Annex-11: 7.1-data-storage-damage-protection | NIST-CSF-2.0: ds_1 | CIS-5.0: 2.2.1 | NIST-800-171-Revision-2: 3_13_11, 3_13_16 | PCI-4.0: 3.5.1.27, 8.3.2.44 | NIST-800-53-Revision-4: sc_28 | NIST-800-53-Revision-5: au_9_3, cp_9_d, cp_9_8, sc_8_3, sc_8_4, sc_13_a, sc_28_1, si_19_4 | CIS-3.0: 2.3.1 | ENS-RD2022: mp.si.2.aws.rds.1 | CIS-6.0: 3.2.1 | NIST-CSF-1.1: ds_1 | AWS-Audit-Manager-Control-Tower-Guardrails: 5.0.1 | CCC-v2025.10: CCC.Core.CN02.AR01 | SecNumCloud-3.2: 10.1 | RBI-Cyber-Security-Framework: annex_i_1_3 | FFIEC: d3-pc-am-b-12 | PCI-3.2.1: 3.4, 3.4.1, 3.4.1.a, 3.4.1.c, 3.4.a, 3.4.b, 8.2, 8.2.1, 8.2.1.a | ProwlerThreatScore-1.0: 4.2.2 | ISO27001-2022: A.8.11, A.8.24 | AWS-AI-Security-Framework-1.0: AISF-INFRA-05 | FedRamp-Moderate-Revision-4: sc-28 | CIS-4.0.1: 2.2.1 | FedRAMP-20x-KSI-Low-25.05C: ksi-svc;encryption;;;;5.40.0;https://www.trendmicro.com/trendaivisiononecloudriskmanagement/knowledge-base/aws/RDS/rds-encryption-enabled.html | https://aws.amazon.com/blogs/storage/protecting-amazon-rds-db-instances-encrypted-using-kms-aws-managed-key-with-cross-account-and-cross-region-backups/ | https://docs.aws.amazon.com/AmazonRDS/latest/UserGuide/Overview.Encryption.html;;
profile: None;2026-09-01 14:23:41.589109;128529977749;;;;;;prowler-aws-rds_instance_transport_encrypted-128529977749-eu-north-1-ce-capstone-pg;aws;rds_instance_transport_encrypted;RDS instance or cluster enforces SSL/TLS encryption for client connections;Software and Configuration Checks/AWS Security Best Practices/Network Security;PASS;RDS Instance ce-capstone-pg connections use SSL encryption.;False;rds;;high;AwsRdsDbInstance;arn:aws:rds:eu-north-1:128529977749:db:ce-capstone-pg;ce-capstone-pg;;Project=ce-capstone | Environment=prod | Owner=OWNER | ManagedBy=terraform;aws;eu-north-1;**RDS DB instances** and **DB clusters** enforce **SSL/TLS** for client connections via parameter groups. The check looks for `rds.force_ssl=1` (PostgreSQL, SQL Server) or `require_secure_transport` enabled (MySQL-family) and identifies databases where encryption enforcement isn't active.;Without enforced **TLS**, clients can connect or downgrade to plaintext, exposing credentials and queries to interception. Adversaries can perform **MITM**, steal secrets, and tamper traffic, undermining **confidentiality** and **integrity** and enabling reuse of captured database credentials.;;"Enforce transport encryption at the database layer:
- Enable `rds.force_ssl=1` or `require_secure_transport` in parameter groups
- Configure clients to require certificate validation and prevent fallback
- Use current TLS versions and trusted CAs
- Prefer private network access as **defense in depth**";https://hub.prowler.com/check/rds_instance_transport_encrypted;"```yaml
# CloudFormation: set required parameter to enforce SSL/TLS
Resources:
  ExampleDBParameterGroupPostgres:
    Type: AWS::RDS::DBParameterGroup
    Properties:
      Family: <DB_PARAMETER_FAMILY>
      Description: Enforce SSL/TLS
      Parameters:
        rds.force_ssl: ""1""  # Critical: requires SSL/TLS for PostgreSQL/SQL Server instances

  ExampleDBParameterGroupMySQL:
    Type: AWS::RDS::DBParameterGroup
    Properties:
      Family: <DB_PARAMETER_FAMILY>
      Description: Enforce SSL/TLS
      Parameters:
        require_secure_transport: ""1""  # Critical: requires SSL/TLS for MySQL/MariaDB instances

  ExampleDBClusterParameterGroupAuroraPostgres:
    Type: AWS::RDS::DBClusterParameterGroup
    Properties:
      Family: <DB_CLUSTER_PARAMETER_FAMILY>
      Description: Enforce SSL/TLS
      Parameters:
        rds.force_ssl: ""1""  # Critical: requires SSL/TLS for Aurora PostgreSQL clusters

  ExampleDBClusterParameterGroupAuroraMySQL:
    Type: AWS::RDS::DBClusterParameterGroup
    Properties:
      Family: <DB_CLUSTER_PARAMETER_FAMILY>
      Description: Enforce SSL/TLS
      Parameters:
        require_secure_transport: ON  # Critical: requires SSL/TLS for Aurora MySQL clusters
```";"```hcl
# DB instances
resource ""aws_db_parameter_group"" ""example_pg"" {
  name   = ""<example_resource_name>""
  family = ""<DB_PARAMETER_FAMILY>""

  parameter {
    name  = ""rds.force_ssl""
    value = ""1""  # Critical: requires SSL/TLS for PostgreSQL/SQL Server instances
  }
}

resource ""aws_db_parameter_group"" ""example_mysql"" {
  name   = ""<example_resource_name>""
  family = ""<DB_PARAMETER_FAMILY>""

  parameter {
    name  = ""require_secure_transport""
    value = ""1""  # Critical: requires SSL/TLS for MySQL/MariaDB instances
  }
}

# Aurora clusters
resource ""aws_rds_cluster_parameter_group"" ""example_aurora_pg"" {
  name   = ""<example_resource_name>""
  family = ""<DB_CLUSTER_PARAMETER_FAMILY>""

  parameter {
    name  = ""rds.force_ssl""
    value = ""1""  # Critical: requires SSL/TLS for Aurora PostgreSQL clusters
  }
}

resource ""aws_rds_cluster_parameter_group"" ""example_aurora_mysql"" {
  name   = ""<example_resource_name>""
  family = ""<DB_CLUSTER_PARAMETER_FAMILY>""

  parameter {
    name  = ""require_secure_transport""
    value = ""ON""  # Critical: requires SSL/TLS for Aurora MySQL clusters
  }
}
```";aws rds modify-db-parameter-group --region <REGION_NAME> --db-parameter-group-name <PARAMETER_GROUP_NAME> --parameters ParameterName='rds.force_ssl',ParameterValue='1',ApplyMethod='pending-reboot';"1. In the AWS Console, go to RDS > Parameter groups
2. For DB instances:
   - Edit the DB parameter group attached to the instance (or create one and attach it)
   - Set rds.force_ssl = 1 for PostgreSQL/SQL Server, or require_secure_transport = 1 for MySQL/MariaDB
   - Save. If the parameter is static, reboot the instance
3. For Aurora clusters:
   - Edit the DB cluster parameter group attached to the cluster (or create one and attach it)
   - Set rds.force_ssl = 1 for Aurora PostgreSQL, or require_secure_transport = ON for Aurora MySQL
   - Save. Reboot instances if changes are pending-reboot
4. Verify the parameter group is associated to the target instance/cluster and status shows the new value applied";CIS-1.4: 2.3.1 | CIS-1.5: 2.3.1 | MITRE-ATTACK: T1040, T1530 | AWS-Foundational-Security-Best-Practices: RDS.38, RDS.39 | KISA-ISMS-P-2023: 2.7.1, 2.10.2 | C5-2025: OPS-31.01B, IAM-07.03B, CRY-01.02AC, CRY-05.01AC, PSS-12.02B | CIS-2.0: 2.3.1 | KISA-ISMS-P-2023-korean: 2.7.1, 2.10.2 | NIST-CSF-2.0: ds_2 | AWS-Audit-Manager-Control-Tower-Guardrails: 5.0.1 | CCC-v2025.10: CCC.Core.CN01.AR01 | SecNumCloud-3.2: 10.2 | ISO27001-2022: A.8.24;encryption;;;;5.40.0;https://aws.amazon.com/premiumsupport/knowledge-center/rds-connect-ssl-connection/ | https://docs.aws.amazon.com/AmazonRDS/latest/UserGuide/PostgreSQL.Concepts.General.SSL.html | https://www.trendmicro.com/trendaivisiononecloudriskmanagement/knowledge-base/aws/RDS/transport-encryption.html;;
profile: None;2026-09-01 14:23:41.589109;128529977749;;;;;;prowler-aws-s3_account_level_public_access_blocks-128529977749-eu-north-1-128529977749;aws;s3_account_level_public_access_blocks;S3 account-level Block Public Access ignores public ACLs and restricts public buckets;Software and Configuration Checks/AWS Security Best Practices | Software and Configuration Checks/Industry and Regulatory Standards/AWS Foundational Security Best Practices | Software and Configuration Checks/Industry and Regulatory Standards/CIS AWS Foundations Benchmark | Effects/Data Exposure;FAIL;Block Public Access is not configured for the account 128529977749.;False;s3;;high;AwsS3AccountPublicAccessBlock;arn:aws:s3:eu-north-1:128529977749:account;128529977749;;;aws;eu-north-1;**Amazon S3** account-level **Block Public Access** is assessed for `ignore_public_acls` and `restrict_public_buckets` to confirm centralized blocking of ACL-based public access and limiting buckets with public policies to in-account principals.;"Absent these settings, **public ACLs** and broad bucket policies may grant internet or cross-account access. This risks:
- Confidentiality: bulk data exfiltration
- Integrity: object overwrite/tampering
- Availability: malicious deletions or malware hosting, triggering takedowns";;Turn on account-level **Block Public Access** (prefer enabling all four: `block_public_acls`, `ignore_public_acls`, `block_public_policy`, `restrict_public_buckets`) to enforce least privilege. For legitimate access, use private buckets with **CloudFront**, VPC endpoints, or presigned URLs. Regularly review policies with IAM Access Analyzer.;https://hub.prowler.com/check/s3_account_level_public_access_blocks;"```yaml
# CloudFormation: Enable required S3 Account-level Block Public Access settings
Resources:
  <example_resource_name>:
    Type: AWS::S3::AccountPublicAccessBlock
    Properties:
      AccountId: !Ref AWS::AccountId
      IgnorePublicAcls: true         # Critical: Ignores any public ACLs at the account level
      RestrictPublicBuckets: true    # Critical: Restricts buckets with public policies to only same-account principals
```";"```hcl
# Terraform: Enable required S3 Account-level Block Public Access settings
resource ""aws_s3_account_public_access_block"" ""<example_resource_name>"" {
  ignore_public_acls     = true  # Critical: Ignores any public ACLs account-wide
  restrict_public_buckets = true # Critical: Restricts buckets with public policies to same-account principals
}
```";aws s3control put-public-access-block --account-id <account_id> --public-access-block-configuration IgnorePublicAcls=true,RestrictPublicBuckets=true;"1. In the AWS Console, go to S3
2. Click Block public access (account settings)
3. Click Edit
4. Turn on: Ignore public ACLs and Restrict public buckets
5. Click Save changes";CISA: your-systems-3, your-data-2 | CIS-7.0: 3.1.4 | CIS-1.4: 2.1.5 | CIS-1.5: 2.1.5 | MITRE-ATTACK: T1530 | AWS-Foundational-Security-Best-Practices: S3.1 | KISA-ISMS-P-2023: 2.6.1, 2.6.2, 2.10.2 | C5-2025: PS-03.02B, IAM-10.01B, COS-02.01B | HIPAA: 164_308_a_1_ii_b, 164_308_a_3_i | CIS-2.0: 2.1.4 | KISA-ISMS-P-2023-korean: 2.6.1, 2.6.2, 2.10.2 | GxP-21-CFR-Part-11: 11.10-d, 11.10-g | AWS-Well-Architected-Framework-Security-Pillar: SEC03-BP07 | NIST-CSF-2.0: ac_3 | CIS-5.0: 2.1.4 | NIST-800-171-Revision-2: 3_1_1, 3_1_2, 3_1_3, 3_1_14, 3_1_20, 3_3_8, 3_4_6, 3_13_2, 3_13_5 | PCI-4.0: 1.2.8.31, 1.2.8.32, 1.3.1.35, 1.3.1.36, 1.3.2.35, 1.3.2.36, 1.4.2.33, 1.4.2.34, 1.5.1.31, 1.5.1.32, 10.3.2.19, 10.3.2.20, 3.5.1.3.24, 3.5.1.3.25, A1.1.2.15, A1.1.2.16, A1.1.3.31, A1.1.3.32, A3.4.1.17, A3.4.1.18 | NIST-800-53-Revision-4: sc_7_3, sc_7 | NIST-800-53-Revision-5: ac_2_6, ac_3, ac_3_7, ac_4_21, ac_6, ac_17_b, ac_17_1, ac_17_4_a, ac_17_9, ac_17_10, cm_6_a, cm_9_b, mp_2, sc_7_2, sc_7_3, sc_7_7, sc_7_9_a, sc_7_11, sc_7_12, sc_7_16, sc_7_20, sc_7_21, sc_7_24_b, sc_7_25, sc_7_26, sc_7_27, sc_7_28, sc_7_a, sc_7_b, sc_7_c, sc_25 | AWS-Account-Security-Onboarding: S3 Block Public Access | CIS-3.0: 2.1.4 | CIS-6.0: 3.1.4 | NIST-CSF-1.1: ac_3, ac_5, ds_5, ip_8, pt_3 | AWS-Audit-Manager-Control-Tower-Guardrails: 4.1.1 | CCC-v2025.10: CCC.Core.CN05.AR01, CCC.Logging.CN05.AR01, CCC.Logging.CN05.AR02 | SecNumCloud-3.2: 9.7 | RBI-Cyber-Security-Framework: annex_i_1_3 | FFIEC: d3-pc-im-b-1 | PCI-3.2.1: 1.3, 2.2, 2.2.2, 7.2, 7.2.1 | ISO27001-2022: A.8.1 | AWS-AI-Security-Framework-1.0: AISF-DATA-04 | FedRamp-Moderate-Revision-4: ac-3, ac-6, ac-17-1, ac-21-b, cm-2, sc-4, sc-7-3, sc-7 | FedRAMP-Low-Revision-4: ac-3, ac-17, cm-2, sc-7 | CIS-4.0.1: 2.1.4;internet-exposed;;;;5.40.0;https://docs.aws.amazon.com/AmazonS3/latest/userguide/access-control-block-public-access.html;;
profile: None;2026-09-01 14:23:41.589109;128529977749;;;;;;prowler-aws-s3_bucket_acl_prohibited-128529977749-eu-north-1-ce-capstone-artifacts-20260901081024819300000002;aws;s3_bucket_acl_prohibited;S3 bucket has bucket ACLs disabled;Software and Configuration Checks/AWS Security Best Practices | Software and Configuration Checks/Industry and Regulatory Standards/AWS Foundational Security Best Practices | Software and Configuration Checks/Industry and Regulatory Standards/CIS AWS Foundations Benchmark;PASS;S3 Bucket ce-capstone-artifacts-20260901081024819300000002 has bucket ACLs disabled.;False;s3;;medium;AwsS3Bucket;arn:aws:s3:::ce-capstone-artifacts-20260901081024819300000002;ce-capstone-artifacts-20260901081024819300000002;;Project=ce-capstone | Environment=prod | Owner=OWNER | ManagedBy=terraform;aws;eu-north-1;**Amazon S3 buckets** are evaluated for **Object Ownership** set to `BucketOwnerEnforced`, which disables bucket and object ACLs. Buckets using any other ownership setting indicate that ACLs remain enabled.;"With **ACLs enabled**, access can bypass centralized policy controls, impacting confidentiality and integrity.
- Unintended public or cross-account reads/writes
- Object-writer ownership blocking bucket-owner governance
- Per-object grants hinder auditing, enabling data exfiltration or tampering";;Disable ACLs by setting **Object Ownership** to `BucketOwnerEnforced` and manage access with **IAM** and **bucket policies** under **least privilege**. Centralize authorization, review policies regularly, and use organizational guardrails to prevent re-enabling ACLs. *Migrate ACL-based grants into policies before the change.*;https://hub.prowler.com/check/s3_bucket_acl_prohibited;"```yaml
# CloudFormation: Disable ACLs by enforcing bucket owner for all objects
Resources:
  <example_resource_name>OwnershipControls:
    Type: AWS::S3::BucketOwnershipControls
    Properties:
      Bucket: <example_resource_name>
      OwnershipControls:
        Rules:
          - ObjectOwnership: BucketOwnerEnforced  # Critical: Disables ACLs and makes bucket owner the object owner
```";"```hcl
# Disable ACLs by enforcing bucket owner for all objects
resource ""aws_s3_bucket_ownership_controls"" ""<example_resource_name>"" {
  bucket = ""<example_resource_id>""
  rule {
    object_ownership = ""BucketOwnerEnforced"" # Critical: Disables ACLs and enforces bucket owner
  }
}
```";"aws s3api put-bucket-ownership-controls --bucket <bucket-name> --ownership-controls ""Rules=[{ObjectOwnership=BucketOwnerEnforced}]""";"1. In the AWS Console, go to S3 > Buckets and select the target bucket
2. Open the Permissions tab
3. In Object Ownership, click Edit
4. Select Bucket owner enforced (ACLs disabled)
5. Click Save changes";CISA: your-data-2 | AWS-Foundational-Security-Best-Practices: S3.12 | KISA-ISMS-P-2023: 2.6.2, 2.10.2 | KISA-ISMS-P-2023-korean: 2.6.2, 2.10.2 | AWS-Well-Architected-Framework-Security-Pillar: SEC05-BP02 | NIST-CSF-2.0: ds_5 | PCI-4.0: 7.2.1.24, 7.2.2.24, 7.2.5.18, 7.3.1.18, 7.3.2.18, 7.3.3.18, 8.2.7.18, 8.2.8.20, 8.3.4.18 | AWS-Foundational-Technical-Review: S3-001 | CCC-v2025.10: CCC.ObjStor.CN02.AR01, CCC.ObjStor.CN02.AR02 | AWS-AI-Security-Framework-1.0: AISF-DATA-04;identity-access;;;;5.40.0;https://docs.aws.amazon.com/AmazonS3/latest/userguide/about-object-ownership.html | https://docs.aws.amazon.com/AmazonS3/latest/userguide/ensure-object-ownership.html;;
profile: None;2026-09-01 14:23:41.589109;128529977749;;;;;;prowler-aws-s3_bucket_acl_prohibited-128529977749-eu-north-1-ce-capstone-config-128529977749;aws;s3_bucket_acl_prohibited;S3 bucket has bucket ACLs disabled;Software and Configuration Checks/AWS Security Best Practices | Software and Configuration Checks/Industry and Regulatory Standards/AWS Foundational Security Best Practices | Software and Configuration Checks/Industry and Regulatory Standards/CIS AWS Foundations Benchmark;PASS;S3 Bucket ce-capstone-config-128529977749 has bucket ACLs disabled.;False;s3;;medium;AwsS3Bucket;arn:aws:s3:::ce-capstone-config-128529977749;ce-capstone-config-128529977749;;Project=ce-capstone | Environment=prod | Owner=OWNER | ManagedBy=terraform;aws;eu-north-1;**Amazon S3 buckets** are evaluated for **Object Ownership** set to `BucketOwnerEnforced`, which disables bucket and object ACLs. Buckets using any other ownership setting indicate that ACLs remain enabled.;"With **ACLs enabled**, access can bypass centralized policy controls, impacting confidentiality and integrity.
- Unintended public or cross-account reads/writes
- Object-writer ownership blocking bucket-owner governance
- Per-object grants hinder auditing, enabling data exfiltration or tampering";;Disable ACLs by setting **Object Ownership** to `BucketOwnerEnforced` and manage access with **IAM** and **bucket policies** under **least privilege**. Centralize authorization, review policies regularly, and use organizational guardrails to prevent re-enabling ACLs. *Migrate ACL-based grants into policies before the change.*;https://hub.prowler.com/check/s3_bucket_acl_prohibited;"```yaml
# CloudFormation: Disable ACLs by enforcing bucket owner for all objects
Resources:
  <example_resource_name>OwnershipControls:
    Type: AWS::S3::BucketOwnershipControls
    Properties:
      Bucket: <example_resource_name>
      OwnershipControls:
        Rules:
          - ObjectOwnership: BucketOwnerEnforced  # Critical: Disables ACLs and makes bucket owner the object owner
```";"```hcl
# Disable ACLs by enforcing bucket owner for all objects
resource ""aws_s3_bucket_ownership_controls"" ""<example_resource_name>"" {
  bucket = ""<example_resource_id>""
  rule {
    object_ownership = ""BucketOwnerEnforced"" # Critical: Disables ACLs and enforces bucket owner
  }
}
```";"aws s3api put-bucket-ownership-controls --bucket <bucket-name> --ownership-controls ""Rules=[{ObjectOwnership=BucketOwnerEnforced}]""";"1. In the AWS Console, go to S3 > Buckets and select the target bucket
2. Open the Permissions tab
3. In Object Ownership, click Edit
4. Select Bucket owner enforced (ACLs disabled)
5. Click Save changes";CISA: your-data-2 | AWS-Foundational-Security-Best-Practices: S3.12 | KISA-ISMS-P-2023: 2.6.2, 2.10.2 | KISA-ISMS-P-2023-korean: 2.6.2, 2.10.2 | AWS-Well-Architected-Framework-Security-Pillar: SEC05-BP02 | NIST-CSF-2.0: ds_5 | PCI-4.0: 7.2.1.24, 7.2.2.24, 7.2.5.18, 7.3.1.18, 7.3.2.18, 7.3.3.18, 8.2.7.18, 8.2.8.20, 8.3.4.18 | AWS-Foundational-Technical-Review: S3-001 | CCC-v2025.10: CCC.ObjStor.CN02.AR01, CCC.ObjStor.CN02.AR02 | AWS-AI-Security-Framework-1.0: AISF-DATA-04;identity-access;;;;5.40.0;https://docs.aws.amazon.com/AmazonS3/latest/userguide/about-object-ownership.html | https://docs.aws.amazon.com/AmazonS3/latest/userguide/ensure-object-ownership.html;;
profile: None;2026-09-01 14:23:41.589109;128529977749;;;;;;prowler-aws-s3_bucket_cross_account_access-128529977749-eu-north-1-ce-capstone-artifacts-20260901081024819300000002;aws;s3_bucket_cross_account_access;S3 bucket policy does not allow cross-account access;Software and Configuration Checks/AWS Security Best Practices | Software and Configuration Checks/Industry and Regulatory Standards/AWS Foundational Security Best Practices | TTPs/Initial Access/Unauthorized Access | Effects/Data Exposure;PASS;S3 Bucket ce-capstone-artifacts-20260901081024819300000002 does not have a bucket policy.;False;s3;;high;AwsS3Bucket;arn:aws:s3:::ce-capstone-artifacts-20260901081024819300000002;ce-capstone-artifacts-20260901081024819300000002;;Project=ce-capstone | Environment=prod | Owner=OWNER | ManagedBy=terraform;aws;eu-north-1;"**Amazon S3 bucket policies** are analyzed for statements that grant **cross-account access**.

Any policy that names principals outside the owning account (other account IDs or `Principal: ""*""`) is treated as cross-account; absence of a policy implies no cross-account grants.";"Cross-account grants can let external principals read, write, or administer the bucket, impacting:
- Confidentiality: unauthorized object access/exfiltration
- Integrity: object tampering, policy or encryption changes
- Availability: deletions, versioning changes, or lockouts causing data loss and downtime";;"Enforce **least privilege**: limit bucket policy `Principal` to your account or approved org IDs with fixed values; avoid wildcards.

Use **role-based cross-account access** with scoped permissions when needed. Add **defense-in-depth** conditions (private networks, TLS), and periodically review for unintended external access.";https://hub.prowler.com/check/s3_bucket_cross_account_access;"```yaml
# CloudFormation: restrict bucket policy to this AWS account only
Resources:
  <example_resource_name>BucketPolicy:
    Type: AWS::S3::BucketPolicy
    Properties:
      Bucket: <example_resource_name>
      PolicyDocument:
        Version: '2012-10-17'
        Statement:
          - Effect: Allow
            Principal:
              AWS: !Sub arn:aws:iam::${AWS::AccountId}:root  # Critical: limits access to the bucket owner's account, preventing cross-account access
            Action: s3:*
            Resource:
              - !Sub arn:aws:s3:::<example_resource_name>
              - !Sub arn:aws:s3:::<example_resource_name>/*
```";"```hcl
# Terraform: restrict bucket policy to this AWS account only
resource ""aws_s3_bucket_policy"" ""<example_resource_name>"" {
  bucket = ""<example_resource_name>""
  policy = jsonencode({
    Version   = ""2012-10-17""
    Statement = [{
      Effect    = ""Allow""
      Principal = { AWS = ""arn:aws:iam::<example_resource_id>:root"" } # Critical: limits access to the bucket owner's account, preventing cross-account access
      Action    = ""s3:*""
      Resource  = [
        ""arn:aws:s3:::<example_resource_name>"",
        ""arn:aws:s3:::<example_resource_name>/*""
      ]
    }]
  })
}
```";aws s3api delete-bucket-policy --bucket <example_resource_name>;"1. In the AWS console, go to S3 > Buckets > select the bucket
2. Open the Permissions tab > Bucket policy
3. Click Delete bucket policy (or remove all statements) and Save
4. If a policy is required, ensure all statements only use your account as Principal (arn:aws:iam::<YOUR_ACCOUNT_ID>:root); remove any other accounts or ""*""";AWS-Foundational-Security-Best-Practices: S3.6, S3.7 | KISA-ISMS-P-2023: 2.5.6, 2.6.2, 2.10.2 | C5-2025: IAM-10.01B, IAM-10.02B | KISA-ISMS-P-2023-korean: 2.5.6, 2.6.2, 2.10.2 | NIST-CSF-2.0: ra_1, ds_5, ip_1 | PCI-4.0: 10.6.3.33, 10.6.3.35, 7.2.1.25, 7.2.1.26, 7.2.1.27, 7.2.2.25, 7.2.2.26, 7.2.2.27, 7.2.5.19, 7.2.5.20, 7.2.5.21, 7.2.6.4, 7.2.6.5, 7.3.1.19, 7.3.1.20, 7.3.1.21, 7.3.2.19, 7.3.2.20, 7.3.2.21, 7.3.3.19, 7.3.3.20, 7.3.3.21, 8.2.7.19, 8.2.7.20, 8.2.7.21, 8.2.8.21, 8.2.8.22, 8.2.8.23, 8.3.4.19, 8.3.4.20, 8.3.4.21 | CCC-v2025.10: CCC.Core.CN05.AR01, CCC.Core.CN05.AR03, CCC.Core.CN05.AR04 | AWS-AI-Security-Framework-1.0: AISF-DATA-04;identity-access | trust-boundaries;;;This check supports the `trusted_account_ids` configuration in config.yaml to allow specific cross-account access without triggering a finding.;5.40.0;https://docs.aws.amazon.com/securityhub/latest/userguide/s3-controls.html#s3-6 | https://docs.aws.amazon.com/AmazonS3/latest/userguide/access-control-block-public-access.html;;
profile: None;2026-09-01 14:23:41.589109;128529977749;;;;;;prowler-aws-s3_bucket_cross_account_access-128529977749-eu-north-1-ce-capstone-config-128529977749;aws;s3_bucket_cross_account_access;S3 bucket policy does not allow cross-account access;Software and Configuration Checks/AWS Security Best Practices | Software and Configuration Checks/Industry and Regulatory Standards/AWS Foundational Security Best Practices | TTPs/Initial Access/Unauthorized Access | Effects/Data Exposure;PASS;S3 Bucket ce-capstone-config-128529977749 has a bucket policy but it does not allow cross account access.;False;s3;;high;AwsS3Bucket;arn:aws:s3:::ce-capstone-config-128529977749;ce-capstone-config-128529977749;;Project=ce-capstone | Environment=prod | Owner=OWNER | ManagedBy=terraform;aws;eu-north-1;"**Amazon S3 bucket policies** are analyzed for statements that grant **cross-account access**.

Any policy that names principals outside the owning account (other account IDs or `Principal: ""*""`) is treated as cross-account; absence of a policy implies no cross-account grants.";"Cross-account grants can let external principals read, write, or administer the bucket, impacting:
- Confidentiality: unauthorized object access/exfiltration
- Integrity: object tampering, policy or encryption changes
- Availability: deletions, versioning changes, or lockouts causing data loss and downtime";;"Enforce **least privilege**: limit bucket policy `Principal` to your account or approved org IDs with fixed values; avoid wildcards.

Use **role-based cross-account access** with scoped permissions when needed. Add **defense-in-depth** conditions (private networks, TLS), and periodically review for unintended external access.";https://hub.prowler.com/check/s3_bucket_cross_account_access;"```yaml
# CloudFormation: restrict bucket policy to this AWS account only
Resources:
  <example_resource_name>BucketPolicy:
    Type: AWS::S3::BucketPolicy
    Properties:
      Bucket: <example_resource_name>
      PolicyDocument:
        Version: '2012-10-17'
        Statement:
          - Effect: Allow
            Principal:
              AWS: !Sub arn:aws:iam::${AWS::AccountId}:root  # Critical: limits access to the bucket owner's account, preventing cross-account access
            Action: s3:*
            Resource:
              - !Sub arn:aws:s3:::<example_resource_name>
              - !Sub arn:aws:s3:::<example_resource_name>/*
```";"```hcl
# Terraform: restrict bucket policy to this AWS account only
resource ""aws_s3_bucket_policy"" ""<example_resource_name>"" {
  bucket = ""<example_resource_name>""
  policy = jsonencode({
    Version   = ""2012-10-17""
    Statement = [{
      Effect    = ""Allow""
      Principal = { AWS = ""arn:aws:iam::<example_resource_id>:root"" } # Critical: limits access to the bucket owner's account, preventing cross-account access
      Action    = ""s3:*""
      Resource  = [
        ""arn:aws:s3:::<example_resource_name>"",
        ""arn:aws:s3:::<example_resource_name>/*""
      ]
    }]
  })
}
```";aws s3api delete-bucket-policy --bucket <example_resource_name>;"1. In the AWS console, go to S3 > Buckets > select the bucket
2. Open the Permissions tab > Bucket policy
3. Click Delete bucket policy (or remove all statements) and Save
4. If a policy is required, ensure all statements only use your account as Principal (arn:aws:iam::<YOUR_ACCOUNT_ID>:root); remove any other accounts or ""*""";AWS-Foundational-Security-Best-Practices: S3.6, S3.7 | KISA-ISMS-P-2023: 2.5.6, 2.6.2, 2.10.2 | C5-2025: IAM-10.01B, IAM-10.02B | KISA-ISMS-P-2023-korean: 2.5.6, 2.6.2, 2.10.2 | NIST-CSF-2.0: ra_1, ds_5, ip_1 | PCI-4.0: 10.6.3.33, 10.6.3.35, 7.2.1.25, 7.2.1.26, 7.2.1.27, 7.2.2.25, 7.2.2.26, 7.2.2.27, 7.2.5.19, 7.2.5.20, 7.2.5.21, 7.2.6.4, 7.2.6.5, 7.3.1.19, 7.3.1.20, 7.3.1.21, 7.3.2.19, 7.3.2.20, 7.3.2.21, 7.3.3.19, 7.3.3.20, 7.3.3.21, 8.2.7.19, 8.2.7.20, 8.2.7.21, 8.2.8.21, 8.2.8.22, 8.2.8.23, 8.3.4.19, 8.3.4.20, 8.3.4.21 | CCC-v2025.10: CCC.Core.CN05.AR01, CCC.Core.CN05.AR03, CCC.Core.CN05.AR04 | AWS-AI-Security-Framework-1.0: AISF-DATA-04;identity-access | trust-boundaries;;;This check supports the `trusted_account_ids` configuration in config.yaml to allow specific cross-account access without triggering a finding.;5.40.0;https://docs.aws.amazon.com/securityhub/latest/userguide/s3-controls.html#s3-6 | https://docs.aws.amazon.com/AmazonS3/latest/userguide/access-control-block-public-access.html;;
profile: None;2026-09-01 14:23:41.589109;128529977749;;;;;;prowler-aws-s3_bucket_cross_region_replication-128529977749-eu-north-1-ce-capstone-artifacts-20260901081024819300000002;aws;s3_bucket_cross_region_replication;S3 bucket has cross-region replication configured to a bucket in a different region;Software and Configuration Checks/AWS Security Best Practices | Effects/Data Destruction;FAIL;S3 Bucket ce-capstone-artifacts-20260901081024819300000002 does not have correct cross region replication configuration.;False;s3;;low;AwsS3Bucket;arn:aws:s3:::ce-capstone-artifacts-20260901081024819300000002;ce-capstone-artifacts-20260901081024819300000002;;Project=ce-capstone | Environment=prod | Owner=OWNER | ManagedBy=terraform;aws;eu-north-1;"**Amazon S3 buckets** use **cross-Region replication** with `versioning` and an enabled rule that targets a destination bucket in a different AWS Region.

Buckets with same-Region targets, missing destinations, or disabled `versioning` don't meet this replication posture.";"**Single-Region storage** creates an availability gap: a Regional outage, control-plane isolation, or denial of service can make data **unreachable**.

Lack of replication raises RPO/RTO, delaying recovery and disrupting multi-Region workloads. Missing replicas also weaken data **integrity** during restore from corruption or deletion.";;"Enable **CRR** to a different Region with `versioning` and least-privilege roles.

- Replicate needed prefixes and metadata
- Consider `S3 Replication Time Control` for tighter RPO
- Protect deletes via `delete marker` strategy and Object Lock
- Monitor replication metrics and test DR regularly

Align with **defense in depth** and availability by design.";https://hub.prowler.com/check/s3_bucket_cross_region_replication;"```yaml
# CloudFormation: Enable versioning and CRR to a bucket in another region
Resources:
  ExampleBucket:
    Type: AWS::S3::Bucket
    Properties:
      VersioningConfiguration:
        Status: Enabled  # critical: enables versioning (required for replication)
      ReplicationConfiguration:  # critical: enables cross-Region replication
        Role: !GetAtt ReplicationRole.Arn
        Rules:
          - Status: Enabled  # critical: replication rule must be enabled
            Destination:
              Bucket: arn:aws:s3:::<example_destination_bucket_name>  # critical: destination bucket ARN in a different region

  ReplicationRole:
    Type: AWS::IAM::Role
    Properties:
      AssumeRolePolicyDocument:
        Version: '2012-10-17'
        Statement:
          - Effect: Allow
            Principal:
              Service: s3.amazonaws.com
            Action: sts:AssumeRole
      Policies:
        - PolicyName: s3-replication-minimal
          PolicyDocument:
            Version: '2012-10-17'
            Statement:
              - Effect: Allow
                Action:
                  - s3:ListBucket
                  - s3:GetReplicationConfiguration
                Resource: !Sub arn:aws:s3:::${ExampleBucket}
              - Effect: Allow
                Action:
                  - s3:GetObjectVersionForReplication
                  - s3:GetObjectVersionAcl
                  - s3:GetObjectVersionTagging
                Resource: !Sub arn:aws:s3:::${ExampleBucket}/*
              - Effect: Allow
                Action:
                  - s3:ReplicateObject
                  - s3:ReplicateDelete
                  - s3:ReplicateTags
                Resource: arn:aws:s3:::<example_destination_bucket_name>/*
```";"```hcl
# Enable versioning and minimal CRR to a bucket in another region
resource ""aws_s3_bucket"" ""source"" {
  bucket = ""<example_resource_name>""

  versioning {                      
    enabled = true  # critical: required for replication
  }

  replication_configuration {        
    role = aws_iam_role.replication.arn  # critical: role used by S3 to replicate

    rules {
      status = ""Enabled""  # critical: replication rule must be enabled
      destination {
        bucket = ""arn:aws:s3:::<example_destination_bucket_name>""  # critical: destination bucket ARN in a different region
      }
    }
  }
}

resource ""aws_iam_role"" ""replication"" {
  name = ""<example_resource_name>-s3-replication-role""
  assume_role_policy = jsonencode({
    Version = ""2012-10-17""
    Statement = [{
      Effect    = ""Allow""
      Principal = { Service = ""s3.amazonaws.com"" }
      Action    = ""sts:AssumeRole""
    }]
  })
}

resource ""aws_iam_role_policy"" ""replication"" {
  name = ""<example_resource_name>-s3-replication-policy""
  role = aws_iam_role.replication.id
  policy = jsonencode({
    Version = ""2012-10-17"",
    Statement = [
      {
        Effect = ""Allow"",
        Action = [""s3:ListBucket"", ""s3:GetReplicationConfiguration""],
        Resource = ""arn:aws:s3:::${aws_s3_bucket.source.bucket}""
      },
      {
        Effect = ""Allow"",
        Action = [
          ""s3:GetObjectVersionForReplication"",
          ""s3:GetObjectVersionAcl"",
          ""s3:GetObjectVersionTagging""
        ],
        Resource = ""arn:aws:s3:::${aws_s3_bucket.source.bucket}/*""
      },
      {
        Effect = ""Allow"",
        Action = [""s3:ReplicateObject"", ""s3:ReplicateDelete"", ""s3:ReplicateTags""],
        Resource = ""arn:aws:s3:::<example_destination_bucket_name>/*""
      }
    ]
  })
}
```";;"1. In the S3 console, open the source bucket
2. Go to Properties > Bucket Versioning and click Enable
3. Go to Management > Replication rules > Create replication rule
4. Scope: Apply to all objects in the bucket
5. Destination: Select a bucket in a different AWS Region
6. Status: Ensure Enabled is selected
7. IAM role: Choose Create new role (recommended)
8. Save the rule";KISA-ISMS-P-2023: 2.9.2 | C5-2025: PS-02.01B, PS-02.01AS, PS-02.02AS | KISA-ISMS-P-2023-korean: 2.9.2 | NIST-CSF-2.0: be_5, ds_4, pt_5 | ASD-Essential-Eight-Nov 2023: E8-8.3 | CCC-v2025.10: CCC.Core.CN08.AR01, CCC.Core.CN08.AR02, CCC.Core.CN10.AR01, CCC.AuditLog.CN05.AR01 | SecNumCloud-3.2: 12.5 | PCI-3.2.1: 2.2, 3.1, 3.1.c, 10.5, 10.5.3 | ISO27001-2022: A.8.14;resilience;;;;5.40.0;https://docs.aws.amazon.com/securityhub/latest/userguide/s3-controls.html#s3-7 | https://docs.aws.amazon.com/AmazonS3/latest/userguide/replication.html;;
profile: None;2026-09-01 14:23:41.589109;128529977749;;;;;;prowler-aws-s3_bucket_cross_region_replication-128529977749-eu-north-1-ce-capstone-config-128529977749;aws;s3_bucket_cross_region_replication;S3 bucket has cross-region replication configured to a bucket in a different region;Software and Configuration Checks/AWS Security Best Practices | Effects/Data Destruction;FAIL;S3 Bucket ce-capstone-config-128529977749 does not have correct cross region replication configuration.;False;s3;;low;AwsS3Bucket;arn:aws:s3:::ce-capstone-config-128529977749;ce-capstone-config-128529977749;;Project=ce-capstone | Environment=prod | Owner=OWNER | ManagedBy=terraform;aws;eu-north-1;"**Amazon S3 buckets** use **cross-Region replication** with `versioning` and an enabled rule that targets a destination bucket in a different AWS Region.

Buckets with same-Region targets, missing destinations, or disabled `versioning` don't meet this replication posture.";"**Single-Region storage** creates an availability gap: a Regional outage, control-plane isolation, or denial of service can make data **unreachable**.

Lack of replication raises RPO/RTO, delaying recovery and disrupting multi-Region workloads. Missing replicas also weaken data **integrity** during restore from corruption or deletion.";;"Enable **CRR** to a different Region with `versioning` and least-privilege roles.

- Replicate needed prefixes and metadata
- Consider `S3 Replication Time Control` for tighter RPO
- Protect deletes via `delete marker` strategy and Object Lock
- Monitor replication metrics and test DR regularly

Align with **defense in depth** and availability by design.";https://hub.prowler.com/check/s3_bucket_cross_region_replication;"```yaml
# CloudFormation: Enable versioning and CRR to a bucket in another region
Resources:
  ExampleBucket:
    Type: AWS::S3::Bucket
    Properties:
      VersioningConfiguration:
        Status: Enabled  # critical: enables versioning (required for replication)
      ReplicationConfiguration:  # critical: enables cross-Region replication
        Role: !GetAtt ReplicationRole.Arn
        Rules:
          - Status: Enabled  # critical: replication rule must be enabled
            Destination:
              Bucket: arn:aws:s3:::<example_destination_bucket_name>  # critical: destination bucket ARN in a different region

  ReplicationRole:
    Type: AWS::IAM::Role
    Properties:
      AssumeRolePolicyDocument:
        Version: '2012-10-17'
        Statement:
          - Effect: Allow
            Principal:
              Service: s3.amazonaws.com
            Action: sts:AssumeRole
      Policies:
        - PolicyName: s3-replication-minimal
          PolicyDocument:
            Version: '2012-10-17'
            Statement:
              - Effect: Allow
                Action:
                  - s3:ListBucket
                  - s3:GetReplicationConfiguration
                Resource: !Sub arn:aws:s3:::${ExampleBucket}
              - Effect: Allow
                Action:
                  - s3:GetObjectVersionForReplication
                  - s3:GetObjectVersionAcl
                  - s3:GetObjectVersionTagging
                Resource: !Sub arn:aws:s3:::${ExampleBucket}/*
              - Effect: Allow
                Action:
                  - s3:ReplicateObject
                  - s3:ReplicateDelete
                  - s3:ReplicateTags
                Resource: arn:aws:s3:::<example_destination_bucket_name>/*
```";"```hcl
# Enable versioning and minimal CRR to a bucket in another region
resource ""aws_s3_bucket"" ""source"" {
  bucket = ""<example_resource_name>""

  versioning {                      
    enabled = true  # critical: required for replication
  }

  replication_configuration {        
    role = aws_iam_role.replication.arn  # critical: role used by S3 to replicate

    rules {
      status = ""Enabled""  # critical: replication rule must be enabled
      destination {
        bucket = ""arn:aws:s3:::<example_destination_bucket_name>""  # critical: destination bucket ARN in a different region
      }
    }
  }
}

resource ""aws_iam_role"" ""replication"" {
  name = ""<example_resource_name>-s3-replication-role""
  assume_role_policy = jsonencode({
    Version = ""2012-10-17""
    Statement = [{
      Effect    = ""Allow""
      Principal = { Service = ""s3.amazonaws.com"" }
      Action    = ""sts:AssumeRole""
    }]
  })
}

resource ""aws_iam_role_policy"" ""replication"" {
  name = ""<example_resource_name>-s3-replication-policy""
  role = aws_iam_role.replication.id
  policy = jsonencode({
    Version = ""2012-10-17"",
    Statement = [
      {
        Effect = ""Allow"",
        Action = [""s3:ListBucket"", ""s3:GetReplicationConfiguration""],
        Resource = ""arn:aws:s3:::${aws_s3_bucket.source.bucket}""
      },
      {
        Effect = ""Allow"",
        Action = [
          ""s3:GetObjectVersionForReplication"",
          ""s3:GetObjectVersionAcl"",
          ""s3:GetObjectVersionTagging""
        ],
        Resource = ""arn:aws:s3:::${aws_s3_bucket.source.bucket}/*""
      },
      {
        Effect = ""Allow"",
        Action = [""s3:ReplicateObject"", ""s3:ReplicateDelete"", ""s3:ReplicateTags""],
        Resource = ""arn:aws:s3:::<example_destination_bucket_name>/*""
      }
    ]
  })
}
```";;"1. In the S3 console, open the source bucket
2. Go to Properties > Bucket Versioning and click Enable
3. Go to Management > Replication rules > Create replication rule
4. Scope: Apply to all objects in the bucket
5. Destination: Select a bucket in a different AWS Region
6. Status: Ensure Enabled is selected
7. IAM role: Choose Create new role (recommended)
8. Save the rule";KISA-ISMS-P-2023: 2.9.2 | C5-2025: PS-02.01B, PS-02.01AS, PS-02.02AS | KISA-ISMS-P-2023-korean: 2.9.2 | NIST-CSF-2.0: be_5, ds_4, pt_5 | ASD-Essential-Eight-Nov 2023: E8-8.3 | CCC-v2025.10: CCC.Core.CN08.AR01, CCC.Core.CN08.AR02, CCC.Core.CN10.AR01, CCC.AuditLog.CN05.AR01 | SecNumCloud-3.2: 12.5 | PCI-3.2.1: 2.2, 3.1, 3.1.c, 10.5, 10.5.3 | ISO27001-2022: A.8.14;resilience;;;;5.40.0;https://docs.aws.amazon.com/securityhub/latest/userguide/s3-controls.html#s3-7 | https://docs.aws.amazon.com/AmazonS3/latest/userguide/replication.html;;
profile: None;2026-09-01 14:23:41.589109;128529977749;;;;;;prowler-aws-s3_bucket_default_encryption-128529977749-eu-north-1-ce-capstone-artifacts-20260901081024819300000002;aws;s3_bucket_default_encryption;[DEPRECATED] S3 bucket has default server-side encryption (SSE) enabled;Software and Configuration Checks/AWS Security Best Practices | Software and Configuration Checks/Industry and Regulatory Standards/AWS Foundational Security Best Practices | Software and Configuration Checks/Industry and Regulatory Standards/CIS AWS Foundations Benchmark | Effects/Data Exposure;PASS;S3 Bucket ce-capstone-artifacts-20260901081024819300000002 has Server Side Encryption with AES256.;False;s3;;medium;AwsS3Bucket;arn:aws:s3:::ce-capstone-artifacts-20260901081024819300000002;ce-capstone-artifacts-20260901081024819300000002;;Project=ce-capstone | Environment=prod | Owner=OWNER | ManagedBy=terraform;aws;eu-north-1;[DEPRECATED] **Amazon S3 buckets** have a default **server-side encryption** setting that automatically encrypts new objects using `SSE-S3` or `SSE-KMS`. This evaluates whether a bucket has a default encryption configuration defined.;Without default encryption, older objects may remain unencrypted and new uploads won't be forced to use `SSE-KMS`. This reduces confidentiality and governance by limiting key audit logs, rotation, and cross-account controls, and increases exposure if data is copied, replicated, or accessed outside intended paths.;;Enable default encryption on all buckets, preferring `SSE-KMS` for sensitive data to retain key control and auditing. Enforce encryption with restrictive bucket policies, apply **least privilege** to KMS keys with rotation, and re-encrypt existing objects. Use **defense in depth** monitoring to detect drift and noncompliant uploads.;https://hub.prowler.com/check/s3_bucket_default_encryption;"```yaml
Resources:
  <example_resource_name>:
    Type: AWS::S3::Bucket
    Properties:
      BucketEncryption:
        ServerSideEncryptionConfiguration:
          - ServerSideEncryptionByDefault:
              SSEAlgorithm: AES256  # Critical: enables default SSE-S3 so new objects are encrypted
```";"```hcl
resource ""aws_s3_bucket"" ""<example_resource_name>"" {
  bucket = ""<example_resource_name>""
}

resource ""aws_s3_bucket_server_side_encryption_configuration"" ""<example_resource_name>"" {
  bucket = aws_s3_bucket.<example_resource_name>.id

  rule {
    apply_server_side_encryption_by_default {
      sse_algorithm = ""AES256""  # Critical: enables default SSE-S3 for the bucket
    }
  }
}
```";"aws s3api put-bucket-encryption --bucket <bucket_name> --server-side-encryption-configuration '{""Rules"":[{""ApplyServerSideEncryptionByDefault"":{""SSEAlgorithm"":""AES256""}}]}'";"1. Open the AWS S3 console and select the bucket
2. Go to the Properties tab
3. In Default encryption, click Edit
4. Enable default encryption and select SSE-S3 (AES-256)
5. Click Save changes";CISA: your-systems-3, your-data-1, your-data-2 | SOC2: pi_1_4 | CIS-1.4: 2.1.1 | CIS-1.5: 2.1.1 | MITRE-ATTACK: T1119, T1530 | GDPR: article_32 | KISA-ISMS-P-2023: 2.7.1, 2.10.2 | C5-2025: OPS-31.01B, IAM-07.03B, CRY-01.02AC, CRY-05.01AC, PSS-12.02B | HIPAA: 164_308_a_1_ii_b, 164_308_a_4_ii_a, 164_312_a_2_iv, 164_312_c_1, 164_312_c_2, 164_312_e_2_ii | KISA-ISMS-P-2023-korean: 2.7.1, 2.10.2 | GxP-21-CFR-Part-11: 11.10-c, 11.30 | AWS-Well-Architected-Framework-Security-Pillar: SEC08-BP03 | GxP-EU-Annex-11: 7.1-data-storage-damage-protection | NIST-CSF-2.0: ds_1, ds_3 | NIST-800-171-Revision-2: 3_3_8, 3_5_10, 3_13_11, 3_13_16 | PCI-4.0: 3.5.1.30, 8.3.2.48 | NIST-800-53-Revision-4: sc_28 | NIST-800-53-Revision-5: au_9_3, cm_6_a, cm_9_b, cp_9_d, cp_9_8, pm_11_b, sc_8_3, sc_8_4, sc_13_a, sc_16_1, sc_28_1, si_19_4 | ENS-RD2022: mp.si.2.aws.s3.1 | AWS-Foundational-Technical-Review: S3-001 | NIST-CSF-1.1: ds_1 | CCC-v2025.10: CCC.Core.CN02.AR01 | SecNumCloud-3.2: 10.1 | RBI-Cyber-Security-Framework: annex_i_1_3 | FFIEC: d3-pc-am-b-12 | PCI-3.2.1: 3.4, 3.4.1, 3.4.1.a, 3.4.1.c, 3.4.a, 3.4.b, 3.4.d, 8.2, 8.2.1, 8.2.1.a | ISO27001-2022: A.8.11, A.8.24 | AWS-AI-Security-Framework-1.0: AISF-INFRA-05, AISF-DATA-04 | FedRamp-Moderate-Revision-4: sc-13, sc-28 | FedRAMP-Low-Revision-4: sc-13 | FedRAMP-20x-KSI-Low-25.05C: ksi-svc;encryption;;;This check is being deprecated since AWS automatically applies SSE-S3 to every S3 bucket (both new buckets and previously-unencrypted existing buckets) as of January 5, 2023, and encryption can no longer be disabled. For SSE-KMS validation, use `s3_bucket_kms_encryption` instead.;5.40.0;https://docs.aws.amazon.com/AmazonS3/latest/userguide/default-encryption-faq.html;;
profile: None;2026-09-01 14:23:41.589109;128529977749;;;;;;prowler-aws-s3_bucket_default_encryption-128529977749-eu-north-1-ce-capstone-config-128529977749;aws;s3_bucket_default_encryption;[DEPRECATED] S3 bucket has default server-side encryption (SSE) enabled;Software and Configuration Checks/AWS Security Best Practices | Software and Configuration Checks/Industry and Regulatory Standards/AWS Foundational Security Best Practices | Software and Configuration Checks/Industry and Regulatory Standards/CIS AWS Foundations Benchmark | Effects/Data Exposure;PASS;S3 Bucket ce-capstone-config-128529977749 has Server Side Encryption with AES256.;False;s3;;medium;AwsS3Bucket;arn:aws:s3:::ce-capstone-config-128529977749;ce-capstone-config-128529977749;;Project=ce-capstone | Environment=prod | Owner=OWNER | ManagedBy=terraform;aws;eu-north-1;[DEPRECATED] **Amazon S3 buckets** have a default **server-side encryption** setting that automatically encrypts new objects using `SSE-S3` or `SSE-KMS`. This evaluates whether a bucket has a default encryption configuration defined.;Without default encryption, older objects may remain unencrypted and new uploads won't be forced to use `SSE-KMS`. This reduces confidentiality and governance by limiting key audit logs, rotation, and cross-account controls, and increases exposure if data is copied, replicated, or accessed outside intended paths.;;Enable default encryption on all buckets, preferring `SSE-KMS` for sensitive data to retain key control and auditing. Enforce encryption with restrictive bucket policies, apply **least privilege** to KMS keys with rotation, and re-encrypt existing objects. Use **defense in depth** monitoring to detect drift and noncompliant uploads.;https://hub.prowler.com/check/s3_bucket_default_encryption;"```yaml
Resources:
  <example_resource_name>:
    Type: AWS::S3::Bucket
    Properties:
      BucketEncryption:
        ServerSideEncryptionConfiguration:
          - ServerSideEncryptionByDefault:
              SSEAlgorithm: AES256  # Critical: enables default SSE-S3 so new objects are encrypted
```";"```hcl
resource ""aws_s3_bucket"" ""<example_resource_name>"" {
  bucket = ""<example_resource_name>""
}

resource ""aws_s3_bucket_server_side_encryption_configuration"" ""<example_resource_name>"" {
  bucket = aws_s3_bucket.<example_resource_name>.id

  rule {
    apply_server_side_encryption_by_default {
      sse_algorithm = ""AES256""  # Critical: enables default SSE-S3 for the bucket
    }
  }
}
```";"aws s3api put-bucket-encryption --bucket <bucket_name> --server-side-encryption-configuration '{""Rules"":[{""ApplyServerSideEncryptionByDefault"":{""SSEAlgorithm"":""AES256""}}]}'";"1. Open the AWS S3 console and select the bucket
2. Go to the Properties tab
3. In Default encryption, click Edit
4. Enable default encryption and select SSE-S3 (AES-256)
5. Click Save changes";CISA: your-systems-3, your-data-1, your-data-2 | SOC2: pi_1_4 | CIS-1.4: 2.1.1 | CIS-1.5: 2.1.1 | MITRE-ATTACK: T1119, T1530 | GDPR: article_32 | KISA-ISMS-P-2023: 2.7.1, 2.10.2 | C5-2025: OPS-31.01B, IAM-07.03B, CRY-01.02AC, CRY-05.01AC, PSS-12.02B | HIPAA: 164_308_a_1_ii_b, 164_308_a_4_ii_a, 164_312_a_2_iv, 164_312_c_1, 164_312_c_2, 164_312_e_2_ii | KISA-ISMS-P-2023-korean: 2.7.1, 2.10.2 | GxP-21-CFR-Part-11: 11.10-c, 11.30 | AWS-Well-Architected-Framework-Security-Pillar: SEC08-BP03 | GxP-EU-Annex-11: 7.1-data-storage-damage-protection | NIST-CSF-2.0: ds_1, ds_3 | NIST-800-171-Revision-2: 3_3_8, 3_5_10, 3_13_11, 3_13_16 | PCI-4.0: 3.5.1.30, 8.3.2.48 | NIST-800-53-Revision-4: sc_28 | NIST-800-53-Revision-5: au_9_3, cm_6_a, cm_9_b, cp_9_d, cp_9_8, pm_11_b, sc_8_3, sc_8_4, sc_13_a, sc_16_1, sc_28_1, si_19_4 | ENS-RD2022: mp.si.2.aws.s3.1 | AWS-Foundational-Technical-Review: S3-001 | NIST-CSF-1.1: ds_1 | CCC-v2025.10: CCC.Core.CN02.AR01 | SecNumCloud-3.2: 10.1 | RBI-Cyber-Security-Framework: annex_i_1_3 | FFIEC: d3-pc-am-b-12 | PCI-3.2.1: 3.4, 3.4.1, 3.4.1.a, 3.4.1.c, 3.4.a, 3.4.b, 3.4.d, 8.2, 8.2.1, 8.2.1.a | ISO27001-2022: A.8.11, A.8.24 | AWS-AI-Security-Framework-1.0: AISF-INFRA-05, AISF-DATA-04 | FedRamp-Moderate-Revision-4: sc-13, sc-28 | FedRAMP-Low-Revision-4: sc-13 | FedRAMP-20x-KSI-Low-25.05C: ksi-svc;encryption;;;This check is being deprecated since AWS automatically applies SSE-S3 to every S3 bucket (both new buckets and previously-unencrypted existing buckets) as of January 5, 2023, and encryption can no longer be disabled. For SSE-KMS validation, use `s3_bucket_kms_encryption` instead.;5.40.0;https://docs.aws.amazon.com/AmazonS3/latest/userguide/default-encryption-faq.html;;
profile: None;2026-09-01 14:23:41.589109;128529977749;;;;;;prowler-aws-s3_bucket_event_notifications_enabled-128529977749-eu-north-1-ce-capstone-artifacts-20260901081024819300000002;aws;s3_bucket_event_notifications_enabled;S3 bucket has event notifications enabled;Software and Configuration Checks/AWS Security Best Practices | Software and Configuration Checks/Industry and Regulatory Standards/NIST 800-53 Controls;FAIL;S3 Bucket ce-capstone-artifacts-20260901081024819300000002 does not have event notifications enabled.;False;s3;;low;AwsS3Bucket;arn:aws:s3:::ce-capstone-artifacts-20260901081024819300000002;ce-capstone-artifacts-20260901081024819300000002;;Project=ce-capstone | Environment=prod | Owner=OWNER | ManagedBy=terraform;aws;eu-north-1;**Amazon S3 buckets** define a **notification configuration** that publishes bucket events (for example `s3:ObjectCreated:*`, `s3:ObjectRemoved:*`) to a destination. The evaluation identifies buckets that lack any notification setup.;Missing notifications leaves object and bucket changes **unseen**, weakening **integrity** and **availability** oversight. Undetected deletions, policy drift, or replication issues can stall data pipelines (S3 to Lambda/SQS), slow incident response, and allow tampering or exfiltration to persist longer.;;"Enable **S3 event notifications** for relevant events (e.g., `s3:ObjectCreated:*`, `s3:ObjectRemoved:*`) and route to controlled destinations (SNS, SQS, Lambda, EventBridge).

Use prefix/suffix filters, avoid recursive triggers, and enforce **least privilege** on targets. Pair with object-level logging for **defense in depth**.";https://hub.prowler.com/check/s3_bucket_event_notifications_enabled;"```yaml
# CloudFormation: Enable S3 event notifications via EventBridge
Resources:
  <example_resource_name>:
    Type: AWS::S3::Bucket
    Properties:
      NotificationConfiguration:
        EventBridgeConfiguration: {}  # Critical: turns on EventBridge notifications, making notifications enabled
```";"```hcl
# Enable S3 event notifications via EventBridge
resource ""aws_s3_bucket_notification"" ""<example_resource_name>"" {
  bucket = ""<example_resource_name>""

  eventbridge {} # Critical: enables EventBridge delivery, satisfying notifications enabled
}
```";"aws s3api put-bucket-notification-configuration --bucket <BUCKET_NAME> --notification-configuration '{""EventBridgeConfiguration"": {}}'";"1. Open the S3 console and select your bucket
2. Go to the Properties tab
3. In Event notifications, find Amazon EventBridge and turn it On (Enable)
4. Click Save changes";KISA-ISMS-P-2023: 2.10.2, 2.11.3 | C5-2025: OPS-13.01AC, OPS-13.03AC | KISA-ISMS-P-2023-korean: 2.10.2, 2.11.3 | NIST-CSF-2.0: dp_4 | PCI-4.0: 11.5.2.5, 11.6.1.5, 12.10.5.5, A3.3.1.8, A3.5.1.8;logging;;;;5.40.0;https://docs.aws.amazon.com/securityhub/latest/userguide/s3-controls.html#s3-11 | https://docs.aws.amazon.com/AmazonS3/latest/userguide/enable-event-notifications.html | https://docs.aws.amazon.com/AmazonS3/latest/userguide/EventNotifications.html;;
profile: None;2026-09-01 14:23:41.589109;128529977749;;;;;;prowler-aws-s3_bucket_event_notifications_enabled-128529977749-eu-north-1-ce-capstone-config-128529977749;aws;s3_bucket_event_notifications_enabled;S3 bucket has event notifications enabled;Software and Configuration Checks/AWS Security Best Practices | Software and Configuration Checks/Industry and Regulatory Standards/NIST 800-53 Controls;FAIL;S3 Bucket ce-capstone-config-128529977749 does not have event notifications enabled.;False;s3;;low;AwsS3Bucket;arn:aws:s3:::ce-capstone-config-128529977749;ce-capstone-config-128529977749;;Project=ce-capstone | Environment=prod | Owner=OWNER | ManagedBy=terraform;aws;eu-north-1;**Amazon S3 buckets** define a **notification configuration** that publishes bucket events (for example `s3:ObjectCreated:*`, `s3:ObjectRemoved:*`) to a destination. The evaluation identifies buckets that lack any notification setup.;Missing notifications leaves object and bucket changes **unseen**, weakening **integrity** and **availability** oversight. Undetected deletions, policy drift, or replication issues can stall data pipelines (S3 to Lambda/SQS), slow incident response, and allow tampering or exfiltration to persist longer.;;"Enable **S3 event notifications** for relevant events (e.g., `s3:ObjectCreated:*`, `s3:ObjectRemoved:*`) and route to controlled destinations (SNS, SQS, Lambda, EventBridge).

Use prefix/suffix filters, avoid recursive triggers, and enforce **least privilege** on targets. Pair with object-level logging for **defense in depth**.";https://hub.prowler.com/check/s3_bucket_event_notifications_enabled;"```yaml
# CloudFormation: Enable S3 event notifications via EventBridge
Resources:
  <example_resource_name>:
    Type: AWS::S3::Bucket
    Properties:
      NotificationConfiguration:
        EventBridgeConfiguration: {}  # Critical: turns on EventBridge notifications, making notifications enabled
```";"```hcl
# Enable S3 event notifications via EventBridge
resource ""aws_s3_bucket_notification"" ""<example_resource_name>"" {
  bucket = ""<example_resource_name>""

  eventbridge {} # Critical: enables EventBridge delivery, satisfying notifications enabled
}
```";"aws s3api put-bucket-notification-configuration --bucket <BUCKET_NAME> --notification-configuration '{""EventBridgeConfiguration"": {}}'";"1. Open the S3 console and select your bucket
2. Go to the Properties tab
3. In Event notifications, find Amazon EventBridge and turn it On (Enable)
4. Click Save changes";KISA-ISMS-P-2023: 2.10.2, 2.11.3 | C5-2025: OPS-13.01AC, OPS-13.03AC | KISA-ISMS-P-2023-korean: 2.10.2, 2.11.3 | NIST-CSF-2.0: dp_4 | PCI-4.0: 11.5.2.5, 11.6.1.5, 12.10.5.5, A3.3.1.8, A3.5.1.8;logging;;;;5.40.0;https://docs.aws.amazon.com/securityhub/latest/userguide/s3-controls.html#s3-11 | https://docs.aws.amazon.com/AmazonS3/latest/userguide/enable-event-notifications.html | https://docs.aws.amazon.com/AmazonS3/latest/userguide/EventNotifications.html;;
profile: None;2026-09-01 14:23:41.589109;128529977749;;;;;;prowler-aws-s3_bucket_kms_encryption-128529977749-eu-north-1-ce-capstone-artifacts-20260901081024819300000002;aws;s3_bucket_kms_encryption;S3 bucket has server-side encryption with AWS KMS;Software and Configuration Checks/AWS Security Best Practices | Software and Configuration Checks/Industry and Regulatory Standards/AWS Foundational Security Best Practices | Software and Configuration Checks/Industry and Regulatory Standards/CIS AWS Foundations Benchmark | Effects/Data Exposure;FAIL;Server Side Encryption is not configured with kms for S3 Bucket ce-capstone-artifacts-20260901081024819300000002.;False;s3;;medium;AwsS3Bucket;arn:aws:s3:::ce-capstone-artifacts-20260901081024819300000002;ce-capstone-artifacts-20260901081024819300000002;;Project=ce-capstone | Environment=prod | Owner=OWNER | ManagedBy=terraform;aws;eu-north-1;**Amazon S3 buckets** use server-side encryption with **AWS KMS** keys, including dual-layer `aws:kms:dsse`. The evaluation identifies buckets whose default encryption is `aws:kms` or `aws:kms:dsse` rather than SSE-S3.;Without **KMS-based encryption**, data relies only on SSE-S3, reducing **confidentiality** controls. Missing key policies and grants weakens **least privilege**, cross-account scoping, and the ability to disable or rotate keys. Lack of **KMS audit trails** obscures key usage, hindering detection of misuse and **defense in depth**.;;Enable default **SSE-KMS** (or **DSSE-KMS** for highly sensitive data). Use a customer-managed key, enforce **least privilege** and separation of duties for key usage, and require KMS encryption via bucket policy (specify `aws:kms` and a designated key). Monitor key activity in **CloudTrail** and consider **S3 Bucket Keys** to control cost.;https://hub.prowler.com/check/s3_bucket_kms_encryption;"```yaml
# CloudFormation: enable default SSE-KMS on the bucket
Resources:
  <example_resource_name>:
    Type: AWS::S3::Bucket
    Properties:
      BucketEncryption:
        ServerSideEncryptionConfiguration:
          - ServerSideEncryptionByDefault:
              SSEAlgorithm: aws:kms  # Critical: sets default encryption to AWS KMS (SSE-KMS)
```";"```hcl
# Enable default SSE-KMS on an existing S3 bucket
resource ""aws_s3_bucket_server_side_encryption_configuration"" ""<example_resource_name>"" {
  bucket = ""<example_bucket_name>""

  rule {
    apply_server_side_encryption_by_default {
      sse_algorithm = ""aws:kms"" # Critical: enforces SSE-KMS by default
    }
  }
}
```";"aws s3api put-bucket-encryption --bucket <BUCKET_NAME> --server-side-encryption-configuration '{""Rules"":[{""ApplyServerSideEncryptionByDefault"":{""SSEAlgorithm"":""aws:kms""}}]}'";"1. In the AWS Console, go to S3 and open the target bucket
2. Select the Properties tab
3. Under Default encryption, click Edit
4. Choose Server-side encryption with AWS KMS keys (SSE-KMS)
5. Leave AWS managed key (aws/s3) selected (or choose your CMK if required)
6. Click Save changes";SOC2: pi_1_4 | AWS-Foundational-Security-Best-Practices: S3.17 | KISA-ISMS-P-2023: 2.7.2, 2.10.2 | C5-2025: OIS-08.02B, OPS-31.01B, IAM-07.03B, CRY-01.02AC, CRY-05.02B, CRY-05.01AC, PSS-12.02B | KISA-ISMS-P-2023-korean: 2.7.2, 2.10.2 | NIST-CSF-2.0: ds_1, ds_3, ds_5, pt_4 | PCI-4.0: 3.5.1.31, 8.3.2.50 | AWS-Foundational-Technical-Review: S3-001 | CCC-v2025.10: CCC.Core.CN02.AR01, CCC.ObjStor.CN01.AR01, CCC.ObjStor.CN01.AR02, CCC.ObjStor.CN01.AR03, CCC.ObjStor.CN01.AR04 | SecNumCloud-3.2: 10.1 | PCI-3.2.1: 3.4, 3.4.1, 3.4.1.a, 3.4.1.c, 3.4.a, 3.4.b, 3.4.d, 8.2, 8.2.1, 8.2.1.a | ISO27001-2022: A.8.11, A.8.24 | AWS-AI-Security-Framework-1.0: AISF-INFRA-05, AISF-DATA-04;encryption;;;;5.40.0;https://docs.aws.amazon.com/AmazonS3/latest/userguide/default-bucket-encryption.html | https://www.trendmicro.com/trendaivisiononecloudriskmanagement-staging/knowledge-base/aws/S3/encrypted-with-kms-customer-master-keys.html | https://docs.aws.amazon.com/AmazonS3/latest/userguide/UsingKMSEncryption.html;;
profile: None;2026-09-01 14:23:41.589109;128529977749;;;;;;prowler-aws-s3_bucket_kms_encryption-128529977749-eu-north-1-ce-capstone-config-128529977749;aws;s3_bucket_kms_encryption;S3 bucket has server-side encryption with AWS KMS;Software and Configuration Checks/AWS Security Best Practices | Software and Configuration Checks/Industry and Regulatory Standards/AWS Foundational Security Best Practices | Software and Configuration Checks/Industry and Regulatory Standards/CIS AWS Foundations Benchmark | Effects/Data Exposure;FAIL;Server Side Encryption is not configured with kms for S3 Bucket ce-capstone-config-128529977749.;False;s3;;medium;AwsS3Bucket;arn:aws:s3:::ce-capstone-config-128529977749;ce-capstone-config-128529977749;;Project=ce-capstone | Environment=prod | Owner=OWNER | ManagedBy=terraform;aws;eu-north-1;**Amazon S3 buckets** use server-side encryption with **AWS KMS** keys, including dual-layer `aws:kms:dsse`. The evaluation identifies buckets whose default encryption is `aws:kms` or `aws:kms:dsse` rather than SSE-S3.;Without **KMS-based encryption**, data relies only on SSE-S3, reducing **confidentiality** controls. Missing key policies and grants weakens **least privilege**, cross-account scoping, and the ability to disable or rotate keys. Lack of **KMS audit trails** obscures key usage, hindering detection of misuse and **defense in depth**.;;Enable default **SSE-KMS** (or **DSSE-KMS** for highly sensitive data). Use a customer-managed key, enforce **least privilege** and separation of duties for key usage, and require KMS encryption via bucket policy (specify `aws:kms` and a designated key). Monitor key activity in **CloudTrail** and consider **S3 Bucket Keys** to control cost.;https://hub.prowler.com/check/s3_bucket_kms_encryption;"```yaml
# CloudFormation: enable default SSE-KMS on the bucket
Resources:
  <example_resource_name>:
    Type: AWS::S3::Bucket
    Properties:
      BucketEncryption:
        ServerSideEncryptionConfiguration:
          - ServerSideEncryptionByDefault:
              SSEAlgorithm: aws:kms  # Critical: sets default encryption to AWS KMS (SSE-KMS)
```";"```hcl
# Enable default SSE-KMS on an existing S3 bucket
resource ""aws_s3_bucket_server_side_encryption_configuration"" ""<example_resource_name>"" {
  bucket = ""<example_bucket_name>""

  rule {
    apply_server_side_encryption_by_default {
      sse_algorithm = ""aws:kms"" # Critical: enforces SSE-KMS by default
    }
  }
}
```";"aws s3api put-bucket-encryption --bucket <BUCKET_NAME> --server-side-encryption-configuration '{""Rules"":[{""ApplyServerSideEncryptionByDefault"":{""SSEAlgorithm"":""aws:kms""}}]}'";"1. In the AWS Console, go to S3 and open the target bucket
2. Select the Properties tab
3. Under Default encryption, click Edit
4. Choose Server-side encryption with AWS KMS keys (SSE-KMS)
5. Leave AWS managed key (aws/s3) selected (or choose your CMK if required)
6. Click Save changes";SOC2: pi_1_4 | AWS-Foundational-Security-Best-Practices: S3.17 | KISA-ISMS-P-2023: 2.7.2, 2.10.2 | C5-2025: OIS-08.02B, OPS-31.01B, IAM-07.03B, CRY-01.02AC, CRY-05.02B, CRY-05.01AC, PSS-12.02B | KISA-ISMS-P-2023-korean: 2.7.2, 2.10.2 | NIST-CSF-2.0: ds_1, ds_3, ds_5, pt_4 | PCI-4.0: 3.5.1.31, 8.3.2.50 | AWS-Foundational-Technical-Review: S3-001 | CCC-v2025.10: CCC.Core.CN02.AR01, CCC.ObjStor.CN01.AR01, CCC.ObjStor.CN01.AR02, CCC.ObjStor.CN01.AR03, CCC.ObjStor.CN01.AR04 | SecNumCloud-3.2: 10.1 | PCI-3.2.1: 3.4, 3.4.1, 3.4.1.a, 3.4.1.c, 3.4.a, 3.4.b, 3.4.d, 8.2, 8.2.1, 8.2.1.a | ISO27001-2022: A.8.11, A.8.24 | AWS-AI-Security-Framework-1.0: AISF-INFRA-05, AISF-DATA-04;encryption;;;;5.40.0;https://docs.aws.amazon.com/AmazonS3/latest/userguide/default-bucket-encryption.html | https://www.trendmicro.com/trendaivisiononecloudriskmanagement-staging/knowledge-base/aws/S3/encrypted-with-kms-customer-master-keys.html | https://docs.aws.amazon.com/AmazonS3/latest/userguide/UsingKMSEncryption.html;;
profile: None;2026-09-01 14:23:41.589109;128529977749;;;;;;prowler-aws-s3_bucket_level_public_access_block-128529977749-eu-north-1-ce-capstone-artifacts-20260901081024819300000002;aws;s3_bucket_level_public_access_block;S3 bucket has Block Public Access with IgnorePublicAcls and RestrictPublicBuckets enabled at bucket or account level;Software and Configuration Checks/AWS Security Best Practices/Network Reachability | Software and Configuration Checks/Industry and Regulatory Standards/AWS Foundational Security Best Practices | Software and Configuration Checks/Industry and Regulatory Standards/CIS AWS Foundations Benchmark | Effects/Data Exposure;PASS;Block Public Access is configured for the S3 Bucket ce-capstone-artifacts-20260901081024819300000002.;False;s3;;high;AwsS3Bucket;arn:aws:s3:::ce-capstone-artifacts-20260901081024819300000002;ce-capstone-artifacts-20260901081024819300000002;;Project=ce-capstone | Environment=prod | Owner=OWNER | ManagedBy=terraform;aws;eu-north-1;"**Amazon S3 buckets** are evaluated for **Block Public Access** settings, ensuring `ignore_public_acls` and `restrict_public_buckets` are enabled at the bucket or account scope.

*Account-wide protections, when present, are treated as effective for the bucket.*";"Absent **S3 Block Public Access**, public ACLs or broad policies can grant Internet or cross-account access.
- Data disclosure (confidentiality)
- Object overwrite or uploads (integrity)
- Deletion or outages from misuse (availability)";;Enable **Block Public Access** at account and bucket levels with `block_public_acls`, `ignore_public_acls`, `block_public_policy`, and `restrict_public_buckets` set to `true`. Apply **least privilege** and **defense in depth**. *If public access is required*, narrowly scope policies to fixed principals and conditions.;https://hub.prowler.com/check/s3_bucket_level_public_access_block;"```yaml
# CloudFormation - enable required S3 Block Public Access settings on a bucket
Resources:
  <example_resource_name>:
    Type: AWS::S3::Bucket
    Properties:
      PublicAccessBlockConfiguration:
        IgnorePublicAcls: true        # CRITICAL: Ignore public ACLs on the bucket/objects
        RestrictPublicBuckets: true   # CRITICAL: Restrict buckets with public policies to same-account/AWS services
```";"```hcl
# Enable required S3 Block Public Access settings on a bucket
resource ""aws_s3_bucket_public_access_block"" ""<example_resource_name>"" {
  bucket                   = ""<example_resource_id>""
  ignore_public_acls       = true  # CRITICAL: Ignore public ACLs
  restrict_public_buckets  = true  # CRITICAL: Restrict public buckets
}
```";aws s3api put-public-access-block --bucket <BUCKET_NAME> --public-access-block-configuration IgnorePublicAcls=true,RestrictPublicBuckets=true;"1. In AWS Console, open S3 and select the target bucket
2. Go to Permissions > Block public access (bucket settings)
3. Enable only:
   - Ignore public ACLs
   - Restrict public buckets
4. Click Save changes
5. (Alternatively, to apply account-wide) S3 > Account settings > Block Public Access: enable the same two options and Save";CIS-7.0: 3.1.4 | CIS-1.4: 2.1.5 | CIS-1.5: 2.1.5 | MITRE-ATTACK: T1530 | AWS-Foundational-Security-Best-Practices: S3.8 | KISA-ISMS-P-2023: 2.6.1, 2.6.2, 2.10.2 | C5-2025: PS-03.02B, IAM-10.01B, COS-02.01B | CIS-2.0: 2.1.4 | KISA-ISMS-P-2023-korean: 2.6.1, 2.6.2, 2.10.2 | NIST-CSF-2.0: ac_3 | CIS-5.0: 2.1.4 | AWS-Account-Security-Onboarding: S3 Block Public Access | CIS-3.0: 2.1.4 | CIS-6.0: 3.1.4 | AWS-Foundational-Technical-Review: S3-001 | CCC-v2025.10: CCC.Logging.CN05.AR01 | SecNumCloud-3.2: 9.7 | AWS-AI-Security-Framework-1.0: AISF-DATA-04 | CIS-4.0.1: 2.1.4;internet-exposed;;;;5.40.0;https://www.trendmicro.com/trendaivisiononecloudriskmanagement/knowledge-base/aws/S3/bucket-public-access-block.html | https://docs.aws.amazon.com/AmazonS3/latest/userguide/access-control-block-public-access.html;;
profile: None;2026-09-01 14:23:41.589109;128529977749;;;;;;prowler-aws-s3_bucket_level_public_access_block-128529977749-eu-north-1-ce-capstone-config-128529977749;aws;s3_bucket_level_public_access_block;S3 bucket has Block Public Access with IgnorePublicAcls and RestrictPublicBuckets enabled at bucket or account level;Software and Configuration Checks/AWS Security Best Practices/Network Reachability | Software and Configuration Checks/Industry and Regulatory Standards/AWS Foundational Security Best Practices | Software and Configuration Checks/Industry and Regulatory Standards/CIS AWS Foundations Benchmark | Effects/Data Exposure;PASS;Block Public Access is configured for the S3 Bucket ce-capstone-config-128529977749.;False;s3;;high;AwsS3Bucket;arn:aws:s3:::ce-capstone-config-128529977749;ce-capstone-config-128529977749;;Project=ce-capstone | Environment=prod | Owner=OWNER | ManagedBy=terraform;aws;eu-north-1;"**Amazon S3 buckets** are evaluated for **Block Public Access** settings, ensuring `ignore_public_acls` and `restrict_public_buckets` are enabled at the bucket or account scope.

*Account-wide protections, when present, are treated as effective for the bucket.*";"Absent **S3 Block Public Access**, public ACLs or broad policies can grant Internet or cross-account access.
- Data disclosure (confidentiality)
- Object overwrite or uploads (integrity)
- Deletion or outages from misuse (availability)";;Enable **Block Public Access** at account and bucket levels with `block_public_acls`, `ignore_public_acls`, `block_public_policy`, and `restrict_public_buckets` set to `true`. Apply **least privilege** and **defense in depth**. *If public access is required*, narrowly scope policies to fixed principals and conditions.;https://hub.prowler.com/check/s3_bucket_level_public_access_block;"```yaml
# CloudFormation - enable required S3 Block Public Access settings on a bucket
Resources:
  <example_resource_name>:
    Type: AWS::S3::Bucket
    Properties:
      PublicAccessBlockConfiguration:
        IgnorePublicAcls: true        # CRITICAL: Ignore public ACLs on the bucket/objects
        RestrictPublicBuckets: true   # CRITICAL: Restrict buckets with public policies to same-account/AWS services
```";"```hcl
# Enable required S3 Block Public Access settings on a bucket
resource ""aws_s3_bucket_public_access_block"" ""<example_resource_name>"" {
  bucket                   = ""<example_resource_id>""
  ignore_public_acls       = true  # CRITICAL: Ignore public ACLs
  restrict_public_buckets  = true  # CRITICAL: Restrict public buckets
}
```";aws s3api put-public-access-block --bucket <BUCKET_NAME> --public-access-block-configuration IgnorePublicAcls=true,RestrictPublicBuckets=true;"1. In AWS Console, open S3 and select the target bucket
2. Go to Permissions > Block public access (bucket settings)
3. Enable only:
   - Ignore public ACLs
   - Restrict public buckets
4. Click Save changes
5. (Alternatively, to apply account-wide) S3 > Account settings > Block Public Access: enable the same two options and Save";CIS-7.0: 3.1.4 | CIS-1.4: 2.1.5 | CIS-1.5: 2.1.5 | MITRE-ATTACK: T1530 | AWS-Foundational-Security-Best-Practices: S3.8 | KISA-ISMS-P-2023: 2.6.1, 2.6.2, 2.10.2 | C5-2025: PS-03.02B, IAM-10.01B, COS-02.01B | CIS-2.0: 2.1.4 | KISA-ISMS-P-2023-korean: 2.6.1, 2.6.2, 2.10.2 | NIST-CSF-2.0: ac_3 | CIS-5.0: 2.1.4 | AWS-Account-Security-Onboarding: S3 Block Public Access | CIS-3.0: 2.1.4 | CIS-6.0: 3.1.4 | AWS-Foundational-Technical-Review: S3-001 | CCC-v2025.10: CCC.Logging.CN05.AR01 | SecNumCloud-3.2: 9.7 | AWS-AI-Security-Framework-1.0: AISF-DATA-04 | CIS-4.0.1: 2.1.4;internet-exposed;;;;5.40.0;https://www.trendmicro.com/trendaivisiononecloudriskmanagement/knowledge-base/aws/S3/bucket-public-access-block.html | https://docs.aws.amazon.com/AmazonS3/latest/userguide/access-control-block-public-access.html;;
profile: None;2026-09-01 14:23:41.589109;128529977749;;;;;;prowler-aws-s3_bucket_lifecycle_enabled-128529977749-eu-north-1-ce-capstone-artifacts-20260901081024819300000002;aws;s3_bucket_lifecycle_enabled;S3 bucket has a lifecycle configuration enabled;Software and Configuration Checks/AWS Security Best Practices | Software and Configuration Checks/Industry and Regulatory Standards/AWS Foundational Security Best Practices;FAIL;S3 Bucket ce-capstone-artifacts-20260901081024819300000002 does not have a lifecycle configuration enabled.;False;s3;;low;AwsS3Bucket;arn:aws:s3:::ce-capstone-artifacts-20260901081024819300000002;ce-capstone-artifacts-20260901081024819300000002;;Project=ce-capstone | Environment=prod | Owner=OWNER | ManagedBy=terraform;aws;eu-north-1;**Amazon S3 buckets** use **Lifecycle configurations** with at least one rule `Status: Enabled` to automate object `Transitions` and `Expiration` based on age, prefix, or tags;Without lifecycle rules, objects persist indefinitely, driving costs and retaining sensitive data beyond policy. Unchecked log/version growth strains operations and recovery. Long-lived data increases exposure if the account is compromised and can break required deletion timelines, affecting confidentiality and availability.;;Define **Lifecycle policies** by data classification: set `Expiration` to enforce retention, use `Transitions` to lower-cost classes, and enable `AbortIncompleteMultipartUpload`. For critical logs, keep versioning and, *if required*, **Object Lock**. Limit who can change lifecycle using least privilege and separation of duties.;https://hub.prowler.com/check/s3_bucket_lifecycle_enabled;"```yaml
# CloudFormation: enable a minimal S3 Lifecycle configuration
Resources:
  <example_resource_name>:
    Type: AWS::S3::Bucket
    Properties:
      LifecycleConfiguration:  # CRITICAL: Adds a Lifecycle configuration to the bucket
        Rules:
          - Status: Enabled     # CRITICAL: Rule must be Enabled to pass the check
            Filter:
              Prefix: """"        # Applies to all objects
            AbortIncompleteMultipartUpload:
              DaysAfterInitiation: 7  # Minimal action to satisfy schema
```";"```hcl
# Minimal lifecycle configuration to mark the bucket as having an enabled rule
resource ""aws_s3_bucket_lifecycle_configuration"" ""<example_resource_name>"" {
  bucket = ""<example_resource_name>""

  rule {
    status = ""Enabled""  # CRITICAL: Enables lifecycle rule to pass the check
    filter {}            # Applies to all objects

    abort_incomplete_multipart_upload {
      days_after_initiation = 7  # Minimal action to satisfy schema
    }
  }
}
```";"aws s3api put-bucket-lifecycle-configuration --bucket <BUCKET_NAME> --lifecycle-configuration '{""Rules"":[{""Status"":""Enabled"",""Filter"":{""Prefix"":""""},""AbortIncompleteMultipartUpload"":{""DaysAfterInitiation"":7}}]}'";"1. In the AWS Console, go to S3 and open the target bucket
2. Select the Management tab, then click Create lifecycle rule
3. Enter a name and choose This rule applies to all objects in the bucket
4. Under Lifecycle rule actions, select Clean up incomplete multipart uploads and set Days after initiation to 7
5. Ensure Status is Enabled and click Create rule";AWS-Foundational-Security-Best-Practices: S3.13 | KISA-ISMS-P-2023: 2.9.3, 2.12.1 | C5-2025: OPS-32.02B | KISA-ISMS-P-2023-korean: 2.9.3, 2.12.1 | NIST-CSF-2.0: ds_3, ds_4 | PCI-4.0: 10.5.1.12, 10.5.1.13, 3.2.1.8, 3.2.1.9, 3.3.1.1.8, 3.3.1.1.9, 3.3.1.3.8, 3.3.1.3.9, 3.3.2.8, 3.3.2.9, 3.3.3.8, 3.3.3.9 | CCC-v2025.10: CCC.AuditLog.CN06.AR01 | PCI-3.2.1: 3.1, 3.1.a, 3.2, 3.2.c, 10.7, 10.7.a | ISO27001-2022: A.8.10 | NIS2: 12.2.2.a;;;;;5.40.0;https://docs.aws.amazon.com/securityhub/latest/userguide/s3-controls.html#s3-13 | https://docs.aws.amazon.com/AmazonS3/latest/userguide/object-lifecycle-mgmt.html | https://docs.aws.amazon.com/AmazonS3/latest/userguide/how-to-set-lifecycle-configuration-intro.html | https://www.trendmicro.com/trendaivisiononecloudriskmanagement/knowledge-base/aws/S3/lifecycle-configuration.html;;
profile: None;2026-09-01 14:23:41.589109;128529977749;;;;;;prowler-aws-s3_bucket_lifecycle_enabled-128529977749-eu-north-1-ce-capstone-config-128529977749;aws;s3_bucket_lifecycle_enabled;S3 bucket has a lifecycle configuration enabled;Software and Configuration Checks/AWS Security Best Practices | Software and Configuration Checks/Industry and Regulatory Standards/AWS Foundational Security Best Practices;FAIL;S3 Bucket ce-capstone-config-128529977749 does not have a lifecycle configuration enabled.;False;s3;;low;AwsS3Bucket;arn:aws:s3:::ce-capstone-config-128529977749;ce-capstone-config-128529977749;;Project=ce-capstone | Environment=prod | Owner=OWNER | ManagedBy=terraform;aws;eu-north-1;**Amazon S3 buckets** use **Lifecycle configurations** with at least one rule `Status: Enabled` to automate object `Transitions` and `Expiration` based on age, prefix, or tags;Without lifecycle rules, objects persist indefinitely, driving costs and retaining sensitive data beyond policy. Unchecked log/version growth strains operations and recovery. Long-lived data increases exposure if the account is compromised and can break required deletion timelines, affecting confidentiality and availability.;;Define **Lifecycle policies** by data classification: set `Expiration` to enforce retention, use `Transitions` to lower-cost classes, and enable `AbortIncompleteMultipartUpload`. For critical logs, keep versioning and, *if required*, **Object Lock**. Limit who can change lifecycle using least privilege and separation of duties.;https://hub.prowler.com/check/s3_bucket_lifecycle_enabled;"```yaml
# CloudFormation: enable a minimal S3 Lifecycle configuration
Resources:
  <example_resource_name>:
    Type: AWS::S3::Bucket
    Properties:
      LifecycleConfiguration:  # CRITICAL: Adds a Lifecycle configuration to the bucket
        Rules:
          - Status: Enabled     # CRITICAL: Rule must be Enabled to pass the check
            Filter:
              Prefix: """"        # Applies to all objects
            AbortIncompleteMultipartUpload:
              DaysAfterInitiation: 7  # Minimal action to satisfy schema
```";"```hcl
# Minimal lifecycle configuration to mark the bucket as having an enabled rule
resource ""aws_s3_bucket_lifecycle_configuration"" ""<example_resource_name>"" {
  bucket = ""<example_resource_name>""

  rule {
    status = ""Enabled""  # CRITICAL: Enables lifecycle rule to pass the check
    filter {}            # Applies to all objects

    abort_incomplete_multipart_upload {
      days_after_initiation = 7  # Minimal action to satisfy schema
    }
  }
}
```";"aws s3api put-bucket-lifecycle-configuration --bucket <BUCKET_NAME> --lifecycle-configuration '{""Rules"":[{""Status"":""Enabled"",""Filter"":{""Prefix"":""""},""AbortIncompleteMultipartUpload"":{""DaysAfterInitiation"":7}}]}'";"1. In the AWS Console, go to S3 and open the target bucket
2. Select the Management tab, then click Create lifecycle rule
3. Enter a name and choose This rule applies to all objects in the bucket
4. Under Lifecycle rule actions, select Clean up incomplete multipart uploads and set Days after initiation to 7
5. Ensure Status is Enabled and click Create rule";AWS-Foundational-Security-Best-Practices: S3.13 | KISA-ISMS-P-2023: 2.9.3, 2.12.1 | C5-2025: OPS-32.02B | KISA-ISMS-P-2023-korean: 2.9.3, 2.12.1 | NIST-CSF-2.0: ds_3, ds_4 | PCI-4.0: 10.5.1.12, 10.5.1.13, 3.2.1.8, 3.2.1.9, 3.3.1.1.8, 3.3.1.1.9, 3.3.1.3.8, 3.3.1.3.9, 3.3.2.8, 3.3.2.9, 3.3.3.8, 3.3.3.9 | CCC-v2025.10: CCC.AuditLog.CN06.AR01 | PCI-3.2.1: 3.1, 3.1.a, 3.2, 3.2.c, 10.7, 10.7.a | ISO27001-2022: A.8.10 | NIS2: 12.2.2.a;;;;;5.40.0;https://docs.aws.amazon.com/securityhub/latest/userguide/s3-controls.html#s3-13 | https://docs.aws.amazon.com/AmazonS3/latest/userguide/object-lifecycle-mgmt.html | https://docs.aws.amazon.com/AmazonS3/latest/userguide/how-to-set-lifecycle-configuration-intro.html | https://www.trendmicro.com/trendaivisiononecloudriskmanagement/knowledge-base/aws/S3/lifecycle-configuration.html;;
profile: None;2026-09-01 14:23:41.589109;128529977749;;;;;;prowler-aws-s3_bucket_no_mfa_delete-128529977749-eu-north-1-ce-capstone-artifacts-20260901081024819300000002;aws;s3_bucket_no_mfa_delete;S3 bucket has MFA Delete enabled;Software and Configuration Checks/AWS Security Best Practices | Software and Configuration Checks/Industry and Regulatory Standards/AWS Foundational Security Best Practices | Software and Configuration Checks/Industry and Regulatory Standards/CIS AWS Foundations Benchmark | Effects/Data Destruction;FAIL;S3 Bucket ce-capstone-artifacts-20260901081024819300000002 has MFA Delete disabled.;False;s3;;medium;AwsS3Bucket;arn:aws:s3:::ce-capstone-artifacts-20260901081024819300000002;ce-capstone-artifacts-20260901081024819300000002;;Project=ce-capstone | Environment=prod | Owner=OWNER | ManagedBy=terraform;aws;eu-north-1;**Amazon S3 buckets** are assessed for **MFA Delete** status. MFA Delete requires a second factor to permanently delete object versions or change `Versioning` configuration. The finding highlights buckets where this protection is not enabled.;"Without **MFA Delete**, a compromised or over-privileged identity can irrevocably purge object history or change versioning.

This erases recovery points, degrading data **availability**, weakening **integrity**, and increasing the blast radius of account compromise or ransomware.";;Enable **MFA Delete** on sensitive, versioned buckets so permanent deletions and `Versioning` changes require a second factor. Apply **least privilege** to restrict version purge actions, enforce **change control**, and combine with **Object Lock** or immutable backups for defense in depth.;https://hub.prowler.com/check/s3_bucket_no_mfa_delete;;;"aws s3api put-bucket-versioning --bucket <BUCKET_NAME> --versioning-configuration Status=Enabled,MFADelete=Enabled --mfa ""<MFA_SERIAL_OR_ARN> <MFA_CODE>""";"1. Sign in to the AWS Management Console as the root user
2. Open the account menu > Security credentials > Multi-factor authentication (MFA) and assign an MFA device; copy its ARN/serial
3. From a machine configured to use the root user credentials, run:

```bash
aws s3api put-bucket-versioning --bucket <BUCKET_NAME> --versioning-configuration Status=Enabled,MFADelete=Enabled --mfa ""<MFA_SERIAL_OR_ARN> <MFA_CODE>""
```";CIS-7.0: 3.1.2 | CIS-1.4: 2.1.3 | CIS-1.5: 2.1.3 | MITRE-ATTACK: T1485 | AWS-Foundational-Security-Best-Practices: S3.20 | KISA-ISMS-P-2023: 2.5.3, 2.10.2 | C5-2025: AM-07.02B, OPS-16.01B, IAM-04.06B, IAM-09.02B, IAM-09.01AC, PSS-05.01B, PSS-07.02B | CIS-2.0: 2.1.2 | KISA-ISMS-P-2023-korean: 2.5.3, 2.10.2 | AWS-Well-Architected-Framework-Security-Pillar: SEC05-BP02 | CIS-5.0: 2.1.2 | PCI-4.0: 10.3.2.22, 3.5.1.3.27, 8.4.1.5, 8.4.2.5, 8.4.3.5, A1.1.2.18, A3.4.1.20 | CIS-3.0: 2.1.2 | CIS-6.0: 3.1.2 | CCC-v2025.10: CCC.ObjStor.CN07.AR01, CCC.ObjStor.CN07.AR02, CCC.ObjStor.CN07.AR03 | ProwlerThreatScore-1.0: 2.2.1 | CIS-4.0.1: 2.1.2 | NIS2: 11.7.2;identity-access;;;;5.40.0;https://docs.aws.amazon.com/AmazonS3/latest/userguide/MultiFactorAuthenticationDelete.html | https://docs.aws.amazon.com/AmazonS3/latest/userguide/UsingMFADelete.html;;
profile: None;2026-09-01 14:23:41.589109;128529977749;;;;;;prowler-aws-s3_bucket_no_mfa_delete-128529977749-eu-north-1-ce-capstone-config-128529977749;aws;s3_bucket_no_mfa_delete;S3 bucket has MFA Delete enabled;Software and Configuration Checks/AWS Security Best Practices | Software and Configuration Checks/Industry and Regulatory Standards/AWS Foundational Security Best Practices | Software and Configuration Checks/Industry and Regulatory Standards/CIS AWS Foundations Benchmark | Effects/Data Destruction;FAIL;S3 Bucket ce-capstone-config-128529977749 has MFA Delete disabled.;False;s3;;medium;AwsS3Bucket;arn:aws:s3:::ce-capstone-config-128529977749;ce-capstone-config-128529977749;;Project=ce-capstone | Environment=prod | Owner=OWNER | ManagedBy=terraform;aws;eu-north-1;**Amazon S3 buckets** are assessed for **MFA Delete** status. MFA Delete requires a second factor to permanently delete object versions or change `Versioning` configuration. The finding highlights buckets where this protection is not enabled.;"Without **MFA Delete**, a compromised or over-privileged identity can irrevocably purge object history or change versioning.

This erases recovery points, degrading data **availability**, weakening **integrity**, and increasing the blast radius of account compromise or ransomware.";;Enable **MFA Delete** on sensitive, versioned buckets so permanent deletions and `Versioning` changes require a second factor. Apply **least privilege** to restrict version purge actions, enforce **change control**, and combine with **Object Lock** or immutable backups for defense in depth.;https://hub.prowler.com/check/s3_bucket_no_mfa_delete;;;"aws s3api put-bucket-versioning --bucket <BUCKET_NAME> --versioning-configuration Status=Enabled,MFADelete=Enabled --mfa ""<MFA_SERIAL_OR_ARN> <MFA_CODE>""";"1. Sign in to the AWS Management Console as the root user
2. Open the account menu > Security credentials > Multi-factor authentication (MFA) and assign an MFA device; copy its ARN/serial
3. From a machine configured to use the root user credentials, run:

```bash
aws s3api put-bucket-versioning --bucket <BUCKET_NAME> --versioning-configuration Status=Enabled,MFADelete=Enabled --mfa ""<MFA_SERIAL_OR_ARN> <MFA_CODE>""
```";CIS-7.0: 3.1.2 | CIS-1.4: 2.1.3 | CIS-1.5: 2.1.3 | MITRE-ATTACK: T1485 | AWS-Foundational-Security-Best-Practices: S3.20 | KISA-ISMS-P-2023: 2.5.3, 2.10.2 | C5-2025: AM-07.02B, OPS-16.01B, IAM-04.06B, IAM-09.02B, IAM-09.01AC, PSS-05.01B, PSS-07.02B | CIS-2.0: 2.1.2 | KISA-ISMS-P-2023-korean: 2.5.3, 2.10.2 | AWS-Well-Architected-Framework-Security-Pillar: SEC05-BP02 | CIS-5.0: 2.1.2 | PCI-4.0: 10.3.2.22, 3.5.1.3.27, 8.4.1.5, 8.4.2.5, 8.4.3.5, A1.1.2.18, A3.4.1.20 | CIS-3.0: 2.1.2 | CIS-6.0: 3.1.2 | CCC-v2025.10: CCC.ObjStor.CN07.AR01, CCC.ObjStor.CN07.AR02, CCC.ObjStor.CN07.AR03 | ProwlerThreatScore-1.0: 2.2.1 | CIS-4.0.1: 2.1.2 | NIS2: 11.7.2;identity-access;;;;5.40.0;https://docs.aws.amazon.com/AmazonS3/latest/userguide/MultiFactorAuthenticationDelete.html | https://docs.aws.amazon.com/AmazonS3/latest/userguide/UsingMFADelete.html;;
profile: None;2026-09-01 14:23:41.589109;128529977749;;;;;;prowler-aws-s3_bucket_object_lock-128529977749-eu-north-1-ce-capstone-artifacts-20260901081024819300000002;aws;s3_bucket_object_lock;S3 bucket has Object Lock enabled;Software and Configuration Checks/AWS Security Best Practices | Effects/Data Destruction;FAIL;S3 Bucket ce-capstone-artifacts-20260901081024819300000002 has Object Lock disabled.;False;s3;;low;AwsS3Bucket;arn:aws:s3:::ce-capstone-artifacts-20260901081024819300000002;ce-capstone-artifacts-20260901081024819300000002;;Project=ce-capstone | Environment=prod | Owner=OWNER | ManagedBy=terraform;aws;eu-north-1;**Amazon S3 buckets** have **Object Lock** enabled at the bucket level, applying WORM controls to object versions;"Without **Object Lock**, object versions can be deleted or overwritten, undermining data **integrity** and **availability**.

Threats include ransomware erasing backups, insider or mistaken deletions, and tampering that defeats recovery. Inability to enforce retention or legal holds increases exposure to data loss and compliance gaps.";;"Enable **Object Lock** for critical data and set appropriate default retention in `GOVERNANCE` or `COMPLIANCE` mode.

Apply **immutability** and **least privilege** by restricting permissions that bypass retention, and use legal holds when you need indefinite protection for investigations or regulatory requirements.";https://hub.prowler.com/check/s3_bucket_object_lock;"```yaml
Resources:
  <example_resource_name>:
    Type: AWS::S3::Bucket
    Properties:
      ObjectLockEnabled: true  # CRITICAL: Enables Object Lock on the bucket at creation
      ObjectLockConfiguration:
        ObjectLockEnabled: Enabled  # CRITICAL: Turns on Object Lock configuration
        Rule:
          DefaultRetention:
            Mode: GOVERNANCE  # CRITICAL: Sets default retention mode
            Days: 1           # CRITICAL: Minimal retention to enable default lock
```";"```hcl
resource ""aws_s3_bucket_object_lock_configuration"" ""<example_resource_name>"" {
  bucket               = ""<example_resource_name>""
  object_lock_enabled  = ""Enabled""  # CRITICAL: Enables Object Lock configuration on the bucket
  rule {
    default_retention {
      mode = ""GOVERNANCE""  # CRITICAL: Default retention mode
      days = 1              # CRITICAL: Minimal retention period
    }
  }
}
```";"aws s3api put-object-lock-configuration --bucket <BUCKET_NAME> --object-lock-configuration '{""ObjectLockEnabled"":""Enabled"",""Rule"":{""DefaultRetention"":{""Mode"":""GOVERNANCE"",""Days"":1}}}'";"1. Open the AWS S3 console and select the target bucket
2. Go to the Properties tab
3. Find Object Lock and click Edit
4. Enable Object Lock
5. Set Default retention: Mode = Governance, Days = 1
6. Click Save changes

Note: If the bucket was not created with Object Lock, create a new bucket with Object Lock enabled and migrate objects.";SOC2: pi_1_5 | MITRE-ATTACK: T1485, T1486 | AWS-Foundational-Security-Best-Practices: S3.15 | KISA-ISMS-P-2023: 2.9.3, 2.12.1 | KISA-ISMS-P-2023-korean: 2.9.3, 2.12.1 | PCI-4.0: 10.3.4.7 | AWS-Foundational-Technical-Review: S3-001 | CCC-v2025.10: CCC.AuditLog.CN08.AR01, CCC.Logging.CN03.AR01, CCC.ObjStor.CN03.AR01, CCC.ObjStor.CN03.AR02, CCC.ObjStor.CN04.AR01, CCC.ObjStor.CN04.AR02;resilience;;;;5.40.0;https://docs.aws.amazon.com/AmazonS3/latest/userguide/object-lock-overview.html | https://aws.amazon.com/about-aws/whats-new/2018/11/s3-object-lock/ | https://www.trendmicro.com/trendaivisiononecloudriskmanagement/knowledge-base/aws/S3/object-lock.html | https://docs.aws.amazon.com/de_de/cli/latest/reference/s3api/put-object-lock-configuration.html;;
profile: None;2026-09-01 14:23:41.589109;128529977749;;;;;;prowler-aws-s3_bucket_object_lock-128529977749-eu-north-1-ce-capstone-config-128529977749;aws;s3_bucket_object_lock;S3 bucket has Object Lock enabled;Software and Configuration Checks/AWS Security Best Practices | Effects/Data Destruction;FAIL;S3 Bucket ce-capstone-config-128529977749 has Object Lock disabled.;False;s3;;low;AwsS3Bucket;arn:aws:s3:::ce-capstone-config-128529977749;ce-capstone-config-128529977749;;Project=ce-capstone | Environment=prod | Owner=OWNER | ManagedBy=terraform;aws;eu-north-1;**Amazon S3 buckets** have **Object Lock** enabled at the bucket level, applying WORM controls to object versions;"Without **Object Lock**, object versions can be deleted or overwritten, undermining data **integrity** and **availability**.

Threats include ransomware erasing backups, insider or mistaken deletions, and tampering that defeats recovery. Inability to enforce retention or legal holds increases exposure to data loss and compliance gaps.";;"Enable **Object Lock** for critical data and set appropriate default retention in `GOVERNANCE` or `COMPLIANCE` mode.

Apply **immutability** and **least privilege** by restricting permissions that bypass retention, and use legal holds when you need indefinite protection for investigations or regulatory requirements.";https://hub.prowler.com/check/s3_bucket_object_lock;"```yaml
Resources:
  <example_resource_name>:
    Type: AWS::S3::Bucket
    Properties:
      ObjectLockEnabled: true  # CRITICAL: Enables Object Lock on the bucket at creation
      ObjectLockConfiguration:
        ObjectLockEnabled: Enabled  # CRITICAL: Turns on Object Lock configuration
        Rule:
          DefaultRetention:
            Mode: GOVERNANCE  # CRITICAL: Sets default retention mode
            Days: 1           # CRITICAL: Minimal retention to enable default lock
```";"```hcl
resource ""aws_s3_bucket_object_lock_configuration"" ""<example_resource_name>"" {
  bucket               = ""<example_resource_name>""
  object_lock_enabled  = ""Enabled""  # CRITICAL: Enables Object Lock configuration on the bucket
  rule {
    default_retention {
      mode = ""GOVERNANCE""  # CRITICAL: Default retention mode
      days = 1              # CRITICAL: Minimal retention period
    }
  }
}
```";"aws s3api put-object-lock-configuration --bucket <BUCKET_NAME> --object-lock-configuration '{""ObjectLockEnabled"":""Enabled"",""Rule"":{""DefaultRetention"":{""Mode"":""GOVERNANCE"",""Days"":1}}}'";"1. Open the AWS S3 console and select the target bucket
2. Go to the Properties tab
3. Find Object Lock and click Edit
4. Enable Object Lock
5. Set Default retention: Mode = Governance, Days = 1
6. Click Save changes

Note: If the bucket was not created with Object Lock, create a new bucket with Object Lock enabled and migrate objects.";SOC2: pi_1_5 | MITRE-ATTACK: T1485, T1486 | AWS-Foundational-Security-Best-Practices: S3.15 | KISA-ISMS-P-2023: 2.9.3, 2.12.1 | KISA-ISMS-P-2023-korean: 2.9.3, 2.12.1 | PCI-4.0: 10.3.4.7 | AWS-Foundational-Technical-Review: S3-001 | CCC-v2025.10: CCC.AuditLog.CN08.AR01, CCC.Logging.CN03.AR01, CCC.ObjStor.CN03.AR01, CCC.ObjStor.CN03.AR02, CCC.ObjStor.CN04.AR01, CCC.ObjStor.CN04.AR02;resilience;;;;5.40.0;https://docs.aws.amazon.com/AmazonS3/latest/userguide/object-lock-overview.html | https://aws.amazon.com/about-aws/whats-new/2018/11/s3-object-lock/ | https://www.trendmicro.com/trendaivisiononecloudriskmanagement/knowledge-base/aws/S3/object-lock.html | https://docs.aws.amazon.com/de_de/cli/latest/reference/s3api/put-object-lock-configuration.html;;
profile: None;2026-09-01 14:23:41.589109;128529977749;;;;;;prowler-aws-s3_bucket_object_versioning-128529977749-eu-north-1-ce-capstone-artifacts-20260901081024819300000002;aws;s3_bucket_object_versioning;S3 bucket has object versioning enabled;Software and Configuration Checks/AWS Security Best Practices | Software and Configuration Checks/Industry and Regulatory Standards/AWS Foundational Security Best Practices | Software and Configuration Checks/Industry and Regulatory Standards/CIS AWS Foundations Benchmark | Effects/Data Destruction;FAIL;S3 Bucket ce-capstone-artifacts-20260901081024819300000002 has versioning disabled.;False;s3;;medium;AwsS3Bucket;arn:aws:s3:::ce-capstone-artifacts-20260901081024819300000002;ce-capstone-artifacts-20260901081024819300000002;;Project=ce-capstone | Environment=prod | Owner=OWNER | ManagedBy=terraform;aws;eu-north-1;**Amazon S3 buckets** are evaluated for **object versioning** being `Enabled`, which maintains multiple versions of the same object key for historical state retention;"Without **versioning**, deletions and overwrites remove the only copy, undermining **availability** and **integrity**.
- Compromised identities or buggy apps can mass-delete/corrupt data
- No historical versions means limited rollback and irrecoverable loss";;"Enable **S3 versioning** for buckets holding important or shared data.
- Enforce **least privilege** to limit delete/overwrite
- Use **Object Lock** and/or **MFA Delete** for stronger protection
- Apply **lifecycle rules** to manage noncurrent versions and costs
- Layer with backups/replication for **defense in depth**";https://hub.prowler.com/check/s3_bucket_object_versioning;"```yaml
# CloudFormation: enable versioning on an S3 bucket
Resources:
  <example_resource_name>:
    Type: AWS::S3::Bucket
    Properties:
      VersioningConfiguration:
        Status: Enabled  # Critical: turns on object versioning to pass the check
```";"```hcl
# Enable versioning on an existing S3 bucket
resource ""aws_s3_bucket_versioning"" ""<example_resource_name>"" {
  bucket = ""<example_resource_name>""
  versioning_configuration {
    status = ""Enabled""  # Critical: enables bucket versioning to remediate the finding
  }
}
```";aws s3api put-bucket-versioning --bucket <BUCKET_NAME> --versioning-configuration Status=Enabled;"1. In the AWS Console, go to S3 > Buckets and select the target bucket
2. Open the Properties tab
3. Find Bucket Versioning and click Edit
4. Select Enable and click Save changes";CISA: your-systems-3, your-data-4, booting-up-thing-to-do-first-1 | SOC2: cc_7_4, cc_a_1_1, cc_c_1_2, pi_1_5 | MITRE-ATTACK: T1485, T1486 | AWS-Foundational-Security-Best-Practices: S3.14 | KISA-ISMS-P-2023: 2.9.3, 2.12.1 | C5-2025: OPS-13.01AC, OPS-33.02B, DEV-07.01B | HIPAA: 164_308_a_1_ii_b, 164_308_a_7_i, 164_308_a_7_ii_a, 164_308_a_7_ii_b, 164_308_a_7_ii_c, 164_312_a_2_ii, 164_312_c_1, 164_312_c_2 | KISA-ISMS-P-2023-korean: 2.9.3, 2.12.1 | GxP-21-CFR-Part-11: 11.10-a, 11.10-c | AWS-Well-Architected-Framework-Security-Pillar: SEC08-BP04 | GxP-EU-Annex-11: 5-data, 7.1-data-storage-damage-protection, 7.2-data-storage-backups, 16-business-continuity, 17-archiving, 4.8-validation-data-transfer | NIST-800-171-Revision-2: 3_3_8 | ASD-Essential-Eight-Nov 2023: E8-8.2 | PCI-4.0: 10.3.4.9 | NIST-800-53-Revision-4: cp_10, si_12 | NIST-800-53-Revision-5: au_9_2, cp_1_2, cp_2_5, cp_6_a, cp_6_1, cp_6_2, cp_9_a, cp_9_b, cp_9_c, cp_10, cp_10_2, pm_11_b, pm_17_b, sc_5_2, sc_16_1, si_1_a_2, si_13_5 | NIST-CSF-1.1: be_5, ds_4, ip_4, ip_9, pt_5, rp_1, rp_1 | AWS-Audit-Manager-Control-Tower-Guardrails: 5.1.1 | CCC-v2025.10: CCC.ObjStor.CN03.AR01, CCC.ObjStor.CN05.AR01, CCC.ObjStor.CN05.AR02, CCC.ObjStor.CN05.AR03, CCC.ObjStor.CN05.AR04 | SecNumCloud-3.2: 12.5, 17.6 | RBI-Cyber-Security-Framework: annex_i_12 | FFIEC: d5-ir-pl-b-6 | PCI-3.2.1: 3.1, 3.1.c, 10.5, 10.5.2, 10.5.3, 10.5.5 | ISO27001-2022: A.8.3, A.8.10 | AWS-AI-Security-Framework-1.0: AISF-DATA-04 | FedRamp-Moderate-Revision-4: au-9-2, cp-9-b, cp-10, sc-5, si-12 | FedRAMP-Low-Revision-4: au-9, cp-9, cp-10, sc-5;resilience;;;;5.40.0;https://docs.aws.amazon.com/AmazonS3/latest/dev-retired/Versioning.html;;
profile: None;2026-09-01 14:23:41.589109;128529977749;;;;;;prowler-aws-s3_bucket_object_versioning-128529977749-eu-north-1-ce-capstone-config-128529977749;aws;s3_bucket_object_versioning;S3 bucket has object versioning enabled;Software and Configuration Checks/AWS Security Best Practices | Software and Configuration Checks/Industry and Regulatory Standards/AWS Foundational Security Best Practices | Software and Configuration Checks/Industry and Regulatory Standards/CIS AWS Foundations Benchmark | Effects/Data Destruction;FAIL;S3 Bucket ce-capstone-config-128529977749 has versioning disabled.;False;s3;;medium;AwsS3Bucket;arn:aws:s3:::ce-capstone-config-128529977749;ce-capstone-config-128529977749;;Project=ce-capstone | Environment=prod | Owner=OWNER | ManagedBy=terraform;aws;eu-north-1;**Amazon S3 buckets** are evaluated for **object versioning** being `Enabled`, which maintains multiple versions of the same object key for historical state retention;"Without **versioning**, deletions and overwrites remove the only copy, undermining **availability** and **integrity**.
- Compromised identities or buggy apps can mass-delete/corrupt data
- No historical versions means limited rollback and irrecoverable loss";;"Enable **S3 versioning** for buckets holding important or shared data.
- Enforce **least privilege** to limit delete/overwrite
- Use **Object Lock** and/or **MFA Delete** for stronger protection
- Apply **lifecycle rules** to manage noncurrent versions and costs
- Layer with backups/replication for **defense in depth**";https://hub.prowler.com/check/s3_bucket_object_versioning;"```yaml
# CloudFormation: enable versioning on an S3 bucket
Resources:
  <example_resource_name>:
    Type: AWS::S3::Bucket
    Properties:
      VersioningConfiguration:
        Status: Enabled  # Critical: turns on object versioning to pass the check
```";"```hcl
# Enable versioning on an existing S3 bucket
resource ""aws_s3_bucket_versioning"" ""<example_resource_name>"" {
  bucket = ""<example_resource_name>""
  versioning_configuration {
    status = ""Enabled""  # Critical: enables bucket versioning to remediate the finding
  }
}
```";aws s3api put-bucket-versioning --bucket <BUCKET_NAME> --versioning-configuration Status=Enabled;"1. In the AWS Console, go to S3 > Buckets and select the target bucket
2. Open the Properties tab
3. Find Bucket Versioning and click Edit
4. Select Enable and click Save changes";CISA: your-systems-3, your-data-4, booting-up-thing-to-do-first-1 | SOC2: cc_7_4, cc_a_1_1, cc_c_1_2, pi_1_5 | MITRE-ATTACK: T1485, T1486 | AWS-Foundational-Security-Best-Practices: S3.14 | KISA-ISMS-P-2023: 2.9.3, 2.12.1 | C5-2025: OPS-13.01AC, OPS-33.02B, DEV-07.01B | HIPAA: 164_308_a_1_ii_b, 164_308_a_7_i, 164_308_a_7_ii_a, 164_308_a_7_ii_b, 164_308_a_7_ii_c, 164_312_a_2_ii, 164_312_c_1, 164_312_c_2 | KISA-ISMS-P-2023-korean: 2.9.3, 2.12.1 | GxP-21-CFR-Part-11: 11.10-a, 11.10-c | AWS-Well-Architected-Framework-Security-Pillar: SEC08-BP04 | GxP-EU-Annex-11: 5-data, 7.1-data-storage-damage-protection, 7.2-data-storage-backups, 16-business-continuity, 17-archiving, 4.8-validation-data-transfer | NIST-800-171-Revision-2: 3_3_8 | ASD-Essential-Eight-Nov 2023: E8-8.2 | PCI-4.0: 10.3.4.9 | NIST-800-53-Revision-4: cp_10, si_12 | NIST-800-53-Revision-5: au_9_2, cp_1_2, cp_2_5, cp_6_a, cp_6_1, cp_6_2, cp_9_a, cp_9_b, cp_9_c, cp_10, cp_10_2, pm_11_b, pm_17_b, sc_5_2, sc_16_1, si_1_a_2, si_13_5 | NIST-CSF-1.1: be_5, ds_4, ip_4, ip_9, pt_5, rp_1, rp_1 | AWS-Audit-Manager-Control-Tower-Guardrails: 5.1.1 | CCC-v2025.10: CCC.ObjStor.CN03.AR01, CCC.ObjStor.CN05.AR01, CCC.ObjStor.CN05.AR02, CCC.ObjStor.CN05.AR03, CCC.ObjStor.CN05.AR04 | SecNumCloud-3.2: 12.5, 17.6 | RBI-Cyber-Security-Framework: annex_i_12 | FFIEC: d5-ir-pl-b-6 | PCI-3.2.1: 3.1, 3.1.c, 10.5, 10.5.2, 10.5.3, 10.5.5 | ISO27001-2022: A.8.3, A.8.10 | AWS-AI-Security-Framework-1.0: AISF-DATA-04 | FedRamp-Moderate-Revision-4: au-9-2, cp-9-b, cp-10, sc-5, si-12 | FedRAMP-Low-Revision-4: au-9, cp-9, cp-10, sc-5;resilience;;;;5.40.0;https://docs.aws.amazon.com/AmazonS3/latest/dev-retired/Versioning.html;;
profile: None;2026-09-01 14:23:41.589109;128529977749;;;;;;prowler-aws-s3_bucket_policy_public_write_access-128529977749-eu-north-1-ce-capstone-artifacts-20260901081024819300000002;aws;s3_bucket_policy_public_write_access;S3 bucket policy does not allow public write access;Software and Configuration Checks/AWS Security Best Practices | Software and Configuration Checks/Industry and Regulatory Standards/AWS Foundational Security Best Practices | Software and Configuration Checks/Industry and Regulatory Standards/CIS AWS Foundations Benchmark | Effects/Data Destruction | TTPs/Initial Access;PASS;S3 Bucket ce-capstone-artifacts-20260901081024819300000002 does not have a bucket policy.;False;s3;;critical;AwsS3Bucket;arn:aws:s3:::ce-capstone-artifacts-20260901081024819300000002;ce-capstone-artifacts-20260901081024819300000002;;Project=ce-capstone | Environment=prod | Owner=OWNER | ManagedBy=terraform;aws;eu-north-1;**Amazon S3 bucket policies** are evaluated for **public write permissions** (e.g., `s3:PutObject`, `s3:Delete*`, or `s3:*`). Account or bucket **Public Access Block** that restricts public buckets is considered when determining exposure.;Public write access lets anyone upload, overwrite, or delete objects, undermining **integrity** and **availability**. Attackers can plant malware, stage phishing content, poison data, or wipe buckets, causing outages and potential legal and cost impacts from storage abuse and content hosting.;;"Restrict writes to trusted principals using **least privilege**; avoid `Principal: ""*""`. Enable **Public Access Block** at account and bucket levels for defense in depth. Prefer IAM roles over broad bucket policies, require private access paths, and enable versioning to recover from unwanted changes.";https://hub.prowler.com/check/s3_bucket_policy_public_write_access;"```yaml
# CloudFormation: Enable bucket-level Public Access Block to prevent public policies from granting write
Resources:
  <example_resource_name>:
    Type: AWS::S3::Bucket
    Properties:
      PublicAccessBlockConfiguration:
        RestrictPublicBuckets: true  # Critical: blocks public access granted by any public bucket policy
```";"```hcl
# Enable bucket-level Public Access Block so public bucket policies (including write) are blocked
resource ""aws_s3_bucket_public_access_block"" ""<example_resource_name>"" {
  bucket                   = ""<example_resource_id>""
  restrict_public_buckets  = true  # Critical: prevents public access granted via bucket policies
}
```";aws s3api put-public-access-block --bucket <BUCKET_NAME> --public-access-block-configuration RestrictPublicBuckets=true;"1. Open the AWS S3 console and select the target bucket
2. Go to the Permissions tab
3. Under Block public access (bucket settings), click Edit
4. Enable ""Block public and cross-account access to buckets and objects through any public bucket or access point policies""
5. Click Save changes";CISA: your-systems-3, your-data-2 | CIS-7.0: 2.21 | MITRE-ATTACK: T1485, T1486 | AWS-Foundational-Security-Best-Practices: S3.3 | KISA-ISMS-P-2023: 2.5.6, 2.6.2, 2.10.2 | C5-2025: PS-03.02B, IAM-10.01B | HIPAA: 164_308_a_1_ii_b, 164_308_a_3_i, 164_312_a_1 | KISA-ISMS-P-2023-korean: 2.5.6, 2.6.2, 2.10.2 | GxP-21-CFR-Part-11: 11.10-c, 11.10-d, 11.10-g, 11.10-k | AWS-Well-Architected-Framework-Security-Pillar: SEC03-BP07 | NIST-800-171-Revision-2: 3_1_1, 3_1_2, 3_1_3, 3_3_8, 3_4_6, 3_13_2, 3_13_5 | NIST-800-53-Revision-4: ac_3, ac_4, ac_6, ac_21, sc_7_3, sc_7 | NIST-800-53-Revision-5: ac_2_6, ac_3, ac_3_7, ac_4_21, ac_6, ac_17_b, ac_17_1, ac_17_4_a, ac_17_9, ac_17_10, cm_6_a, cm_9_b, mp_2, sc_7_2, sc_7_3, sc_7_7, sc_7_9_a, sc_7_11, sc_7_12, sc_7_16, sc_7_20, sc_7_21, sc_7_24_b, sc_7_25, sc_7_26, sc_7_27, sc_7_28, sc_7_a, sc_7_b, sc_7_c, sc_25 | ENS-RD2022: op.acc.4.aws.iam.1, op.exp.8.r4.aws.ct.2 | AWS-Foundational-Technical-Review: S3-001 | NIST-CSF-1.1: ac_3, ac_5, ds_5, ip_8, pt_3 | AWS-Audit-Manager-Control-Tower-Guardrails: 4.1.2 | CCC-v2025.10: CCC.Core.CN05.AR05, CCC.AuditLog.CN10.AR02 | RBI-Cyber-Security-Framework: annex_i_1_3 | FFIEC: d3-pc-im-b-1 | PCI-3.2.1: 1.2, 1.2.1, 1.2.1.a, 1.2.1.b, 1.2.1.c, 1.3, 1.3.1, 1.3.2, 1.3.4, 1.3.6, 7.2, 7.2.1 | ProwlerThreatScore-1.0: 2.2.15 | ISO27001-2022: A.8.1 | AWS-AI-Security-Framework-1.0: AISF-DATA-04 | FedRamp-Moderate-Revision-4: ac-3, ac-4, ac-6, ac-17-1, ac-21-b, cm-2, sc-4, sc-7-3, sc-7 | FedRAMP-Low-Revision-4: ac-3, ac-17, cm-2, sc-7;internet-exposed;;;;5.40.0;https://docs.aws.amazon.com/IAM/latest/UserGuide/reference_policies_examples_s3_rw-bucket.html;;
profile: None;2026-09-01 14:23:41.589109;128529977749;;;;;;prowler-aws-s3_bucket_policy_public_write_access-128529977749-eu-north-1-ce-capstone-config-128529977749;aws;s3_bucket_policy_public_write_access;S3 bucket policy does not allow public write access;Software and Configuration Checks/AWS Security Best Practices | Software and Configuration Checks/Industry and Regulatory Standards/AWS Foundational Security Best Practices | Software and Configuration Checks/Industry and Regulatory Standards/CIS AWS Foundations Benchmark | Effects/Data Destruction | TTPs/Initial Access;PASS;S3 public access blocked at bucket level for ce-capstone-config-128529977749.;False;s3;;critical;AwsS3Bucket;arn:aws:s3:::ce-capstone-config-128529977749;ce-capstone-config-128529977749;;Project=ce-capstone | Environment=prod | Owner=OWNER | ManagedBy=terraform;aws;eu-north-1;**Amazon S3 bucket policies** are evaluated for **public write permissions** (e.g., `s3:PutObject`, `s3:Delete*`, or `s3:*`). Account or bucket **Public Access Block** that restricts public buckets is considered when determining exposure.;Public write access lets anyone upload, overwrite, or delete objects, undermining **integrity** and **availability**. Attackers can plant malware, stage phishing content, poison data, or wipe buckets, causing outages and potential legal and cost impacts from storage abuse and content hosting.;;"Restrict writes to trusted principals using **least privilege**; avoid `Principal: ""*""`. Enable **Public Access Block** at account and bucket levels for defense in depth. Prefer IAM roles over broad bucket policies, require private access paths, and enable versioning to recover from unwanted changes.";https://hub.prowler.com/check/s3_bucket_policy_public_write_access;"```yaml
# CloudFormation: Enable bucket-level Public Access Block to prevent public policies from granting write
Resources:
  <example_resource_name>:
    Type: AWS::S3::Bucket
    Properties:
      PublicAccessBlockConfiguration:
        RestrictPublicBuckets: true  # Critical: blocks public access granted by any public bucket policy
```";"```hcl
# Enable bucket-level Public Access Block so public bucket policies (including write) are blocked
resource ""aws_s3_bucket_public_access_block"" ""<example_resource_name>"" {
  bucket                   = ""<example_resource_id>""
  restrict_public_buckets  = true  # Critical: prevents public access granted via bucket policies
}
```";aws s3api put-public-access-block --bucket <BUCKET_NAME> --public-access-block-configuration RestrictPublicBuckets=true;"1. Open the AWS S3 console and select the target bucket
2. Go to the Permissions tab
3. Under Block public access (bucket settings), click Edit
4. Enable ""Block public and cross-account access to buckets and objects through any public bucket or access point policies""
5. Click Save changes";CISA: your-systems-3, your-data-2 | CIS-7.0: 2.21 | MITRE-ATTACK: T1485, T1486 | AWS-Foundational-Security-Best-Practices: S3.3 | KISA-ISMS-P-2023: 2.5.6, 2.6.2, 2.10.2 | C5-2025: PS-03.02B, IAM-10.01B | HIPAA: 164_308_a_1_ii_b, 164_308_a_3_i, 164_312_a_1 | KISA-ISMS-P-2023-korean: 2.5.6, 2.6.2, 2.10.2 | GxP-21-CFR-Part-11: 11.10-c, 11.10-d, 11.10-g, 11.10-k | AWS-Well-Architected-Framework-Security-Pillar: SEC03-BP07 | NIST-800-171-Revision-2: 3_1_1, 3_1_2, 3_1_3, 3_3_8, 3_4_6, 3_13_2, 3_13_5 | NIST-800-53-Revision-4: ac_3, ac_4, ac_6, ac_21, sc_7_3, sc_7 | NIST-800-53-Revision-5: ac_2_6, ac_3, ac_3_7, ac_4_21, ac_6, ac_17_b, ac_17_1, ac_17_4_a, ac_17_9, ac_17_10, cm_6_a, cm_9_b, mp_2, sc_7_2, sc_7_3, sc_7_7, sc_7_9_a, sc_7_11, sc_7_12, sc_7_16, sc_7_20, sc_7_21, sc_7_24_b, sc_7_25, sc_7_26, sc_7_27, sc_7_28, sc_7_a, sc_7_b, sc_7_c, sc_25 | ENS-RD2022: op.acc.4.aws.iam.1, op.exp.8.r4.aws.ct.2 | AWS-Foundational-Technical-Review: S3-001 | NIST-CSF-1.1: ac_3, ac_5, ds_5, ip_8, pt_3 | AWS-Audit-Manager-Control-Tower-Guardrails: 4.1.2 | CCC-v2025.10: CCC.Core.CN05.AR05, CCC.AuditLog.CN10.AR02 | RBI-Cyber-Security-Framework: annex_i_1_3 | FFIEC: d3-pc-im-b-1 | PCI-3.2.1: 1.2, 1.2.1, 1.2.1.a, 1.2.1.b, 1.2.1.c, 1.3, 1.3.1, 1.3.2, 1.3.4, 1.3.6, 7.2, 7.2.1 | ProwlerThreatScore-1.0: 2.2.15 | ISO27001-2022: A.8.1 | AWS-AI-Security-Framework-1.0: AISF-DATA-04 | FedRamp-Moderate-Revision-4: ac-3, ac-4, ac-6, ac-17-1, ac-21-b, cm-2, sc-4, sc-7-3, sc-7 | FedRAMP-Low-Revision-4: ac-3, ac-17, cm-2, sc-7;internet-exposed;;;;5.40.0;https://docs.aws.amazon.com/IAM/latest/UserGuide/reference_policies_examples_s3_rw-bucket.html;;
profile: None;2026-09-01 14:23:41.589109;128529977749;;;;;;prowler-aws-s3_bucket_public_access-128529977749-eu-north-1-ce-capstone-artifacts-20260901081024819300000002;aws;s3_bucket_public_access;S3 bucket is not publicly accessible to Everyone or Authenticated Users;Software and Configuration Checks/AWS Security Best Practices/Network Reachability | Software and Configuration Checks/Industry and Regulatory Standards/AWS Foundational Security Best Practices | Software and Configuration Checks/Industry and Regulatory Standards/CIS AWS Foundations Benchmark | Effects/Data Exposure;PASS;S3 Bucket ce-capstone-artifacts-20260901081024819300000002 is not public.;False;s3;;critical;AwsS3Bucket;arn:aws:s3:::ce-capstone-artifacts-20260901081024819300000002;ce-capstone-artifacts-20260901081024819300000002;;Project=ce-capstone | Environment=prod | Owner=OWNER | ManagedBy=terraform;aws;eu-north-1;**Amazon S3 buckets** are evaluated for **public access** via ACLs and bucket policies. The check identifies account or bucket `PublicAccessBlock` protections (`IgnorePublicAcls`, `RestrictPublicBuckets`) and flags buckets granting group access to `AllUsers` or `AuthenticatedUsers`, or with a public bucket policy.;Publicly accessible buckets jeopardize **confidentiality** through unauthenticated reads, **integrity** through write or ACL changes, and **availability** via object deletion or overwrite. Attackers can mass-exfiltrate data, host malware, or pivot after discovering secrets stored in objects.;;"Enforce defense in depth: enable **S3 Block Public Access** at org/account and bucket levels (`BlockPublicAcls`, `IgnorePublicAcls`, `BlockPublicPolicy`, `RestrictPublicBuckets`). Apply **least privilege** with explicit principals; avoid ACLs via Object Ownership. Use private access patterns (e.g., CloudFront OAC or presigned URLs) and monitor with analyzers.";https://hub.prowler.com/check/s3_bucket_public_access;"```yaml
# CloudFormation: Enable minimal S3 Block Public Access on the bucket
Resources:
  ExampleBucket:
    Type: AWS::S3::Bucket
    Properties:
      PublicAccessBlockConfiguration:
        IgnorePublicAcls: true        # Critical: ignores any public ACL grants (AllUsers/AuthenticatedUsers)
        RestrictPublicBuckets: true   # Critical: restricts buckets with public policies to same-account/service principals
```";"```hcl
# Enable minimal S3 Block Public Access on the bucket
resource ""aws_s3_bucket_public_access_block"" ""example"" {
  bucket = ""<example_resource_name>""

  ignore_public_acls     = true  # Critical: ignores public ACLs
  restrict_public_buckets = true # Critical: restricts buckets with public policies
}
```";aws s3api put-public-access-block --bucket <bucket_name> --public-access-block-configuration IgnorePublicAcls=true,RestrictPublicBuckets=true;"1. In the AWS Console, go to S3 and open the bucket <example_resource_name>
2. Select the Permissions tab
3. Under Block public access (bucket settings), click Edit
4. Check only:
   - Ignore public ACLs (true)
   - Restrict public buckets (true)
5. Click Save changes and confirm";CISA: your-systems-3, your-data-2 | SOC2: cc_6_1 | MITRE-ATTACK: T1530 | KISA-ISMS-P-2023: 2.6.1, 2.6.2, 2.10.2 | C5-2025: PS-03.02B, IAM-10.01B, COS-02.01B | HIPAA: 164_308_a_1_ii_b, 164_308_a_3_i, 164_312_a_1, 164_312_a_2_i | KISA-ISMS-P-2023-korean: 2.6.1, 2.6.2, 2.10.2 | GxP-21-CFR-Part-11: 11.10-c, 11.10-d, 11.10-g, 11.10-k | AWS-Well-Architected-Framework-Security-Pillar: SEC03-BP07 | NIST-CSF-2.0: ra_1, ac_3, ds_5, ip_1 | NIST-800-171-Revision-2: 3_1_1, 3_1_2, 3_1_3, 3_3_8, 3_4_6, 3_13_2, 3_13_5 | PCI-4.0: 1.2.8.33, 1.2.8.34, 1.3.1.37, 1.3.1.38, 1.3.2.37, 1.3.2.38, 1.4.2.35, 1.4.2.36, 1.5.1.33, 1.5.1.34, 10.3.2.21, 10.3.2.23, 10.3.3.23, 10.3.4.8, 3.5.1.3.26, 3.5.1.3.28, A1.1.2.17, A1.1.2.19, A1.1.3.33, A1.1.3.34, A1.2.1.31, A3.4.1.19, A3.4.1.21 | NIST-800-53-Revision-4: ac_3, ac_4, ac_6, ac_21, sc_7_3, sc_7 | NIST-800-53-Revision-5: ac_2_6, ac_3, ac_3_7, ac_4_21, ac_6, ac_17_b, ac_17_1, ac_17_4_a, ac_17_9, ac_17_10, cm_6_a, cm_9_b, mp_2, sc_7_2, sc_7_3, sc_7_7, sc_7_9_a, sc_7_11, sc_7_12, sc_7_16, sc_7_20, sc_7_21, sc_7_24_b, sc_7_25, sc_7_26, sc_7_27, sc_7_28, sc_7_a, sc_7_b, sc_7_c, sc_25 | AWS-Account-Security-Onboarding: S3 Block Public Access | ENS-RD2022: op.exp.8.r4.aws.ct.2 | AWS-Foundational-Technical-Review: S3-001 | NIST-CSF-1.1: ac_3, ac_5, ds_5, ip_8, pt_3 | AWS-Audit-Manager-Control-Tower-Guardrails: 4.1.1 | CCC-v2025.10: CCC.Core.CN05.AR01, CCC.Core.CN05.AR04, CCC.Core.CN05.AR05, CCC.AuditLog.CN10.AR01, CCC.AuditLog.CN10.AR02, CCC.Logging.CN05.AR01, CCC.Logging.CN05.AR02 | SecNumCloud-3.2: 9.7 | RBI-Cyber-Security-Framework: annex_i_1_3 | FFIEC: d3-pc-im-b-1 | ISO27001-2022: A.8.1 | AWS-AI-Security-Framework-1.0: AISF-DATA-04 | FedRamp-Moderate-Revision-4: ac-3, ac-4, ac-6, ac-17-1, ac-21-b, cm-2, sc-4, sc-7-3, sc-7 | FedRAMP-Low-Revision-4: ac-3, ac-17, cm-2, sc-7;internet-exposed;;;;5.40.0;https://docs.aws.amazon.com/id_id/kitchensink/latest/testguide/access-control-block-public-access.html | https://docs.aws.amazon.com/AmazonS3/latest/userguide/access-control-block-public-access.html;;
profile: None;2026-09-01 14:23:41.589109;128529977749;;;;;;prowler-aws-s3_bucket_public_access-128529977749-eu-north-1-ce-capstone-config-128529977749;aws;s3_bucket_public_access;S3 bucket is not publicly accessible to Everyone or Authenticated Users;Software and Configuration Checks/AWS Security Best Practices/Network Reachability | Software and Configuration Checks/Industry and Regulatory Standards/AWS Foundational Security Best Practices | Software and Configuration Checks/Industry and Regulatory Standards/CIS AWS Foundations Benchmark | Effects/Data Exposure;PASS;S3 Bucket ce-capstone-config-128529977749 is not public.;False;s3;;critical;AwsS3Bucket;arn:aws:s3:::ce-capstone-config-128529977749;ce-capstone-config-128529977749;;Project=ce-capstone | Environment=prod | Owner=OWNER | ManagedBy=terraform;aws;eu-north-1;**Amazon S3 buckets** are evaluated for **public access** via ACLs and bucket policies. The check identifies account or bucket `PublicAccessBlock` protections (`IgnorePublicAcls`, `RestrictPublicBuckets`) and flags buckets granting group access to `AllUsers` or `AuthenticatedUsers`, or with a public bucket policy.;Publicly accessible buckets jeopardize **confidentiality** through unauthenticated reads, **integrity** through write or ACL changes, and **availability** via object deletion or overwrite. Attackers can mass-exfiltrate data, host malware, or pivot after discovering secrets stored in objects.;;"Enforce defense in depth: enable **S3 Block Public Access** at org/account and bucket levels (`BlockPublicAcls`, `IgnorePublicAcls`, `BlockPublicPolicy`, `RestrictPublicBuckets`). Apply **least privilege** with explicit principals; avoid ACLs via Object Ownership. Use private access patterns (e.g., CloudFront OAC or presigned URLs) and monitor with analyzers.";https://hub.prowler.com/check/s3_bucket_public_access;"```yaml
# CloudFormation: Enable minimal S3 Block Public Access on the bucket
Resources:
  ExampleBucket:
    Type: AWS::S3::Bucket
    Properties:
      PublicAccessBlockConfiguration:
        IgnorePublicAcls: true        # Critical: ignores any public ACL grants (AllUsers/AuthenticatedUsers)
        RestrictPublicBuckets: true   # Critical: restricts buckets with public policies to same-account/service principals
```";"```hcl
# Enable minimal S3 Block Public Access on the bucket
resource ""aws_s3_bucket_public_access_block"" ""example"" {
  bucket = ""<example_resource_name>""

  ignore_public_acls     = true  # Critical: ignores public ACLs
  restrict_public_buckets = true # Critical: restricts buckets with public policies
}
```";aws s3api put-public-access-block --bucket <bucket_name> --public-access-block-configuration IgnorePublicAcls=true,RestrictPublicBuckets=true;"1. In the AWS Console, go to S3 and open the bucket <example_resource_name>
2. Select the Permissions tab
3. Under Block public access (bucket settings), click Edit
4. Check only:
   - Ignore public ACLs (true)
   - Restrict public buckets (true)
5. Click Save changes and confirm";CISA: your-systems-3, your-data-2 | SOC2: cc_6_1 | MITRE-ATTACK: T1530 | KISA-ISMS-P-2023: 2.6.1, 2.6.2, 2.10.2 | C5-2025: PS-03.02B, IAM-10.01B, COS-02.01B | HIPAA: 164_308_a_1_ii_b, 164_308_a_3_i, 164_312_a_1, 164_312_a_2_i | KISA-ISMS-P-2023-korean: 2.6.1, 2.6.2, 2.10.2 | GxP-21-CFR-Part-11: 11.10-c, 11.10-d, 11.10-g, 11.10-k | AWS-Well-Architected-Framework-Security-Pillar: SEC03-BP07 | NIST-CSF-2.0: ra_1, ac_3, ds_5, ip_1 | NIST-800-171-Revision-2: 3_1_1, 3_1_2, 3_1_3, 3_3_8, 3_4_6, 3_13_2, 3_13_5 | PCI-4.0: 1.2.8.33, 1.2.8.34, 1.3.1.37, 1.3.1.38, 1.3.2.37, 1.3.2.38, 1.4.2.35, 1.4.2.36, 1.5.1.33, 1.5.1.34, 10.3.2.21, 10.3.2.23, 10.3.3.23, 10.3.4.8, 3.5.1.3.26, 3.5.1.3.28, A1.1.2.17, A1.1.2.19, A1.1.3.33, A1.1.3.34, A1.2.1.31, A3.4.1.19, A3.4.1.21 | NIST-800-53-Revision-4: ac_3, ac_4, ac_6, ac_21, sc_7_3, sc_7 | NIST-800-53-Revision-5: ac_2_6, ac_3, ac_3_7, ac_4_21, ac_6, ac_17_b, ac_17_1, ac_17_4_a, ac_17_9, ac_17_10, cm_6_a, cm_9_b, mp_2, sc_7_2, sc_7_3, sc_7_7, sc_7_9_a, sc_7_11, sc_7_12, sc_7_16, sc_7_20, sc_7_21, sc_7_24_b, sc_7_25, sc_7_26, sc_7_27, sc_7_28, sc_7_a, sc_7_b, sc_7_c, sc_25 | AWS-Account-Security-Onboarding: S3 Block Public Access | ENS-RD2022: op.exp.8.r4.aws.ct.2 | AWS-Foundational-Technical-Review: S3-001 | NIST-CSF-1.1: ac_3, ac_5, ds_5, ip_8, pt_3 | AWS-Audit-Manager-Control-Tower-Guardrails: 4.1.1 | CCC-v2025.10: CCC.Core.CN05.AR01, CCC.Core.CN05.AR04, CCC.Core.CN05.AR05, CCC.AuditLog.CN10.AR01, CCC.AuditLog.CN10.AR02, CCC.Logging.CN05.AR01, CCC.Logging.CN05.AR02 | SecNumCloud-3.2: 9.7 | RBI-Cyber-Security-Framework: annex_i_1_3 | FFIEC: d3-pc-im-b-1 | ISO27001-2022: A.8.1 | AWS-AI-Security-Framework-1.0: AISF-DATA-04 | FedRamp-Moderate-Revision-4: ac-3, ac-4, ac-6, ac-17-1, ac-21-b, cm-2, sc-4, sc-7-3, sc-7 | FedRAMP-Low-Revision-4: ac-3, ac-17, cm-2, sc-7;internet-exposed;;;;5.40.0;https://docs.aws.amazon.com/id_id/kitchensink/latest/testguide/access-control-block-public-access.html | https://docs.aws.amazon.com/AmazonS3/latest/userguide/access-control-block-public-access.html;;
profile: None;2026-09-01 14:23:41.589109;128529977749;;;;;;prowler-aws-s3_bucket_public_list_acl-128529977749-eu-north-1-ce-capstone-artifacts-20260901081024819300000002;aws;s3_bucket_public_list_acl;S3 bucket is not publicly listable by Everyone or any authenticated AWS user;Software and Configuration Checks/AWS Security Best Practices/Network Reachability | Software and Configuration Checks/Industry and Regulatory Standards/AWS Foundational Security Best Practices | Effects/Data Exposure | TTPs/Initial Access/Unauthorized Access;PASS;S3 Bucket ce-capstone-artifacts-20260901081024819300000002 is not publicly listable.;False;s3;;critical;AwsS3Bucket;arn:aws:s3:::ce-capstone-artifacts-20260901081024819300000002;ce-capstone-artifacts-20260901081024819300000002;;Project=ce-capstone | Environment=prod | Owner=OWNER | ManagedBy=terraform;aws;eu-north-1;**Amazon S3 buckets** are evaluated for **public listing via ACLs**. Grants of `READ`, `READ_ACP`, or `FULL_CONTROL` to the `AllUsers` or `AuthenticatedUsers` groups are identified. Effective **Block Public Access** at account or bucket level (notably `IgnorePublicAcls` and `RestrictPublicBuckets`) is considered in the evaluation.;**Public listability** reveals object names, counts, and structure, enabling reconnaissance and targeted scraping. `READ_ACP` exposes permission details for further abuse. With `FULL_CONTROL`, attackers could alter ACLs and disrupt access, undermining **confidentiality** and risking **integrity** and **availability**.;;"Enable account-level **S3 Block Public Access** (`BlockPublicAcls`, `IgnorePublicAcls`, `BlockPublicPolicy`, `RestrictPublicBuckets`).
- Remove ACL grants to `AllUsers`/`AuthenticatedUsers`; apply **least privilege** with IAM/bucket policies.
- Favor private patterns (VPC endpoints, CloudFront OAC, presigned URLs) and disable ACLs via Object Ownership.";https://hub.prowler.com/check/s3_bucket_public_list_acl;"```yaml
# CloudFormation: Block public listing via bucket-level Public Access Block
Resources:
  ExamplePublicAccessBlock:
    Type: AWS::S3::BucketPublicAccessBlock
    Properties:
      Bucket: ""<example_resource_name>""
      PublicAccessBlockConfiguration:
        IgnorePublicAcls: true        # Critical: ignore any public ACLs so they don't grant list access
        RestrictPublicBuckets: true   # Critical: restrict buckets with public policies to trusted principals
```";"```hcl
# Block public listing by enabling bucket-level Public Access Block
resource ""aws_s3_bucket_public_access_block"" ""<example_resource_name>"" {
  bucket                 = ""<example_resource_id>""
  ignore_public_acls     = true  # Critical: ignore any public ACLs
  restrict_public_buckets = true # Critical: restrict buckets with public policies
}
```";aws s3api put-public-access-block --bucket <bucket_name> --public-access-block-configuration IgnorePublicAcls=true,RestrictPublicBuckets=true;"1. In the AWS Console, go to S3 and open the bucket
2. Select the Permissions tab
3. Click Edit under Block public access (bucket settings)
4. Enable:
   - Ignore public ACLs (bucket and objects)
   - Restrict public buckets
5. Click Save";KISA-ISMS-P-2023: 2.5.6, 2.6.2, 2.10.2 | C5-2025: PS-03.02B | KISA-ISMS-P-2023-korean: 2.5.6, 2.6.2, 2.10.2 | NIST-CSF-2.0: ds_5 | AWS-Foundational-Technical-Review: S3-001 | AWS-Audit-Manager-Control-Tower-Guardrails: 4.1.1 | CCC-v2025.10: CCC.Core.CN05.AR01, CCC.AuditLog.CN10.AR01, CCC.AuditLog.CN10.AR02, CCC.Logging.CN05.AR01, CCC.Logging.CN05.AR02 | ProwlerThreatScore-1.0: 2.2.16;internet-exposed;;;;5.40.0;https://docs.aws.amazon.com/AmazonS3/latest/userguide/access-control-block-public-access.html | https://www.trendmicro.com/trendaivisiononecloudriskmanagement-staging/knowledge-base/aws/S3/s3-bucket-public-read-access.html;;
profile: None;2026-09-01 14:23:41.589109;128529977749;;;;;;prowler-aws-s3_bucket_public_list_acl-128529977749-eu-north-1-ce-capstone-config-128529977749;aws;s3_bucket_public_list_acl;S3 bucket is not publicly listable by Everyone or any authenticated AWS user;Software and Configuration Checks/AWS Security Best Practices/Network Reachability | Software and Configuration Checks/Industry and Regulatory Standards/AWS Foundational Security Best Practices | Effects/Data Exposure | TTPs/Initial Access/Unauthorized Access;PASS;S3 Bucket ce-capstone-config-128529977749 is not publicly listable.;False;s3;;critical;AwsS3Bucket;arn:aws:s3:::ce-capstone-config-128529977749;ce-capstone-config-128529977749;;Project=ce-capstone | Environment=prod | Owner=OWNER | ManagedBy=terraform;aws;eu-north-1;**Amazon S3 buckets** are evaluated for **public listing via ACLs**. Grants of `READ`, `READ_ACP`, or `FULL_CONTROL` to the `AllUsers` or `AuthenticatedUsers` groups are identified. Effective **Block Public Access** at account or bucket level (notably `IgnorePublicAcls` and `RestrictPublicBuckets`) is considered in the evaluation.;**Public listability** reveals object names, counts, and structure, enabling reconnaissance and targeted scraping. `READ_ACP` exposes permission details for further abuse. With `FULL_CONTROL`, attackers could alter ACLs and disrupt access, undermining **confidentiality** and risking **integrity** and **availability**.;;"Enable account-level **S3 Block Public Access** (`BlockPublicAcls`, `IgnorePublicAcls`, `BlockPublicPolicy`, `RestrictPublicBuckets`).
- Remove ACL grants to `AllUsers`/`AuthenticatedUsers`; apply **least privilege** with IAM/bucket policies.
- Favor private patterns (VPC endpoints, CloudFront OAC, presigned URLs) and disable ACLs via Object Ownership.";https://hub.prowler.com/check/s3_bucket_public_list_acl;"```yaml
# CloudFormation: Block public listing via bucket-level Public Access Block
Resources:
  ExamplePublicAccessBlock:
    Type: AWS::S3::BucketPublicAccessBlock
    Properties:
      Bucket: ""<example_resource_name>""
      PublicAccessBlockConfiguration:
        IgnorePublicAcls: true        # Critical: ignore any public ACLs so they don't grant list access
        RestrictPublicBuckets: true   # Critical: restrict buckets with public policies to trusted principals
```";"```hcl
# Block public listing by enabling bucket-level Public Access Block
resource ""aws_s3_bucket_public_access_block"" ""<example_resource_name>"" {
  bucket                 = ""<example_resource_id>""
  ignore_public_acls     = true  # Critical: ignore any public ACLs
  restrict_public_buckets = true # Critical: restrict buckets with public policies
}
```";aws s3api put-public-access-block --bucket <bucket_name> --public-access-block-configuration IgnorePublicAcls=true,RestrictPublicBuckets=true;"1. In the AWS Console, go to S3 and open the bucket
2. Select the Permissions tab
3. Click Edit under Block public access (bucket settings)
4. Enable:
   - Ignore public ACLs (bucket and objects)
   - Restrict public buckets
5. Click Save";KISA-ISMS-P-2023: 2.5.6, 2.6.2, 2.10.2 | C5-2025: PS-03.02B | KISA-ISMS-P-2023-korean: 2.5.6, 2.6.2, 2.10.2 | NIST-CSF-2.0: ds_5 | AWS-Foundational-Technical-Review: S3-001 | AWS-Audit-Manager-Control-Tower-Guardrails: 4.1.1 | CCC-v2025.10: CCC.Core.CN05.AR01, CCC.AuditLog.CN10.AR01, CCC.AuditLog.CN10.AR02, CCC.Logging.CN05.AR01, CCC.Logging.CN05.AR02 | ProwlerThreatScore-1.0: 2.2.16;internet-exposed;;;;5.40.0;https://docs.aws.amazon.com/AmazonS3/latest/userguide/access-control-block-public-access.html | https://www.trendmicro.com/trendaivisiononecloudriskmanagement-staging/knowledge-base/aws/S3/s3-bucket-public-read-access.html;;
profile: None;2026-09-01 14:23:41.589109;128529977749;;;;;;prowler-aws-s3_bucket_public_write_acl-128529977749-eu-north-1-ce-capstone-artifacts-20260901081024819300000002;aws;s3_bucket_public_write_acl;S3 bucket ACL does not grant write access to Everyone or any AWS customer;Software and Configuration Checks/AWS Security Best Practices | Software and Configuration Checks/Industry and Regulatory Standards/AWS Foundational Security Best Practices | Software and Configuration Checks/Industry and Regulatory Standards/CIS AWS Foundations Benchmark | TTPs/Initial Access/Unauthorized Access | Effects/Data Destruction;PASS;S3 Bucket ce-capstone-artifacts-20260901081024819300000002 is not publicly writable.;False;s3;;critical;AwsS3Bucket;arn:aws:s3:::ce-capstone-artifacts-20260901081024819300000002;ce-capstone-artifacts-20260901081024819300000002;;Project=ce-capstone | Environment=prod | Owner=OWNER | ManagedBy=terraform;aws;eu-north-1;**Amazon S3 buckets** are assessed for ACL grants that allow **public write** access to `AllUsers` or `AuthenticatedUsers` via `WRITE`, `WRITE_ACP`, or `FULL_CONTROL`. Effective **Block Public Access** at account or bucket level (`ignore_public_acls`, `restrict_public_buckets`) is considered.;Public or cross-account writes enable object tampering, **log poisoning**, and ACL changes via `WRITE_ACP`, undermining **integrity** and causing covert **data exposure**. Attackers can plant malware, deface content, and inflate **costs**, impacting **availability** through overwrites or prefix flooding.;;Apply **least privilege** to S3 writes. Enable account-level **Block Public Access** and use **Object Ownership** to disable ACLs. Grant write only to fixed principals via bucket policies with tight conditions (e.g., org IDs, VPC endpoints). Add **versioning** and monitoring for defense-in-depth.;https://hub.prowler.com/check/s3_bucket_public_write_acl;"```yaml
# CloudFormation: ensure bucket is not publicly writable via ACLs
Resources:
  <example_resource_name>:
    Type: AWS::S3::Bucket
    Properties:
      PublicAccessBlockConfiguration:
        IgnorePublicAcls: true       # Critical: ignores any public ACLs (e.g., AllUsers/AuthenticatedUsers) so write grants don't apply
        RestrictPublicBuckets: true  # Critical: restricts public buckets to the account, preventing public writes via policies
```";"```hcl
# Ensure the bucket is not publicly writable via ACLs
resource ""aws_s3_bucket_public_access_block"" ""<example_resource_name>"" {
  bucket                  = ""<example_resource_name>""
  ignore_public_acls      = true  # Critical: disables effect of public ACLs (e.g., AllUsers/AuthenticatedUsers)
  restrict_public_buckets = true  # Critical: restricts public buckets to the account to prevent public writes
}
```";aws s3api put-bucket-acl --bucket <bucket_name> --acl private;"1. In the AWS Console, go to S3 > Buckets and open <bucket_name>
2. Go to the Permissions tab > Access control list (ACL) > Edit
3. Remove any grantee ""Everyone (public access)"" or ""Any AWS account"" with Write, Write ACL, or Full control
4. Ensure only the bucket owner retains Full control
5. Click Save changes";AWS-Foundational-Security-Best-Practices: S3.3 | KISA-ISMS-P-2023: 2.5.6, 2.6.2, 2.10.2 | C5-2025: PS-03.02B | KISA-ISMS-P-2023-korean: 2.5.6, 2.6.2, 2.10.2 | NIST-CSF-2.0: ra_1, ds_5 | PCI-4.0: 1.2.8.35, 1.3.1.39, 1.3.2.39, 1.4.2.37, 1.5.1.35, 10.3.2.24, 3.5.1.3.29, A1.1.2.20, A1.1.3.35, A3.4.1.22 | AWS-Foundational-Technical-Review: S3-001 | CCC-v2025.10: CCC.Core.CN05.AR01, CCC.AuditLog.CN10.AR01, CCC.AuditLog.CN10.AR02, CCC.Logging.CN05.AR01, CCC.Logging.CN05.AR02 | PCI-3.2.1: 1.2, 1.2.1, 1.2.1.a, 1.2.1.b, 1.2.1.c, 1.3, 1.3.1, 1.3.2, 1.3.4, 1.3.6, 7.2, 7.2.1 | ProwlerThreatScore-1.0: 2.2.17;internet-exposed;;;;5.40.0;https://docs.aws.amazon.com/AmazonS3/latest/userguide/access-control-block-public-access.html | https://www.trendmicro.com/trendaivisiononecloudriskmanagement-staging/knowledge-base/aws/S3/s3-bucket-public-write-access.html;;
profile: None;2026-09-01 14:23:41.589109;128529977749;;;;;;prowler-aws-s3_bucket_public_write_acl-128529977749-eu-north-1-ce-capstone-config-128529977749;aws;s3_bucket_public_write_acl;S3 bucket ACL does not grant write access to Everyone or any AWS customer;Software and Configuration Checks/AWS Security Best Practices | Software and Configuration Checks/Industry and Regulatory Standards/AWS Foundational Security Best Practices | Software and Configuration Checks/Industry and Regulatory Standards/CIS AWS Foundations Benchmark | TTPs/Initial Access/Unauthorized Access | Effects/Data Destruction;PASS;S3 Bucket ce-capstone-config-128529977749 is not publicly writable.;False;s3;;critical;AwsS3Bucket;arn:aws:s3:::ce-capstone-config-128529977749;ce-capstone-config-128529977749;;Project=ce-capstone | Environment=prod | Owner=OWNER | ManagedBy=terraform;aws;eu-north-1;**Amazon S3 buckets** are assessed for ACL grants that allow **public write** access to `AllUsers` or `AuthenticatedUsers` via `WRITE`, `WRITE_ACP`, or `FULL_CONTROL`. Effective **Block Public Access** at account or bucket level (`ignore_public_acls`, `restrict_public_buckets`) is considered.;Public or cross-account writes enable object tampering, **log poisoning**, and ACL changes via `WRITE_ACP`, undermining **integrity** and causing covert **data exposure**. Attackers can plant malware, deface content, and inflate **costs**, impacting **availability** through overwrites or prefix flooding.;;Apply **least privilege** to S3 writes. Enable account-level **Block Public Access** and use **Object Ownership** to disable ACLs. Grant write only to fixed principals via bucket policies with tight conditions (e.g., org IDs, VPC endpoints). Add **versioning** and monitoring for defense-in-depth.;https://hub.prowler.com/check/s3_bucket_public_write_acl;"```yaml
# CloudFormation: ensure bucket is not publicly writable via ACLs
Resources:
  <example_resource_name>:
    Type: AWS::S3::Bucket
    Properties:
      PublicAccessBlockConfiguration:
        IgnorePublicAcls: true       # Critical: ignores any public ACLs (e.g., AllUsers/AuthenticatedUsers) so write grants don't apply
        RestrictPublicBuckets: true  # Critical: restricts public buckets to the account, preventing public writes via policies
```";"```hcl
# Ensure the bucket is not publicly writable via ACLs
resource ""aws_s3_bucket_public_access_block"" ""<example_resource_name>"" {
  bucket                  = ""<example_resource_name>""
  ignore_public_acls      = true  # Critical: disables effect of public ACLs (e.g., AllUsers/AuthenticatedUsers)
  restrict_public_buckets = true  # Critical: restricts public buckets to the account to prevent public writes
}
```";aws s3api put-bucket-acl --bucket <bucket_name> --acl private;"1. In the AWS Console, go to S3 > Buckets and open <bucket_name>
2. Go to the Permissions tab > Access control list (ACL) > Edit
3. Remove any grantee ""Everyone (public access)"" or ""Any AWS account"" with Write, Write ACL, or Full control
4. Ensure only the bucket owner retains Full control
5. Click Save changes";AWS-Foundational-Security-Best-Practices: S3.3 | KISA-ISMS-P-2023: 2.5.6, 2.6.2, 2.10.2 | C5-2025: PS-03.02B | KISA-ISMS-P-2023-korean: 2.5.6, 2.6.2, 2.10.2 | NIST-CSF-2.0: ra_1, ds_5 | PCI-4.0: 1.2.8.35, 1.3.1.39, 1.3.2.39, 1.4.2.37, 1.5.1.35, 10.3.2.24, 3.5.1.3.29, A1.1.2.20, A1.1.3.35, A3.4.1.22 | AWS-Foundational-Technical-Review: S3-001 | CCC-v2025.10: CCC.Core.CN05.AR01, CCC.AuditLog.CN10.AR01, CCC.AuditLog.CN10.AR02, CCC.Logging.CN05.AR01, CCC.Logging.CN05.AR02 | PCI-3.2.1: 1.2, 1.2.1, 1.2.1.a, 1.2.1.b, 1.2.1.c, 1.3, 1.3.1, 1.3.2, 1.3.4, 1.3.6, 7.2, 7.2.1 | ProwlerThreatScore-1.0: 2.2.17;internet-exposed;;;;5.40.0;https://docs.aws.amazon.com/AmazonS3/latest/userguide/access-control-block-public-access.html | https://www.trendmicro.com/trendaivisiononecloudriskmanagement-staging/knowledge-base/aws/S3/s3-bucket-public-write-access.html;;
profile: None;2026-09-01 14:23:41.589109;128529977749;;;;;;prowler-aws-s3_bucket_secure_transport_policy-128529977749-eu-north-1-ce-capstone-artifacts-20260901081024819300000002;aws;s3_bucket_secure_transport_policy;S3 bucket policy denies requests over insecure transport;Software and Configuration Checks/AWS Security Best Practices/Network Reachability | Software and Configuration Checks/Industry and Regulatory Standards/AWS Foundational Security Best Practices | Software and Configuration Checks/Industry and Regulatory Standards/CIS AWS Foundations Benchmark;FAIL;S3 Bucket ce-capstone-artifacts-20260901081024819300000002 does not have a bucket policy, thus it allows HTTP requests.;False;s3;;medium;AwsS3Bucket;arn:aws:s3:::ce-capstone-artifacts-20260901081024819300000002;ce-capstone-artifacts-20260901081024819300000002;;Project=ce-capstone | Environment=prod | Owner=OWNER | ManagedBy=terraform;aws;eu-north-1;"**Amazon S3 buckets** are evaluated for a bucket policy that enforces **secure transport** by denying requests when `aws:SecureTransport` is `false`.

Buckets without this explicit denial, or without a policy, are treated as allowing access over insecure transport.";HTTP access exposes object data and auth details to **eavesdropping** and **man-in-the-middle** attacks. Captured **pre-signed URLs** can be replayed to exfiltrate data. Traffic can be intercepted or altered, undermining **confidentiality** and **integrity** of S3 content.;;"Enforce **HTTPS-only** access with a bucket policy that denies requests when `aws:SecureTransport=false`.

Prefer **private access** (VPC endpoints or CloudFront with TLS), avoid S3 website endpoints, apply **least privilege**, use short-lived HTTPS **pre-signed URLs**, and monitor logs for insecure access attempts.";https://hub.prowler.com/check/s3_bucket_secure_transport_policy;"```yaml
# CloudFormation: Deny non-SSL (HTTP) requests to the S3 bucket
Resources:
  BucketPolicy:
    Type: AWS::S3::BucketPolicy
    Properties:
      Bucket: <example_resource_name>
      PolicyDocument:
        Version: '2012-10-17'
        Statement:
          - Effect: Deny
            Principal: ""*""
            Action: s3:*
            Resource: arn:aws:s3:::<example_resource_name>/*
            Condition:
              Bool:
                aws:SecureTransport: ""false""  # Critical: deny requests not using SSL/TLS
```";"```hcl
# Deny non-SSL (HTTP) requests to the S3 bucket
resource ""aws_s3_bucket_policy"" ""policy"" {
  bucket = ""<example_resource_name>""
  policy = jsonencode({
    Version   = ""2012-10-17""
    Statement = [{
      Effect    = ""Deny""
      Principal = ""*""
      Action    = ""s3:*""
      Resource  = ""arn:aws:s3:::<example_resource_name>/*""
      Condition = {
        Bool = {
          ""aws:SecureTransport"" = ""false"" # Critical: deny requests not using SSL/TLS
        }
      }
    }]
  })
}
```";"aws s3api put-bucket-policy --bucket <example_resource_name> --policy '{""Version"":""2012-10-17"",""Statement"":[{""Effect"":""Deny"",""Principal"":""*"",""Action"":""s3:*"",""Resource"":""arn:aws:s3:::<example_resource_name>/*"",""Condition"":{""Bool"":{""aws:SecureTransport"":""false""}}}]}'";"1. In the AWS Console, go to S3 and open the bucket <example_resource_name>
2. Select the Permissions tab and click Edit in Bucket policy
3. Paste this policy, replacing the bucket name:
   ```
   {
     ""Version"": ""2012-10-17"",
     ""Statement"": [
       {
         ""Effect"": ""Deny"",
         ""Principal"": ""*"",
         ""Action"": ""s3:*"",
         ""Resource"": ""arn:aws:s3:::<example_resource_name>/*"",
         ""Condition"": { ""Bool"": { ""aws:SecureTransport"": ""false"" } }
       }
     ]
   }
   ```
4. Click Save changes
";CISA: your-systems-3, your-data-2 | CIS-7.0: 3.1.1 | CIS-1.4: 2.1.2 | CIS-1.5: 2.1.2 | MITRE-ATTACK: T1040 | GDPR: article_32 | AWS-Foundational-Security-Best-Practices: S3.5 | KISA-ISMS-P-2023: 2.7.1, 2.10.2 | HIPAA: 164_308_a_1_ii_b, 164_312_a_2_iv, 164_312_c_1, 164_312_c_2, 164_312_e_1, 164_312_e_2_i, 164_312_e_2_ii | CIS-2.0: 2.1.1 | KISA-ISMS-P-2023-korean: 2.7.1, 2.10.2 | GxP-21-CFR-Part-11: 11.10-c, 11.30 | AWS-Well-Architected-Framework-Security-Pillar: SEC09-BP02 | NIST-CSF-2.0: ds_2, pt_4 | CIS-5.0: 2.1.1 | NIST-800-171-Revision-2: 3_1_13, 3_5_10, 3_13_1, 3_13_5, 3_13_8, 3_13_11, 3_13_16 | PCI-4.0: 1.2.5.15, 2.2.5.15, 2.2.7.19, 4.2.1.1.27, 4.2.1.19, 8.3.2.49 | NIST-800-53-Revision-4: ac_17_2, sc_7, sc_8_1, sc_8 | NIST-800-53-Revision-5: ac_4, ac_4_22, ac_17_2, ac_24_1, au_9_3, ca_9_b, cm_6_a, cm_9_b, ia_5_1_c, pm_11_b, pm_17_b, sc_7_4_b, sc_7_4_g, sc_7_5, sc_8, sc_8_1, sc_8_2, sc_8_3, sc_8_4, sc_8_5, sc_13_a, sc_16_1, sc_23, si_1_a_2 | CIS-3.0: 2.1.1 | ENS-RD2022: mp.com.1.aws.s3.1, mp.com.3.aws.s3.1 | CIS-6.0: 3.1.1 | AWS-Foundational-Technical-Review: S3-001 | NIST-CSF-1.1: ds_2 | CCC-v2025.10: CCC.Core.CN01.AR01, CCC.Core.CN01.AR03 | SecNumCloud-3.2: 10.2 | RBI-Cyber-Security-Framework: annex_i_1_3 | FFIEC: d3-pc-am-b-12, d3-pc-am-b-13, d3-pc-am-b-15 | ProwlerThreatScore-1.0: 4.1.1 | AWS-AI-Security-Framework-1.0: AISF-INFRA-06, AISF-DATA-04 | FedRamp-Moderate-Revision-4: ac-17-2, sc-7, sc-8-1, sc-8, sc-23 | FedRAMP-Low-Revision-4: ac-17, sc-7 | CIS-4.0.1: 2.1.1 | FedRAMP-20x-KSI-Low-25.05C: ksi-svc;encryption;;;;5.40.0;https://www.trendmicro.com/trendaivisiononecloudriskmanagement/knowledge-base/aws/S3/secure-transport.html | https://aws.amazon.com/premiumsupport/knowledge-center/s3-bucket-policy-for-config-rule/;;
profile: None;2026-09-01 14:23:41.589109;128529977749;;;;;;prowler-aws-s3_bucket_secure_transport_policy-128529977749-eu-north-1-ce-capstone-config-128529977749;aws;s3_bucket_secure_transport_policy;S3 bucket policy denies requests over insecure transport;Software and Configuration Checks/AWS Security Best Practices/Network Reachability | Software and Configuration Checks/Industry and Regulatory Standards/AWS Foundational Security Best Practices | Software and Configuration Checks/Industry and Regulatory Standards/CIS AWS Foundations Benchmark;FAIL;S3 Bucket ce-capstone-config-128529977749 allows requests over insecure transport in the bucket policy.;False;s3;;medium;AwsS3Bucket;arn:aws:s3:::ce-capstone-config-128529977749;ce-capstone-config-128529977749;;Project=ce-capstone | Environment=prod | Owner=OWNER | ManagedBy=terraform;aws;eu-north-1;"**Amazon S3 buckets** are evaluated for a bucket policy that enforces **secure transport** by denying requests when `aws:SecureTransport` is `false`.

Buckets without this explicit denial, or without a policy, are treated as allowing access over insecure transport.";HTTP access exposes object data and auth details to **eavesdropping** and **man-in-the-middle** attacks. Captured **pre-signed URLs** can be replayed to exfiltrate data. Traffic can be intercepted or altered, undermining **confidentiality** and **integrity** of S3 content.;;"Enforce **HTTPS-only** access with a bucket policy that denies requests when `aws:SecureTransport=false`.

Prefer **private access** (VPC endpoints or CloudFront with TLS), avoid S3 website endpoints, apply **least privilege**, use short-lived HTTPS **pre-signed URLs**, and monitor logs for insecure access attempts.";https://hub.prowler.com/check/s3_bucket_secure_transport_policy;"```yaml
# CloudFormation: Deny non-SSL (HTTP) requests to the S3 bucket
Resources:
  BucketPolicy:
    Type: AWS::S3::BucketPolicy
    Properties:
      Bucket: <example_resource_name>
      PolicyDocument:
        Version: '2012-10-17'
        Statement:
          - Effect: Deny
            Principal: ""*""
            Action: s3:*
            Resource: arn:aws:s3:::<example_resource_name>/*
            Condition:
              Bool:
                aws:SecureTransport: ""false""  # Critical: deny requests not using SSL/TLS
```";"```hcl
# Deny non-SSL (HTTP) requests to the S3 bucket
resource ""aws_s3_bucket_policy"" ""policy"" {
  bucket = ""<example_resource_name>""
  policy = jsonencode({
    Version   = ""2012-10-17""
    Statement = [{
      Effect    = ""Deny""
      Principal = ""*""
      Action    = ""s3:*""
      Resource  = ""arn:aws:s3:::<example_resource_name>/*""
      Condition = {
        Bool = {
          ""aws:SecureTransport"" = ""false"" # Critical: deny requests not using SSL/TLS
        }
      }
    }]
  })
}
```";"aws s3api put-bucket-policy --bucket <example_resource_name> --policy '{""Version"":""2012-10-17"",""Statement"":[{""Effect"":""Deny"",""Principal"":""*"",""Action"":""s3:*"",""Resource"":""arn:aws:s3:::<example_resource_name>/*"",""Condition"":{""Bool"":{""aws:SecureTransport"":""false""}}}]}'";"1. In the AWS Console, go to S3 and open the bucket <example_resource_name>
2. Select the Permissions tab and click Edit in Bucket policy
3. Paste this policy, replacing the bucket name:
   ```
   {
     ""Version"": ""2012-10-17"",
     ""Statement"": [
       {
         ""Effect"": ""Deny"",
         ""Principal"": ""*"",
         ""Action"": ""s3:*"",
         ""Resource"": ""arn:aws:s3:::<example_resource_name>/*"",
         ""Condition"": { ""Bool"": { ""aws:SecureTransport"": ""false"" } }
       }
     ]
   }
   ```
4. Click Save changes
";CISA: your-systems-3, your-data-2 | CIS-7.0: 3.1.1 | CIS-1.4: 2.1.2 | CIS-1.5: 2.1.2 | MITRE-ATTACK: T1040 | GDPR: article_32 | AWS-Foundational-Security-Best-Practices: S3.5 | KISA-ISMS-P-2023: 2.7.1, 2.10.2 | HIPAA: 164_308_a_1_ii_b, 164_312_a_2_iv, 164_312_c_1, 164_312_c_2, 164_312_e_1, 164_312_e_2_i, 164_312_e_2_ii | CIS-2.0: 2.1.1 | KISA-ISMS-P-2023-korean: 2.7.1, 2.10.2 | GxP-21-CFR-Part-11: 11.10-c, 11.30 | AWS-Well-Architected-Framework-Security-Pillar: SEC09-BP02 | NIST-CSF-2.0: ds_2, pt_4 | CIS-5.0: 2.1.1 | NIST-800-171-Revision-2: 3_1_13, 3_5_10, 3_13_1, 3_13_5, 3_13_8, 3_13_11, 3_13_16 | PCI-4.0: 1.2.5.15, 2.2.5.15, 2.2.7.19, 4.2.1.1.27, 4.2.1.19, 8.3.2.49 | NIST-800-53-Revision-4: ac_17_2, sc_7, sc_8_1, sc_8 | NIST-800-53-Revision-5: ac_4, ac_4_22, ac_17_2, ac_24_1, au_9_3, ca_9_b, cm_6_a, cm_9_b, ia_5_1_c, pm_11_b, pm_17_b, sc_7_4_b, sc_7_4_g, sc_7_5, sc_8, sc_8_1, sc_8_2, sc_8_3, sc_8_4, sc_8_5, sc_13_a, sc_16_1, sc_23, si_1_a_2 | CIS-3.0: 2.1.1 | ENS-RD2022: mp.com.1.aws.s3.1, mp.com.3.aws.s3.1 | CIS-6.0: 3.1.1 | AWS-Foundational-Technical-Review: S3-001 | NIST-CSF-1.1: ds_2 | CCC-v2025.10: CCC.Core.CN01.AR01, CCC.Core.CN01.AR03 | SecNumCloud-3.2: 10.2 | RBI-Cyber-Security-Framework: annex_i_1_3 | FFIEC: d3-pc-am-b-12, d3-pc-am-b-13, d3-pc-am-b-15 | ProwlerThreatScore-1.0: 4.1.1 | AWS-AI-Security-Framework-1.0: AISF-INFRA-06, AISF-DATA-04 | FedRamp-Moderate-Revision-4: ac-17-2, sc-7, sc-8-1, sc-8, sc-23 | FedRAMP-Low-Revision-4: ac-17, sc-7 | CIS-4.0.1: 2.1.1 | FedRAMP-20x-KSI-Low-25.05C: ksi-svc;encryption;;;;5.40.0;https://www.trendmicro.com/trendaivisiononecloudriskmanagement/knowledge-base/aws/S3/secure-transport.html | https://aws.amazon.com/premiumsupport/knowledge-center/s3-bucket-policy-for-config-rule/;;
profile: None;2026-09-01 14:23:41.589109;128529977749;;;;;;prowler-aws-s3_bucket_server_access_logging_enabled-128529977749-eu-north-1-ce-capstone-artifacts-20260901081024819300000002;aws;s3_bucket_server_access_logging_enabled;S3 bucket has server access logging enabled;Software and Configuration Checks/AWS Security Best Practices | Software and Configuration Checks/Industry and Regulatory Standards/AWS Foundational Security Best Practices | Software and Configuration Checks/Industry and Regulatory Standards/CIS AWS Foundations Benchmark;FAIL;S3 Bucket ce-capstone-artifacts-20260901081024819300000002 has server access logging disabled.;False;s3;;medium;AwsS3Bucket;arn:aws:s3:::ce-capstone-artifacts-20260901081024819300000002;ce-capstone-artifacts-20260901081024819300000002;;Project=ce-capstone | Environment=prod | Owner=OWNER | ManagedBy=terraform;aws;eu-north-1;**Amazon S3 buckets** are evaluated for **server access logging** configured to record access requests and deliver logs to a designated destination bucket.;Without access logs, object reads, writes, and deletions may go untracked, hindering detection of unauthorized access and data exfiltration. This degrades forensic visibility, delays incident response, and weakens evidence integrity, impacting confidentiality and integrity.;;Enable **server access logging** and send logs to a dedicated log bucket with least privilege, retention, and monitoring. Complement with **CloudTrail data events** for object-level visibility. Apply **defense in depth** by centralizing logs and protecting them from tampering.;https://hub.prowler.com/check/s3_bucket_server_access_logging_enabled;"```yaml
Resources:
  <example_resource_name>:
    Type: AWS::S3::Bucket
    Properties:
      LoggingConfiguration:
        DestinationBucketName: <example_resource_id>  # CRITICAL: Enables server access logging by sending logs to this bucket
```";"```hcl
resource ""aws_s3_bucket_logging"" ""<example_resource_name>"" {
  bucket        = ""<example_bucket_name>""
  target_bucket = ""<example_log_bucket_name>""  # CRITICAL: Enables server access logging by specifying the target bucket
}
```";"aws s3api put-bucket-logging --bucket <BUCKET_NAME> --bucket-logging-status '{""LoggingEnabled"":{""TargetBucket"":""<LOG_BUCKET>"",""TargetPrefix"":""logs/""}}'";"1. Open the AWS Management Console and go to S3
2. Select the bucket with the finding
3. Go to the Properties tab
4. In Server access logging, click Edit
5. Toggle Enable, choose the target log bucket, and Save";CISA: your-systems-3, your-data-2 | SOC2: cc_7_2, cc_7_3, cc_a_1_1 | AWS-Foundational-Security-Best-Practices: S3.9 | KISA-ISMS-P-2023: 2.9.4, 2.10.2 | C5-2025: AM-01.01AC, OPS-11.02AC, OPS-15.01B, OPS-15.02B, OPS-15.03B, OPS-15.01AC, OPS-26.05B, OPS-26.01AS, IAM-06.04B, IAM-07.04B, IAM-10.01B, SSO-05.01AC, PSS-04.05B | HIPAA: 164_308_a_1_ii_d, 164_308_a_3_ii_a, 164_308_a_6_ii, 164_312_b, 164_312_e_2_i | KISA-ISMS-P-2023-korean: 2.9.4, 2.10.2 | GxP-21-CFR-Part-11: 11.10-e, 11.10-k | AWS-Well-Architected-Framework-Security-Pillar: SEC04-BP01 | NIST-800-171-Revision-2: 3_1_12, 3_3_1, 3_3_2, 3_3_3, 3_6_1, 3_6_2, 3_13_1, 3_14_6, 3_14_7 | PCI-4.0: 10.2.1.1.30, 10.2.1.2.27, 10.2.1.3.27, 10.2.1.4.27, 10.2.1.5.27, 10.2.1.6.27, 10.2.1.7.27, 10.2.1.27, 10.2.2.27, 10.3.1.27, 10.6.3.34, 5.3.4.32, A1.2.1.32 | NIST-800-53-Revision-4: ac_2, au_2, au_3, au_12 | NIST-800-53-Revision-5: ac_2_4, ac_3_1, ac_3_10, ac_4_26, ac_6_9, au_2_b, au_3_a, au_3_b, au_3_c, au_3_d, au_3_e, au_3_f, au_6_3, au_6_4, au_6_6, au_6_9, au_8_b, au_10, au_12_a, au_12_c, au_12_1, au_12_2, au_12_3, au_12_4, au_14_a, au_14_b, au_14_3, ca_7_b, cm_5_1_b, cm_6_a, cm_9_b, ia_3_3_b, ma_4_1_a, pm_14_a_1, pm_14_b, pm_31, sc_7_9_b, si_1_1_c, si_3_8_b, si_4_2, si_4_17, si_4_20, si_7_8, si_10_1_c | AWS-Foundational-Technical-Review: S3-001 | NIST-CSF-1.1: ae_1, ae_3, ae_4, cm_1, cm_3, cm_6, cm_7, am_3, ac_6, ds_5, pt_1 | CCC-v2025.10: CCC.Core.CN04.AR03, CCC.AuditLog.CN04.AR01 | SecNumCloud-3.2: 12.6 | RBI-Cyber-Security-Framework: annex_i_7_4 | FFIEC: d2-ma-ma-b-1, d2-ma-ma-b-2, d3-dc-an-b-3, d3-dc-an-b-4, d5-dr-de-b-3 | PCI-3.2.1: 10.1, 10.2, 10.2.1, 10.2.2, 10.2.3, 10.2.4, 10.2.6, 10.2.7, 10.3, 10.3.1, 10.3.2, 10.3.3, 10.3.4, 10.3.5, 10.3.6, 10.5, 10.5.4 | ISO27001-2022: A.8.15 | AWS-AI-Security-Framework-1.0: AISF-DATA-04 | FedRamp-Moderate-Revision-4: ac-2-4, ac-2-g, au-2-a-d, au-3, au-6-1-3, au-12-a-c | FedRAMP-Low-Revision-4: ac-2, au-2 | NIS2: 1.1.1.h, 3.2.3.c, 11.2.2.f | FedRAMP-20x-KSI-Low-25.05C: ksi-mla;logging | forensics-ready;;;;5.40.0;https://docs.amazonaws.cn/en_us/config/latest/developerguide/s3-bucket-logging-enabled.html | https://docs.aws.amazon.com/AmazonS3/latest/dev/security-best-practices.html;;
profile: None;2026-09-01 14:23:41.589109;128529977749;;;;;;prowler-aws-s3_bucket_server_access_logging_enabled-128529977749-eu-north-1-ce-capstone-config-128529977749;aws;s3_bucket_server_access_logging_enabled;S3 bucket has server access logging enabled;Software and Configuration Checks/AWS Security Best Practices | Software and Configuration Checks/Industry and Regulatory Standards/AWS Foundational Security Best Practices | Software and Configuration Checks/Industry and Regulatory Standards/CIS AWS Foundations Benchmark;FAIL;S3 Bucket ce-capstone-config-128529977749 has server access logging disabled.;False;s3;;medium;AwsS3Bucket;arn:aws:s3:::ce-capstone-config-128529977749;ce-capstone-config-128529977749;;Project=ce-capstone | Environment=prod | Owner=OWNER | ManagedBy=terraform;aws;eu-north-1;**Amazon S3 buckets** are evaluated for **server access logging** configured to record access requests and deliver logs to a designated destination bucket.;Without access logs, object reads, writes, and deletions may go untracked, hindering detection of unauthorized access and data exfiltration. This degrades forensic visibility, delays incident response, and weakens evidence integrity, impacting confidentiality and integrity.;;Enable **server access logging** and send logs to a dedicated log bucket with least privilege, retention, and monitoring. Complement with **CloudTrail data events** for object-level visibility. Apply **defense in depth** by centralizing logs and protecting them from tampering.;https://hub.prowler.com/check/s3_bucket_server_access_logging_enabled;"```yaml
Resources:
  <example_resource_name>:
    Type: AWS::S3::Bucket
    Properties:
      LoggingConfiguration:
        DestinationBucketName: <example_resource_id>  # CRITICAL: Enables server access logging by sending logs to this bucket
```";"```hcl
resource ""aws_s3_bucket_logging"" ""<example_resource_name>"" {
  bucket        = ""<example_bucket_name>""
  target_bucket = ""<example_log_bucket_name>""  # CRITICAL: Enables server access logging by specifying the target bucket
}
```";"aws s3api put-bucket-logging --bucket <BUCKET_NAME> --bucket-logging-status '{""LoggingEnabled"":{""TargetBucket"":""<LOG_BUCKET>"",""TargetPrefix"":""logs/""}}'";"1. Open the AWS Management Console and go to S3
2. Select the bucket with the finding
3. Go to the Properties tab
4. In Server access logging, click Edit
5. Toggle Enable, choose the target log bucket, and Save";CISA: your-systems-3, your-data-2 | SOC2: cc_7_2, cc_7_3, cc_a_1_1 | AWS-Foundational-Security-Best-Practices: S3.9 | KISA-ISMS-P-2023: 2.9.4, 2.10.2 | C5-2025: AM-01.01AC, OPS-11.02AC, OPS-15.01B, OPS-15.02B, OPS-15.03B, OPS-15.01AC, OPS-26.05B, OPS-26.01AS, IAM-06.04B, IAM-07.04B, IAM-10.01B, SSO-05.01AC, PSS-04.05B | HIPAA: 164_308_a_1_ii_d, 164_308_a_3_ii_a, 164_308_a_6_ii, 164_312_b, 164_312_e_2_i | KISA-ISMS-P-2023-korean: 2.9.4, 2.10.2 | GxP-21-CFR-Part-11: 11.10-e, 11.10-k | AWS-Well-Architected-Framework-Security-Pillar: SEC04-BP01 | NIST-800-171-Revision-2: 3_1_12, 3_3_1, 3_3_2, 3_3_3, 3_6_1, 3_6_2, 3_13_1, 3_14_6, 3_14_7 | PCI-4.0: 10.2.1.1.30, 10.2.1.2.27, 10.2.1.3.27, 10.2.1.4.27, 10.2.1.5.27, 10.2.1.6.27, 10.2.1.7.27, 10.2.1.27, 10.2.2.27, 10.3.1.27, 10.6.3.34, 5.3.4.32, A1.2.1.32 | NIST-800-53-Revision-4: ac_2, au_2, au_3, au_12 | NIST-800-53-Revision-5: ac_2_4, ac_3_1, ac_3_10, ac_4_26, ac_6_9, au_2_b, au_3_a, au_3_b, au_3_c, au_3_d, au_3_e, au_3_f, au_6_3, au_6_4, au_6_6, au_6_9, au_8_b, au_10, au_12_a, au_12_c, au_12_1, au_12_2, au_12_3, au_12_4, au_14_a, au_14_b, au_14_3, ca_7_b, cm_5_1_b, cm_6_a, cm_9_b, ia_3_3_b, ma_4_1_a, pm_14_a_1, pm_14_b, pm_31, sc_7_9_b, si_1_1_c, si_3_8_b, si_4_2, si_4_17, si_4_20, si_7_8, si_10_1_c | AWS-Foundational-Technical-Review: S3-001 | NIST-CSF-1.1: ae_1, ae_3, ae_4, cm_1, cm_3, cm_6, cm_7, am_3, ac_6, ds_5, pt_1 | CCC-v2025.10: CCC.Core.CN04.AR03, CCC.AuditLog.CN04.AR01 | SecNumCloud-3.2: 12.6 | RBI-Cyber-Security-Framework: annex_i_7_4 | FFIEC: d2-ma-ma-b-1, d2-ma-ma-b-2, d3-dc-an-b-3, d3-dc-an-b-4, d5-dr-de-b-3 | PCI-3.2.1: 10.1, 10.2, 10.2.1, 10.2.2, 10.2.3, 10.2.4, 10.2.6, 10.2.7, 10.3, 10.3.1, 10.3.2, 10.3.3, 10.3.4, 10.3.5, 10.3.6, 10.5, 10.5.4 | ISO27001-2022: A.8.15 | AWS-AI-Security-Framework-1.0: AISF-DATA-04 | FedRamp-Moderate-Revision-4: ac-2-4, ac-2-g, au-2-a-d, au-3, au-6-1-3, au-12-a-c | FedRAMP-Low-Revision-4: ac-2, au-2 | NIS2: 1.1.1.h, 3.2.3.c, 11.2.2.f | FedRAMP-20x-KSI-Low-25.05C: ksi-mla;logging | forensics-ready;;;;5.40.0;https://docs.amazonaws.cn/en_us/config/latest/developerguide/s3-bucket-logging-enabled.html | https://docs.aws.amazon.com/AmazonS3/latest/dev/security-best-practices.html;;
